DEBUG - 2026-07-24 00:06:43 --> Session: Class initialized using 'CodeIgniter\Session\Handlers\DatabaseHandler' driver.
WARNING - 2026-07-24 00:06:43 --> PAC status unavailable while rendering fiscal document: RuntimeException
WARNING - 2026-07-24 00:06:43 --> Fiscal draft viewer requested a missing document id: 999999999.
WARNING - 2026-07-24 00:06:43 --> Fiscal draft not found.
WARNING - 2026-07-24 00:06:43 --> PAC status unavailable while rendering fiscal document: RuntimeException
WARNING - 2026-07-24 00:06:43 --> PAC status unavailable while rendering fiscal document: RuntimeException
WARNING - 2026-07-24 00:06:43 --> PAC status unavailable while rendering fiscal document: RuntimeException
WARNING - 2026-07-24 00:06:43 --> PAC status unavailable while rendering fiscal document: RuntimeException
WARNING - 2026-07-24 00:06:43 --> PAC status unavailable while rendering fiscal document: RuntimeException
WARNING - 2026-07-24 00:06:43 --> Fiscal draft viewer requested a missing document id: 51.
WARNING - 2026-07-24 00:06:43 --> Fiscal draft not found.
DEBUG - 2026-07-24 00:07:06 --> Session: Class initialized using 'CodeIgniter\Session\Handlers\DatabaseHandler' driver.
WARNING - 2026-07-24 00:07:07 --> PAC status unavailable while rendering fiscal document: RuntimeException
WARNING - 2026-07-24 00:07:07 --> Fiscal draft viewer requested a missing document id: 999999999.
WARNING - 2026-07-24 00:07:07 --> Fiscal draft not found.
WARNING - 2026-07-24 00:07:07 --> PAC status unavailable while rendering fiscal document: RuntimeException
WARNING - 2026-07-24 00:07:07 --> PAC status unavailable while rendering fiscal document: RuntimeException
WARNING - 2026-07-24 00:07:07 --> PAC status unavailable while rendering fiscal document: RuntimeException
WARNING - 2026-07-24 00:07:07 --> PAC status unavailable while rendering fiscal document: RuntimeException
WARNING - 2026-07-24 00:07:07 --> PAC status unavailable while rendering fiscal document: RuntimeException
WARNING - 2026-07-24 00:07:07 --> Fiscal draft viewer requested a missing document id: 51.
WARNING - 2026-07-24 00:07:07 --> Fiscal draft not found.
DEBUG - 2026-07-24 00:07:29 --> Session: Class initialized using 'CodeIgniter\Session\Handlers\DatabaseHandler' driver.
WARNING - 2026-07-24 00:07:29 --> PAC status unavailable while rendering fiscal document: RuntimeException
WARNING - 2026-07-24 00:07:29 --> Fiscal draft viewer requested a missing document id: 999999999.
WARNING - 2026-07-24 00:07:29 --> Fiscal draft not found.
WARNING - 2026-07-24 00:07:29 --> PAC status unavailable while rendering fiscal document: RuntimeException
WARNING - 2026-07-24 00:07:29 --> PAC status unavailable while rendering fiscal document: RuntimeException
WARNING - 2026-07-24 00:07:29 --> PAC status unavailable while rendering fiscal document: RuntimeException
WARNING - 2026-07-24 00:07:29 --> PAC status unavailable while rendering fiscal document: RuntimeException
WARNING - 2026-07-24 00:07:29 --> PAC status unavailable while rendering fiscal document: RuntimeException
WARNING - 2026-07-24 00:07:29 --> Fiscal draft viewer requested a missing document id: 51.
WARNING - 2026-07-24 00:07:29 --> Fiscal draft not found.
WARNING - 2026-07-24 00:07:29 --> Fiscal draft access denied.
DEBUG - 2026-07-24 00:08:41 --> Session: Class initialized using 'CodeIgniter\Session\Handlers\DatabaseHandler' driver.
WARNING - 2026-07-24 00:08:41 --> PAC status unavailable while rendering fiscal document: RuntimeException
WARNING - 2026-07-24 00:08:41 --> Fiscal draft viewer requested a missing document id: 999999999.
WARNING - 2026-07-24 00:08:41 --> Fiscal draft not found.
WARNING - 2026-07-24 00:08:41 --> PAC status unavailable while rendering fiscal document: RuntimeException
WARNING - 2026-07-24 00:08:41 --> PAC status unavailable while rendering fiscal document: RuntimeException
WARNING - 2026-07-24 00:08:41 --> PAC status unavailable while rendering fiscal document: RuntimeException
WARNING - 2026-07-24 00:08:41 --> PAC status unavailable while rendering fiscal document: RuntimeException
WARNING - 2026-07-24 00:08:41 --> PAC status unavailable while rendering fiscal document: RuntimeException
WARNING - 2026-07-24 00:08:41 --> Fiscal draft viewer requested a missing document id: 51.
WARNING - 2026-07-24 00:08:41 --> Fiscal draft not found.
WARNING - 2026-07-24 00:08:41 --> Fiscal draft access denied.
DEBUG - 2026-07-24 00:08:48 --> Session: Class initialized using 'CodeIgniter\Session\Handlers\DatabaseHandler' driver.
CRITICAL - 2026-07-24 00:08:57 --> RuntimeException: Los endpoints TimbradorXpress no pertenecen a la lista permitida.
[Method: GET, Route: /]
in APPPATH\Config\TimbradorXpress.php on line 30.
 1 FCPATH\tests\Increment09\database_integration.php(6): Config\TimbradorXpress->__construct()
CRITICAL - 2026-07-24 00:10:08 --> ErrorException: Uncaught CodeIgniter\Router\Exceptions\RouterException: The route for "fiscal_invoice_draft_view" cannot be found. in C:\xampp\htdocs\ikontrol2\ikon2.0\system\Helpers\url_helper.php:512
Stack trace:
#0 C:\xampp\htdocs\ikontrol2\ikon2.0\system\Helpers\url_helper.php(512): CodeIgniter\Router\Exceptions\RouterException::forInvalidRoute('fiscal_invoice_...')
#1 Command line code(1): url_to('fiscal_invoice_...', 3)
#2 {main}
  thrown
[Method: GET, Route: /]
in SYSTEMPATH\Helpers\url_helper.php on line 512.
 1 [internal function]: CodeIgniter\Debug\Exceptions->shutdownHandler()
DEBUG - 2026-07-24 00:10:31 --> Session: Class initialized using 'CodeIgniter\Session\Handlers\DatabaseHandler' driver.
WARNING - 2026-07-24 00:10:31 --> PAC status unavailable while rendering fiscal document: RuntimeException
WARNING - 2026-07-24 00:10:31 --> Fiscal draft viewer requested a missing document id: 999999999.
WARNING - 2026-07-24 00:10:31 --> Fiscal draft not found.
WARNING - 2026-07-24 00:10:31 --> PAC status unavailable while rendering fiscal document: RuntimeException
WARNING - 2026-07-24 00:10:31 --> PAC status unavailable while rendering fiscal document: RuntimeException
WARNING - 2026-07-24 00:10:31 --> PAC status unavailable while rendering fiscal document: RuntimeException
WARNING - 2026-07-24 00:10:31 --> PAC status unavailable while rendering fiscal document: RuntimeException
WARNING - 2026-07-24 00:10:31 --> PAC status unavailable while rendering fiscal document: RuntimeException
WARNING - 2026-07-24 00:10:31 --> Fiscal draft viewer requested a missing document id: 51.
WARNING - 2026-07-24 00:10:31 --> Fiscal draft not found.
WARNING - 2026-07-24 00:10:31 --> Fiscal draft access denied.
DEBUG - 2026-07-24 00:10:38 --> Session: Class initialized using 'CodeIgniter\Session\Handlers\DatabaseHandler' driver.
DEBUG - 2026-07-24 00:00:04 --> Session: Class initialized using 'CodeIgniter\Session\Handlers\DatabaseHandler' driver.
DEBUG - 2026-07-24 00:00:10 --> Session: Class initialized using 'CodeIgniter\Session\Handlers\DatabaseHandler' driver.
DEBUG - 2026-07-24 00:00:16 --> Session: Class initialized using 'CodeIgniter\Session\Handlers\DatabaseHandler' driver.
DEBUG - 2026-07-24 00:00:22 --> Session: Class initialized using 'CodeIgniter\Session\Handlers\DatabaseHandler' driver.
DEBUG - 2026-07-24 00:00:27 --> Session: Class initialized using 'CodeIgniter\Session\Handlers\DatabaseHandler' driver.
DEBUG - 2026-07-24 00:00:28 --> Session: Class initialized using 'CodeIgniter\Session\Handlers\DatabaseHandler' driver.
DEBUG - 2026-07-24 00:00:34 --> Session: Class initialized using 'CodeIgniter\Session\Handlers\DatabaseHandler' driver.
DEBUG - 2026-07-24 00:00:40 --> Session: Class initialized using 'CodeIgniter\Session\Handlers\DatabaseHandler' driver.
DEBUG - 2026-07-24 00:00:46 --> Session: Class initialized using 'CodeIgniter\Session\Handlers\DatabaseHandler' driver.
DEBUG - 2026-07-24 00:00:52 --> Session: Class initialized using 'CodeIgniter\Session\Handlers\DatabaseHandler' driver.
DEBUG - 2026-07-24 00:00:58 --> Session: Class initialized using 'CodeIgniter\Session\Handlers\DatabaseHandler' driver.
DEBUG - 2026-07-24 00:01:04 --> Session: Class initialized using 'CodeIgniter\Session\Handlers\DatabaseHandler' driver.
DEBUG - 2026-07-24 00:01:10 --> Session: Class initialized using 'CodeIgniter\Session\Handlers\DatabaseHandler' driver.
DEBUG - 2026-07-24 00:01:16 --> Session: Class initialized using 'CodeIgniter\Session\Handlers\DatabaseHandler' driver.
DEBUG - 2026-07-24 00:01:22 --> Session: Class initialized using 'CodeIgniter\Session\Handlers\DatabaseHandler' driver.
DEBUG - 2026-07-24 00:01:28 --> Session: Class initialized using 'CodeIgniter\Session\Handlers\DatabaseHandler' driver.
DEBUG - 2026-07-24 00:01:29 --> Session: Class initialized using 'CodeIgniter\Session\Handlers\DatabaseHandler' driver.
DEBUG - 2026-07-24 00:01:34 --> Session: Class initialized using 'CodeIgniter\Session\Handlers\DatabaseHandler' driver.
DEBUG - 2026-07-24 00:01:40 --> Session: Class initialized using 'CodeIgniter\Session\Handlers\DatabaseHandler' driver.
DEBUG - 2026-07-24 00:01:46 --> Session: Class initialized using 'CodeIgniter\Session\Handlers\DatabaseHandler' driver.
DEBUG - 2026-07-24 00:01:51 --> Session: Class initialized using 'CodeIgniter\Session\Handlers\DatabaseHandler' driver.
DEBUG - 2026-07-24 00:01:56 --> Session: Class initialized using 'CodeIgniter\Session\Handlers\DatabaseHandler' driver.
DEBUG - 2026-07-24 00:02:01 --> Session: Class initialized using 'CodeIgniter\Session\Handlers\DatabaseHandler' driver.
DEBUG - 2026-07-24 00:02:07 --> Session: Class initialized using 'CodeIgniter\Session\Handlers\DatabaseHandler' driver.
DEBUG - 2026-07-24 00:02:12 --> Session: Class initialized using 'CodeIgniter\Session\Handlers\DatabaseHandler' driver.
DEBUG - 2026-07-24 00:02:17 --> Session: Class initialized using 'CodeIgniter\Session\Handlers\DatabaseHandler' driver.
DEBUG - 2026-07-24 00:02:22 --> Session: Class initialized using 'CodeIgniter\Session\Handlers\DatabaseHandler' driver.
DEBUG - 2026-07-24 00:02:28 --> Session: Class initialized using 'CodeIgniter\Session\Handlers\DatabaseHandler' driver.
DEBUG - 2026-07-24 00:02:29 --> Session: Class initialized using 'CodeIgniter\Session\Handlers\DatabaseHandler' driver.
DEBUG - 2026-07-24 00:02:33 --> Session: Class initialized using 'CodeIgniter\Session\Handlers\DatabaseHandler' driver.
DEBUG - 2026-07-24 00:02:38 --> Session: Class initialized using 'CodeIgniter\Session\Handlers\DatabaseHandler' driver.
DEBUG - 2026-07-24 00:02:43 --> Session: Class initialized using 'CodeIgniter\Session\Handlers\DatabaseHandler' driver.
DEBUG - 2026-07-24 00:02:48 --> Session: Class initialized using 'CodeIgniter\Session\Handlers\DatabaseHandler' driver.
DEBUG - 2026-07-24 00:02:54 --> Session: Class initialized using 'CodeIgniter\Session\Handlers\DatabaseHandler' driver.
DEBUG - 2026-07-24 00:02:59 --> Session: Class initialized using 'CodeIgniter\Session\Handlers\DatabaseHandler' driver.
DEBUG - 2026-07-24 00:03:04 --> Session: Class initialized using 'CodeIgniter\Session\Handlers\DatabaseHandler' driver.
DEBUG - 2026-07-24 00:03:10 --> Session: Class initialized using 'CodeIgniter\Session\Handlers\DatabaseHandler' driver.
DEBUG - 2026-07-24 00:03:16 --> Session: Class initialized using 'CodeIgniter\Session\Handlers\DatabaseHandler' driver.
DEBUG - 2026-07-24 00:03:22 --> Session: Class initialized using 'CodeIgniter\Session\Handlers\DatabaseHandler' driver.
DEBUG - 2026-07-24 00:03:28 --> Session: Class initialized using 'CodeIgniter\Session\Handlers\DatabaseHandler' driver.
DEBUG - 2026-07-24 00:03:30 --> Session: Class initialized using 'CodeIgniter\Session\Handlers\DatabaseHandler' driver.
DEBUG - 2026-07-24 00:03:34 --> Session: Class initialized using 'CodeIgniter\Session\Handlers\DatabaseHandler' driver.
DEBUG - 2026-07-24 00:03:40 --> Session: Class initialized using 'CodeIgniter\Session\Handlers\DatabaseHandler' driver.
DEBUG - 2026-07-24 00:03:46 --> Session: Class initialized using 'CodeIgniter\Session\Handlers\DatabaseHandler' driver.
DEBUG - 2026-07-24 00:03:52 --> Session: Class initialized using 'CodeIgniter\Session\Handlers\DatabaseHandler' driver.
DEBUG - 2026-07-24 00:03:58 --> Session: Class initialized using 'CodeIgniter\Session\Handlers\DatabaseHandler' driver.
DEBUG - 2026-07-24 00:04:04 --> Session: Class initialized using 'CodeIgniter\Session\Handlers\DatabaseHandler' driver.
DEBUG - 2026-07-24 00:04:10 --> Session: Class initialized using 'CodeIgniter\Session\Handlers\DatabaseHandler' driver.
DEBUG - 2026-07-24 00:04:16 --> Session: Class initialized using 'CodeIgniter\Session\Handlers\DatabaseHandler' driver.
DEBUG - 2026-07-24 00:04:22 --> Session: Class initialized using 'CodeIgniter\Session\Handlers\DatabaseHandler' driver.
DEBUG - 2026-07-24 00:04:28 --> Session: Class initialized using 'CodeIgniter\Session\Handlers\DatabaseHandler' driver.
DEBUG - 2026-07-24 00:04:31 --> Session: Class initialized using 'CodeIgniter\Session\Handlers\DatabaseHandler' driver.
DEBUG - 2026-07-24 00:04:34 --> Session: Class initialized using 'CodeIgniter\Session\Handlers\DatabaseHandler' driver.
DEBUG - 2026-07-24 00:04:40 --> Session: Class initialized using 'CodeIgniter\Session\Handlers\DatabaseHandler' driver.
DEBUG - 2026-07-24 00:04:46 --> Session: Class initialized using 'CodeIgniter\Session\Handlers\DatabaseHandler' driver.
DEBUG - 2026-07-24 00:04:52 --> Session: Class initialized using 'CodeIgniter\Session\Handlers\DatabaseHandler' driver.
DEBUG - 2026-07-24 00:04:58 --> Session: Class initialized using 'CodeIgniter\Session\Handlers\DatabaseHandler' driver.
DEBUG - 2026-07-24 00:05:04 --> Session: Class initialized using 'CodeIgniter\Session\Handlers\DatabaseHandler' driver.
DEBUG - 2026-07-24 00:05:10 --> Session: Class initialized using 'CodeIgniter\Session\Handlers\DatabaseHandler' driver.
DEBUG - 2026-07-24 00:05:16 --> Session: Class initialized using 'CodeIgniter\Session\Handlers\DatabaseHandler' driver.
DEBUG - 2026-07-24 00:05:22 --> Session: Class initialized using 'CodeIgniter\Session\Handlers\DatabaseHandler' driver.
DEBUG - 2026-07-24 00:05:28 --> Session: Class initialized using 'CodeIgniter\Session\Handlers\DatabaseHandler' driver.
DEBUG - 2026-07-24 00:05:32 --> Session: Class initialized using 'CodeIgniter\Session\Handlers\DatabaseHandler' driver.
DEBUG - 2026-07-24 00:05:34 --> Session: Class initialized using 'CodeIgniter\Session\Handlers\DatabaseHandler' driver.
DEBUG - 2026-07-24 00:05:40 --> Session: Class initialized using 'CodeIgniter\Session\Handlers\DatabaseHandler' driver.
DEBUG - 2026-07-24 00:05:54 --> Session: Class initialized using 'CodeIgniter\Session\Handlers\DatabaseHandler' driver.
DEBUG - 2026-07-24 00:06:00 --> Session: Class initialized using 'CodeIgniter\Session\Handlers\DatabaseHandler' driver.
DEBUG - 2026-07-24 00:06:06 --> Session: Class initialized using 'CodeIgniter\Session\Handlers\DatabaseHandler' driver.
DEBUG - 2026-07-24 00:06:12 --> Session: Class initialized using 'CodeIgniter\Session\Handlers\DatabaseHandler' driver.
DEBUG - 2026-07-24 00:06:18 --> Session: Class initialized using 'CodeIgniter\Session\Handlers\DatabaseHandler' driver.
DEBUG - 2026-07-24 00:06:24 --> Session: Class initialized using 'CodeIgniter\Session\Handlers\DatabaseHandler' driver.
DEBUG - 2026-07-24 00:06:30 --> Session: Class initialized using 'CodeIgniter\Session\Handlers\DatabaseHandler' driver.
DEBUG - 2026-07-24 00:06:33 --> Session: Class initialized using 'CodeIgniter\Session\Handlers\DatabaseHandler' driver.
DEBUG - 2026-07-24 00:06:36 --> Session: Class initialized using 'CodeIgniter\Session\Handlers\DatabaseHandler' driver.
DEBUG - 2026-07-24 00:06:51 --> Session: Class initialized using 'CodeIgniter\Session\Handlers\DatabaseHandler' driver.
DEBUG - 2026-07-24 00:06:57 --> Session: Class initialized using 'CodeIgniter\Session\Handlers\DatabaseHandler' driver.
DEBUG - 2026-07-24 00:07:04 --> Session: Class initialized using 'CodeIgniter\Session\Handlers\DatabaseHandler' driver.
DEBUG - 2026-07-24 00:07:10 --> Session: Class initialized using 'CodeIgniter\Session\Handlers\DatabaseHandler' driver.
DEBUG - 2026-07-24 00:07:21 --> Session: Class initialized using 'CodeIgniter\Session\Handlers\DatabaseHandler' driver.
DEBUG - 2026-07-24 02:07:38 --> Session: Class initialized using 'CodeIgniter\Session\Handlers\DatabaseHandler' driver.
DEBUG - 2026-07-24 02:08:20 --> Session: Class initialized using 'CodeIgniter\Session\Handlers\DatabaseHandler' driver.
WARNING - 2026-07-24 02:08:20 --> PAC status unavailable while rendering fiscal document: RuntimeException
WARNING - 2026-07-24 02:08:20 --> Fiscal draft viewer requested a missing document id: 999999999.
WARNING - 2026-07-24 02:08:20 --> Fiscal draft not found.
WARNING - 2026-07-24 02:08:20 --> PAC status unavailable while rendering fiscal document: RuntimeException
WARNING - 2026-07-24 02:08:20 --> PAC status unavailable while rendering fiscal document: RuntimeException
WARNING - 2026-07-24 02:08:20 --> PAC status unavailable while rendering fiscal document: RuntimeException
WARNING - 2026-07-24 02:08:20 --> PAC status unavailable while rendering fiscal document: RuntimeException
WARNING - 2026-07-24 02:08:20 --> PAC status unavailable while rendering fiscal document: RuntimeException
WARNING - 2026-07-24 02:08:21 --> Fiscal draft viewer requested a missing document id: 52.
WARNING - 2026-07-24 02:08:21 --> Fiscal draft not found.
WARNING - 2026-07-24 02:08:21 --> Fiscal draft access denied.
DEBUG - 2026-07-24 02:10:03 --> Session: Class initialized using 'CodeIgniter\Session\Handlers\DatabaseHandler' driver.
DEBUG - 2026-07-24 00:10:48 --> Session: Class initialized using 'CodeIgniter\Session\Handlers\DatabaseHandler' driver.
DEBUG - 2026-07-24 00:10:51 --> Session: Class initialized using 'CodeIgniter\Session\Handlers\DatabaseHandler' driver.
DEBUG - 2026-07-24 00:10:54 --> Session: Class initialized using 'CodeIgniter\Session\Handlers\DatabaseHandler' driver.
DEBUG - 2026-07-24 00:10:59 --> Session: Class initialized using 'CodeIgniter\Session\Handlers\DatabaseHandler' driver.
DEBUG - 2026-07-24 00:10:59 --> Session: Class initialized using 'CodeIgniter\Session\Handlers\DatabaseHandler' driver.
DEBUG - 2026-07-24 00:11:01 --> Session: Class initialized using 'CodeIgniter\Session\Handlers\DatabaseHandler' driver.
DEBUG - 2026-07-24 00:11:02 --> Session: Class initialized using 'CodeIgniter\Session\Handlers\DatabaseHandler' driver.
DEBUG - 2026-07-24 00:11:02 --> Session: Class initialized using 'CodeIgniter\Session\Handlers\DatabaseHandler' driver.
DEBUG - 2026-07-24 00:11:02 --> Invoice list filters user=1 type=- status=- start=2026-07-01 end=2026-07-31 currency=- own_creator=0 own_client=0
DEBUG - 2026-07-24 00:11:03 --> Session: Class initialized using 'CodeIgniter\Session\Handlers\DatabaseHandler' driver.
DEBUG - 2026-07-24 00:11:05 --> Session: Class initialized using 'CodeIgniter\Session\Handlers\DatabaseHandler' driver.
DEBUG - 2026-07-24 00:11:07 --> Session: Class initialized using 'CodeIgniter\Session\Handlers\DatabaseHandler' driver.
WARNING - 2026-07-24 00:11:07 --> PAC status unavailable while rendering fiscal document: RuntimeException
DEBUG - 2026-07-24 00:11:11 --> Session: Class initialized using 'CodeIgniter\Session\Handlers\DatabaseHandler' driver.
DEBUG - 2026-07-24 00:11:12 --> Session: Class initialized using 'CodeIgniter\Session\Handlers\DatabaseHandler' driver.
DEBUG - 2026-07-24 00:11:12 --> Session: Class initialized using 'CodeIgniter\Session\Handlers\DatabaseHandler' driver.
DEBUG - 2026-07-24 00:11:17 --> Session: Class initialized using 'CodeIgniter\Session\Handlers\DatabaseHandler' driver.
DEBUG - 2026-07-24 00:11:22 --> Session: Class initialized using 'CodeIgniter\Session\Handlers\DatabaseHandler' driver.
DEBUG - 2026-07-24 00:11:22 --> Session: Class initialized using 'CodeIgniter\Session\Handlers\DatabaseHandler' driver.
DEBUG - 2026-07-24 00:11:23 --> Session: Class initialized using 'CodeIgniter\Session\Handlers\DatabaseHandler' driver.
DEBUG - 2026-07-24 00:11:27 --> Session: Class initialized using 'CodeIgniter\Session\Handlers\DatabaseHandler' driver.
DEBUG - 2026-07-24 00:11:32 --> Session: Class initialized using 'CodeIgniter\Session\Handlers\DatabaseHandler' driver.
DEBUG - 2026-07-24 00:11:33 --> Session: Class initialized using 'CodeIgniter\Session\Handlers\DatabaseHandler' driver.
DEBUG - 2026-07-24 00:11:39 --> Session: Class initialized using 'CodeIgniter\Session\Handlers\DatabaseHandler' driver.
DEBUG - 2026-07-24 00:11:45 --> Session: Class initialized using 'CodeIgniter\Session\Handlers\DatabaseHandler' driver.
DEBUG - 2026-07-24 00:11:51 --> Session: Class initialized using 'CodeIgniter\Session\Handlers\DatabaseHandler' driver.
DEBUG - 2026-07-24 00:11:57 --> Session: Class initialized using 'CodeIgniter\Session\Handlers\DatabaseHandler' driver.
DEBUG - 2026-07-24 00:12:03 --> Session: Class initialized using 'CodeIgniter\Session\Handlers\DatabaseHandler' driver.
DEBUG - 2026-07-24 00:12:09 --> Session: Class initialized using 'CodeIgniter\Session\Handlers\DatabaseHandler' driver.
DEBUG - 2026-07-24 00:12:13 --> Session: Class initialized using 'CodeIgniter\Session\Handlers\DatabaseHandler' driver.
DEBUG - 2026-07-24 00:12:15 --> Session: Class initialized using 'CodeIgniter\Session\Handlers\DatabaseHandler' driver.
DEBUG - 2026-07-24 00:12:21 --> Session: Class initialized using 'CodeIgniter\Session\Handlers\DatabaseHandler' driver.
DEBUG - 2026-07-24 00:12:27 --> Session: Class initialized using 'CodeIgniter\Session\Handlers\DatabaseHandler' driver.
DEBUG - 2026-07-24 00:12:33 --> Session: Class initialized using 'CodeIgniter\Session\Handlers\DatabaseHandler' driver.
DEBUG - 2026-07-24 00:12:39 --> Session: Class initialized using 'CodeIgniter\Session\Handlers\DatabaseHandler' driver.
DEBUG - 2026-07-24 00:12:45 --> Session: Class initialized using 'CodeIgniter\Session\Handlers\DatabaseHandler' driver.
DEBUG - 2026-07-24 00:12:51 --> Session: Class initialized using 'CodeIgniter\Session\Handlers\DatabaseHandler' driver.
DEBUG - 2026-07-24 00:12:57 --> Session: Class initialized using 'CodeIgniter\Session\Handlers\DatabaseHandler' driver.
DEBUG - 2026-07-24 00:13:03 --> Session: Class initialized using 'CodeIgniter\Session\Handlers\DatabaseHandler' driver.
DEBUG - 2026-07-24 00:13:09 --> Session: Class initialized using 'CodeIgniter\Session\Handlers\DatabaseHandler' driver.
DEBUG - 2026-07-24 00:13:14 --> Session: Class initialized using 'CodeIgniter\Session\Handlers\DatabaseHandler' driver.
DEBUG - 2026-07-24 00:13:15 --> Session: Class initialized using 'CodeIgniter\Session\Handlers\DatabaseHandler' driver.
DEBUG - 2026-07-24 00:13:21 --> Session: Class initialized using 'CodeIgniter\Session\Handlers\DatabaseHandler' driver.
DEBUG - 2026-07-24 00:13:27 --> Session: Class initialized using 'CodeIgniter\Session\Handlers\DatabaseHandler' driver.
DEBUG - 2026-07-24 00:13:33 --> Session: Class initialized using 'CodeIgniter\Session\Handlers\DatabaseHandler' driver.
DEBUG - 2026-07-24 00:13:39 --> Session: Class initialized using 'CodeIgniter\Session\Handlers\DatabaseHandler' driver.
DEBUG - 2026-07-24 00:13:45 --> Session: Class initialized using 'CodeIgniter\Session\Handlers\DatabaseHandler' driver.
DEBUG - 2026-07-24 00:13:51 --> Session: Class initialized using 'CodeIgniter\Session\Handlers\DatabaseHandler' driver.
DEBUG - 2026-07-24 00:13:57 --> Session: Class initialized using 'CodeIgniter\Session\Handlers\DatabaseHandler' driver.
DEBUG - 2026-07-24 00:14:03 --> Session: Class initialized using 'CodeIgniter\Session\Handlers\DatabaseHandler' driver.
DEBUG - 2026-07-24 00:14:09 --> Session: Class initialized using 'CodeIgniter\Session\Handlers\DatabaseHandler' driver.
DEBUG - 2026-07-24 00:14:15 --> Session: Class initialized using 'CodeIgniter\Session\Handlers\DatabaseHandler' driver.
DEBUG - 2026-07-24 00:14:16 --> Session: Class initialized using 'CodeIgniter\Session\Handlers\DatabaseHandler' driver.
DEBUG - 2026-07-24 00:14:21 --> Session: Class initialized using 'CodeIgniter\Session\Handlers\DatabaseHandler' driver.
DEBUG - 2026-07-24 00:14:27 --> Session: Class initialized using 'CodeIgniter\Session\Handlers\DatabaseHandler' driver.
DEBUG - 2026-07-24 00:14:33 --> Session: Class initialized using 'CodeIgniter\Session\Handlers\DatabaseHandler' driver.
DEBUG - 2026-07-24 00:14:39 --> Session: Class initialized using 'CodeIgniter\Session\Handlers\DatabaseHandler' driver.
DEBUG - 2026-07-24 00:14:45 --> Session: Class initialized using 'CodeIgniter\Session\Handlers\DatabaseHandler' driver.
DEBUG - 2026-07-24 00:14:51 --> Session: Class initialized using 'CodeIgniter\Session\Handlers\DatabaseHandler' driver.
DEBUG - 2026-07-24 00:14:57 --> Session: Class initialized using 'CodeIgniter\Session\Handlers\DatabaseHandler' driver.
DEBUG - 2026-07-24 00:15:03 --> Session: Class initialized using 'CodeIgniter\Session\Handlers\DatabaseHandler' driver.
DEBUG - 2026-07-24 00:15:09 --> Session: Class initialized using 'CodeIgniter\Session\Handlers\DatabaseHandler' driver.
DEBUG - 2026-07-24 00:15:15 --> Session: Class initialized using 'CodeIgniter\Session\Handlers\DatabaseHandler' driver.
DEBUG - 2026-07-24 00:15:17 --> Session: Class initialized using 'CodeIgniter\Session\Handlers\DatabaseHandler' driver.
DEBUG - 2026-07-24 00:15:21 --> Session: Class initialized using 'CodeIgniter\Session\Handlers\DatabaseHandler' driver.
DEBUG - 2026-07-24 00:15:27 --> Session: Class initialized using 'CodeIgniter\Session\Handlers\DatabaseHandler' driver.
DEBUG - 2026-07-24 00:15:33 --> Session: Class initialized using 'CodeIgniter\Session\Handlers\DatabaseHandler' driver.
DEBUG - 2026-07-24 00:15:39 --> Session: Class initialized using 'CodeIgniter\Session\Handlers\DatabaseHandler' driver.
DEBUG - 2026-07-24 00:15:45 --> Session: Class initialized using 'CodeIgniter\Session\Handlers\DatabaseHandler' driver.
DEBUG - 2026-07-24 00:15:51 --> Session: Class initialized using 'CodeIgniter\Session\Handlers\DatabaseHandler' driver.
DEBUG - 2026-07-24 00:15:57 --> Session: Class initialized using 'CodeIgniter\Session\Handlers\DatabaseHandler' driver.
DEBUG - 2026-07-24 00:16:03 --> Session: Class initialized using 'CodeIgniter\Session\Handlers\DatabaseHandler' driver.
DEBUG - 2026-07-24 00:16:09 --> Session: Class initialized using 'CodeIgniter\Session\Handlers\DatabaseHandler' driver.
DEBUG - 2026-07-24 00:16:15 --> Session: Class initialized using 'CodeIgniter\Session\Handlers\DatabaseHandler' driver.
DEBUG - 2026-07-24 00:16:18 --> Session: Class initialized using 'CodeIgniter\Session\Handlers\DatabaseHandler' driver.
DEBUG - 2026-07-24 00:16:21 --> Session: Class initialized using 'CodeIgniter\Session\Handlers\DatabaseHandler' driver.
DEBUG - 2026-07-24 00:16:27 --> Session: Class initialized using 'CodeIgniter\Session\Handlers\DatabaseHandler' driver.
DEBUG - 2026-07-24 00:16:33 --> Session: Class initialized using 'CodeIgniter\Session\Handlers\DatabaseHandler' driver.
DEBUG - 2026-07-24 00:16:39 --> Session: Class initialized using 'CodeIgniter\Session\Handlers\DatabaseHandler' driver.
DEBUG - 2026-07-24 00:16:45 --> Session: Class initialized using 'CodeIgniter\Session\Handlers\DatabaseHandler' driver.
DEBUG - 2026-07-24 00:16:51 --> Session: Class initialized using 'CodeIgniter\Session\Handlers\DatabaseHandler' driver.
DEBUG - 2026-07-24 00:16:57 --> Session: Class initialized using 'CodeIgniter\Session\Handlers\DatabaseHandler' driver.
DEBUG - 2026-07-24 00:17:03 --> Session: Class initialized using 'CodeIgniter\Session\Handlers\DatabaseHandler' driver.
DEBUG - 2026-07-24 00:17:09 --> Session: Class initialized using 'CodeIgniter\Session\Handlers\DatabaseHandler' driver.
DEBUG - 2026-07-24 00:17:15 --> Session: Class initialized using 'CodeIgniter\Session\Handlers\DatabaseHandler' driver.
DEBUG - 2026-07-24 00:17:19 --> Session: Class initialized using 'CodeIgniter\Session\Handlers\DatabaseHandler' driver.
DEBUG - 2026-07-24 00:17:21 --> Session: Class initialized using 'CodeIgniter\Session\Handlers\DatabaseHandler' driver.
DEBUG - 2026-07-24 00:17:27 --> Session: Class initialized using 'CodeIgniter\Session\Handlers\DatabaseHandler' driver.
DEBUG - 2026-07-24 00:17:33 --> Session: Class initialized using 'CodeIgniter\Session\Handlers\DatabaseHandler' driver.
DEBUG - 2026-07-24 00:17:39 --> Session: Class initialized using 'CodeIgniter\Session\Handlers\DatabaseHandler' driver.
DEBUG - 2026-07-24 00:17:45 --> Session: Class initialized using 'CodeIgniter\Session\Handlers\DatabaseHandler' driver.
DEBUG - 2026-07-24 00:17:51 --> Session: Class initialized using 'CodeIgniter\Session\Handlers\DatabaseHandler' driver.
DEBUG - 2026-07-24 00:17:57 --> Session: Class initialized using 'CodeIgniter\Session\Handlers\DatabaseHandler' driver.
DEBUG - 2026-07-24 00:18:03 --> Session: Class initialized using 'CodeIgniter\Session\Handlers\DatabaseHandler' driver.
DEBUG - 2026-07-24 00:18:09 --> Session: Class initialized using 'CodeIgniter\Session\Handlers\DatabaseHandler' driver.
DEBUG - 2026-07-24 00:18:15 --> Session: Class initialized using 'CodeIgniter\Session\Handlers\DatabaseHandler' driver.
DEBUG - 2026-07-24 00:18:20 --> Session: Class initialized using 'CodeIgniter\Session\Handlers\DatabaseHandler' driver.
DEBUG - 2026-07-24 00:18:21 --> Session: Class initialized using 'CodeIgniter\Session\Handlers\DatabaseHandler' driver.
DEBUG - 2026-07-24 00:18:27 --> Session: Class initialized using 'CodeIgniter\Session\Handlers\DatabaseHandler' driver.
DEBUG - 2026-07-24 00:18:33 --> Session: Class initialized using 'CodeIgniter\Session\Handlers\DatabaseHandler' driver.
DEBUG - 2026-07-24 00:18:39 --> Session: Class initialized using 'CodeIgniter\Session\Handlers\DatabaseHandler' driver.
DEBUG - 2026-07-24 00:18:45 --> Session: Class initialized using 'CodeIgniter\Session\Handlers\DatabaseHandler' driver.
DEBUG - 2026-07-24 00:18:51 --> Session: Class initialized using 'CodeIgniter\Session\Handlers\DatabaseHandler' driver.
DEBUG - 2026-07-24 00:18:57 --> Session: Class initialized using 'CodeIgniter\Session\Handlers\DatabaseHandler' driver.
DEBUG - 2026-07-24 00:19:03 --> Session: Class initialized using 'CodeIgniter\Session\Handlers\DatabaseHandler' driver.
DEBUG - 2026-07-24 00:19:09 --> Session: Class initialized using 'CodeIgniter\Session\Handlers\DatabaseHandler' driver.
DEBUG - 2026-07-24 00:19:15 --> Session: Class initialized using 'CodeIgniter\Session\Handlers\DatabaseHandler' driver.
DEBUG - 2026-07-24 00:19:21 --> Session: Class initialized using 'CodeIgniter\Session\Handlers\DatabaseHandler' driver.
DEBUG - 2026-07-24 00:19:22 --> Session: Class initialized using 'CodeIgniter\Session\Handlers\DatabaseHandler' driver.
DEBUG - 2026-07-24 00:19:27 --> Session: Class initialized using 'CodeIgniter\Session\Handlers\DatabaseHandler' driver.
DEBUG - 2026-07-24 00:19:33 --> Session: Class initialized using 'CodeIgniter\Session\Handlers\DatabaseHandler' driver.
DEBUG - 2026-07-24 00:19:39 --> Session: Class initialized using 'CodeIgniter\Session\Handlers\DatabaseHandler' driver.
DEBUG - 2026-07-24 00:19:45 --> Session: Class initialized using 'CodeIgniter\Session\Handlers\DatabaseHandler' driver.
DEBUG - 2026-07-24 00:19:51 --> Session: Class initialized using 'CodeIgniter\Session\Handlers\DatabaseHandler' driver.
DEBUG - 2026-07-24 00:19:57 --> Session: Class initialized using 'CodeIgniter\Session\Handlers\DatabaseHandler' driver.
DEBUG - 2026-07-24 00:20:03 --> Session: Class initialized using 'CodeIgniter\Session\Handlers\DatabaseHandler' driver.
DEBUG - 2026-07-24 00:20:09 --> Session: Class initialized using 'CodeIgniter\Session\Handlers\DatabaseHandler' driver.
DEBUG - 2026-07-24 00:20:15 --> Session: Class initialized using 'CodeIgniter\Session\Handlers\DatabaseHandler' driver.
DEBUG - 2026-07-24 00:20:21 --> Session: Class initialized using 'CodeIgniter\Session\Handlers\DatabaseHandler' driver.
DEBUG - 2026-07-24 00:20:23 --> Session: Class initialized using 'CodeIgniter\Session\Handlers\DatabaseHandler' driver.
DEBUG - 2026-07-24 00:20:27 --> Session: Class initialized using 'CodeIgniter\Session\Handlers\DatabaseHandler' driver.
DEBUG - 2026-07-24 00:20:33 --> Session: Class initialized using 'CodeIgniter\Session\Handlers\DatabaseHandler' driver.
DEBUG - 2026-07-24 00:20:39 --> Session: Class initialized using 'CodeIgniter\Session\Handlers\DatabaseHandler' driver.
DEBUG - 2026-07-24 00:20:45 --> Session: Class initialized using 'CodeIgniter\Session\Handlers\DatabaseHandler' driver.
DEBUG - 2026-07-24 00:20:51 --> Session: Class initialized using 'CodeIgniter\Session\Handlers\DatabaseHandler' driver.
DEBUG - 2026-07-24 00:20:57 --> Session: Class initialized using 'CodeIgniter\Session\Handlers\DatabaseHandler' driver.
DEBUG - 2026-07-24 00:21:03 --> Session: Class initialized using 'CodeIgniter\Session\Handlers\DatabaseHandler' driver.
DEBUG - 2026-07-24 00:21:09 --> Session: Class initialized using 'CodeIgniter\Session\Handlers\DatabaseHandler' driver.
DEBUG - 2026-07-24 00:21:15 --> Session: Class initialized using 'CodeIgniter\Session\Handlers\DatabaseHandler' driver.
DEBUG - 2026-07-24 00:21:21 --> Session: Class initialized using 'CodeIgniter\Session\Handlers\DatabaseHandler' driver.
DEBUG - 2026-07-24 00:21:24 --> Session: Class initialized using 'CodeIgniter\Session\Handlers\DatabaseHandler' driver.
DEBUG - 2026-07-24 00:21:27 --> Session: Class initialized using 'CodeIgniter\Session\Handlers\DatabaseHandler' driver.
DEBUG - 2026-07-24 00:21:33 --> Session: Class initialized using 'CodeIgniter\Session\Handlers\DatabaseHandler' driver.
DEBUG - 2026-07-24 00:21:39 --> Session: Class initialized using 'CodeIgniter\Session\Handlers\DatabaseHandler' driver.
DEBUG - 2026-07-24 00:21:45 --> Session: Class initialized using 'CodeIgniter\Session\Handlers\DatabaseHandler' driver.
DEBUG - 2026-07-24 00:21:51 --> Session: Class initialized using 'CodeIgniter\Session\Handlers\DatabaseHandler' driver.
DEBUG - 2026-07-24 00:21:57 --> Session: Class initialized using 'CodeIgniter\Session\Handlers\DatabaseHandler' driver.
DEBUG - 2026-07-24 00:22:03 --> Session: Class initialized using 'CodeIgniter\Session\Handlers\DatabaseHandler' driver.
DEBUG - 2026-07-24 00:22:09 --> Session: Class initialized using 'CodeIgniter\Session\Handlers\DatabaseHandler' driver.
DEBUG - 2026-07-24 00:22:15 --> Session: Class initialized using 'CodeIgniter\Session\Handlers\DatabaseHandler' driver.
DEBUG - 2026-07-24 00:22:21 --> Session: Class initialized using 'CodeIgniter\Session\Handlers\DatabaseHandler' driver.
DEBUG - 2026-07-24 00:22:25 --> Session: Class initialized using 'CodeIgniter\Session\Handlers\DatabaseHandler' driver.
DEBUG - 2026-07-24 00:22:27 --> Session: Class initialized using 'CodeIgniter\Session\Handlers\DatabaseHandler' driver.
DEBUG - 2026-07-24 00:22:33 --> Session: Class initialized using 'CodeIgniter\Session\Handlers\DatabaseHandler' driver.
DEBUG - 2026-07-24 00:22:39 --> Session: Class initialized using 'CodeIgniter\Session\Handlers\DatabaseHandler' driver.
DEBUG - 2026-07-24 00:22:45 --> Session: Class initialized using 'CodeIgniter\Session\Handlers\DatabaseHandler' driver.
DEBUG - 2026-07-24 00:22:51 --> Session: Class initialized using 'CodeIgniter\Session\Handlers\DatabaseHandler' driver.
DEBUG - 2026-07-24 00:22:57 --> Session: Class initialized using 'CodeIgniter\Session\Handlers\DatabaseHandler' driver.
DEBUG - 2026-07-24 00:23:03 --> Session: Class initialized using 'CodeIgniter\Session\Handlers\DatabaseHandler' driver.
DEBUG - 2026-07-24 00:23:09 --> Session: Class initialized using 'CodeIgniter\Session\Handlers\DatabaseHandler' driver.
DEBUG - 2026-07-24 00:23:15 --> Session: Class initialized using 'CodeIgniter\Session\Handlers\DatabaseHandler' driver.
DEBUG - 2026-07-24 00:23:21 --> Session: Class initialized using 'CodeIgniter\Session\Handlers\DatabaseHandler' driver.
DEBUG - 2026-07-24 00:23:26 --> Session: Class initialized using 'CodeIgniter\Session\Handlers\DatabaseHandler' driver.
DEBUG - 2026-07-24 00:23:27 --> Session: Class initialized using 'CodeIgniter\Session\Handlers\DatabaseHandler' driver.
DEBUG - 2026-07-24 00:23:33 --> Session: Class initialized using 'CodeIgniter\Session\Handlers\DatabaseHandler' driver.
DEBUG - 2026-07-24 00:23:39 --> Session: Class initialized using 'CodeIgniter\Session\Handlers\DatabaseHandler' driver.
DEBUG - 2026-07-24 00:23:45 --> Session: Class initialized using 'CodeIgniter\Session\Handlers\DatabaseHandler' driver.
DEBUG - 2026-07-24 00:23:51 --> Session: Class initialized using 'CodeIgniter\Session\Handlers\DatabaseHandler' driver.
DEBUG - 2026-07-24 00:23:57 --> Session: Class initialized using 'CodeIgniter\Session\Handlers\DatabaseHandler' driver.
DEBUG - 2026-07-24 00:24:03 --> Session: Class initialized using 'CodeIgniter\Session\Handlers\DatabaseHandler' driver.
DEBUG - 2026-07-24 00:24:09 --> Session: Class initialized using 'CodeIgniter\Session\Handlers\DatabaseHandler' driver.
DEBUG - 2026-07-24 00:24:15 --> Session: Class initialized using 'CodeIgniter\Session\Handlers\DatabaseHandler' driver.
DEBUG - 2026-07-24 00:24:21 --> Session: Class initialized using 'CodeIgniter\Session\Handlers\DatabaseHandler' driver.
DEBUG - 2026-07-24 00:24:27 --> Session: Class initialized using 'CodeIgniter\Session\Handlers\DatabaseHandler' driver.
DEBUG - 2026-07-24 00:24:28 --> Session: Class initialized using 'CodeIgniter\Session\Handlers\DatabaseHandler' driver.
DEBUG - 2026-07-24 00:24:34 --> Session: Class initialized using 'CodeIgniter\Session\Handlers\DatabaseHandler' driver.
DEBUG - 2026-07-24 00:24:40 --> Session: Class initialized using 'CodeIgniter\Session\Handlers\DatabaseHandler' driver.
DEBUG - 2026-07-24 00:24:46 --> Session: Class initialized using 'CodeIgniter\Session\Handlers\DatabaseHandler' driver.
DEBUG - 2026-07-24 00:24:52 --> Session: Class initialized using 'CodeIgniter\Session\Handlers\DatabaseHandler' driver.
DEBUG - 2026-07-24 00:24:58 --> Session: Class initialized using 'CodeIgniter\Session\Handlers\DatabaseHandler' driver.
DEBUG - 2026-07-24 00:25:04 --> Session: Class initialized using 'CodeIgniter\Session\Handlers\DatabaseHandler' driver.
DEBUG - 2026-07-24 00:25:10 --> Session: Class initialized using 'CodeIgniter\Session\Handlers\DatabaseHandler' driver.
DEBUG - 2026-07-24 00:25:16 --> Session: Class initialized using 'CodeIgniter\Session\Handlers\DatabaseHandler' driver.
DEBUG - 2026-07-24 00:25:22 --> Session: Class initialized using 'CodeIgniter\Session\Handlers\DatabaseHandler' driver.
DEBUG - 2026-07-24 00:25:28 --> Session: Class initialized using 'CodeIgniter\Session\Handlers\DatabaseHandler' driver.
DEBUG - 2026-07-24 00:25:29 --> Session: Class initialized using 'CodeIgniter\Session\Handlers\DatabaseHandler' driver.
DEBUG - 2026-07-24 00:25:34 --> Session: Class initialized using 'CodeIgniter\Session\Handlers\DatabaseHandler' driver.
DEBUG - 2026-07-24 00:25:40 --> Session: Class initialized using 'CodeIgniter\Session\Handlers\DatabaseHandler' driver.
DEBUG - 2026-07-24 00:25:46 --> Session: Class initialized using 'CodeIgniter\Session\Handlers\DatabaseHandler' driver.
DEBUG - 2026-07-24 00:25:52 --> Session: Class initialized using 'CodeIgniter\Session\Handlers\DatabaseHandler' driver.
DEBUG - 2026-07-24 00:25:58 --> Session: Class initialized using 'CodeIgniter\Session\Handlers\DatabaseHandler' driver.
DEBUG - 2026-07-24 00:26:04 --> Session: Class initialized using 'CodeIgniter\Session\Handlers\DatabaseHandler' driver.
DEBUG - 2026-07-24 00:26:10 --> Session: Class initialized using 'CodeIgniter\Session\Handlers\DatabaseHandler' driver.
DEBUG - 2026-07-24 00:26:16 --> Session: Class initialized using 'CodeIgniter\Session\Handlers\DatabaseHandler' driver.
DEBUG - 2026-07-24 00:26:22 --> Session: Class initialized using 'CodeIgniter\Session\Handlers\DatabaseHandler' driver.
DEBUG - 2026-07-24 00:26:28 --> Session: Class initialized using 'CodeIgniter\Session\Handlers\DatabaseHandler' driver.
DEBUG - 2026-07-24 00:26:30 --> Session: Class initialized using 'CodeIgniter\Session\Handlers\DatabaseHandler' driver.
DEBUG - 2026-07-24 00:26:34 --> Session: Class initialized using 'CodeIgniter\Session\Handlers\DatabaseHandler' driver.
DEBUG - 2026-07-24 00:26:40 --> Session: Class initialized using 'CodeIgniter\Session\Handlers\DatabaseHandler' driver.
DEBUG - 2026-07-24 00:26:46 --> Session: Class initialized using 'CodeIgniter\Session\Handlers\DatabaseHandler' driver.
DEBUG - 2026-07-24 00:26:52 --> Session: Class initialized using 'CodeIgniter\Session\Handlers\DatabaseHandler' driver.
DEBUG - 2026-07-24 00:26:58 --> Session: Class initialized using 'CodeIgniter\Session\Handlers\DatabaseHandler' driver.
DEBUG - 2026-07-24 00:27:04 --> Session: Class initialized using 'CodeIgniter\Session\Handlers\DatabaseHandler' driver.
DEBUG - 2026-07-24 00:27:10 --> Session: Class initialized using 'CodeIgniter\Session\Handlers\DatabaseHandler' driver.
DEBUG - 2026-07-24 00:27:16 --> Session: Class initialized using 'CodeIgniter\Session\Handlers\DatabaseHandler' driver.
DEBUG - 2026-07-24 00:27:22 --> Session: Class initialized using 'CodeIgniter\Session\Handlers\DatabaseHandler' driver.
DEBUG - 2026-07-24 00:27:28 --> Session: Class initialized using 'CodeIgniter\Session\Handlers\DatabaseHandler' driver.
DEBUG - 2026-07-24 00:27:31 --> Session: Class initialized using 'CodeIgniter\Session\Handlers\DatabaseHandler' driver.
DEBUG - 2026-07-24 00:27:34 --> Session: Class initialized using 'CodeIgniter\Session\Handlers\DatabaseHandler' driver.
DEBUG - 2026-07-24 00:27:40 --> Session: Class initialized using 'CodeIgniter\Session\Handlers\DatabaseHandler' driver.
DEBUG - 2026-07-24 00:27:46 --> Session: Class initialized using 'CodeIgniter\Session\Handlers\DatabaseHandler' driver.
DEBUG - 2026-07-24 00:27:52 --> Session: Class initialized using 'CodeIgniter\Session\Handlers\DatabaseHandler' driver.
DEBUG - 2026-07-24 00:27:58 --> Session: Class initialized using 'CodeIgniter\Session\Handlers\DatabaseHandler' driver.
DEBUG - 2026-07-24 00:28:04 --> Session: Class initialized using 'CodeIgniter\Session\Handlers\DatabaseHandler' driver.
DEBUG - 2026-07-24 00:28:10 --> Session: Class initialized using 'CodeIgniter\Session\Handlers\DatabaseHandler' driver.
DEBUG - 2026-07-24 00:28:16 --> Session: Class initialized using 'CodeIgniter\Session\Handlers\DatabaseHandler' driver.
DEBUG - 2026-07-24 00:28:22 --> Session: Class initialized using 'CodeIgniter\Session\Handlers\DatabaseHandler' driver.
DEBUG - 2026-07-24 00:28:28 --> Session: Class initialized using 'CodeIgniter\Session\Handlers\DatabaseHandler' driver.
DEBUG - 2026-07-24 00:28:32 --> Session: Class initialized using 'CodeIgniter\Session\Handlers\DatabaseHandler' driver.
DEBUG - 2026-07-24 00:28:34 --> Session: Class initialized using 'CodeIgniter\Session\Handlers\DatabaseHandler' driver.
DEBUG - 2026-07-24 00:28:40 --> Session: Class initialized using 'CodeIgniter\Session\Handlers\DatabaseHandler' driver.
DEBUG - 2026-07-24 00:28:46 --> Session: Class initialized using 'CodeIgniter\Session\Handlers\DatabaseHandler' driver.
DEBUG - 2026-07-24 00:28:52 --> Session: Class initialized using 'CodeIgniter\Session\Handlers\DatabaseHandler' driver.
DEBUG - 2026-07-24 00:28:58 --> Session: Class initialized using 'CodeIgniter\Session\Handlers\DatabaseHandler' driver.
DEBUG - 2026-07-24 00:29:04 --> Session: Class initialized using 'CodeIgniter\Session\Handlers\DatabaseHandler' driver.
DEBUG - 2026-07-24 00:29:10 --> Session: Class initialized using 'CodeIgniter\Session\Handlers\DatabaseHandler' driver.
DEBUG - 2026-07-24 00:29:16 --> Session: Class initialized using 'CodeIgniter\Session\Handlers\DatabaseHandler' driver.
DEBUG - 2026-07-24 00:29:22 --> Session: Class initialized using 'CodeIgniter\Session\Handlers\DatabaseHandler' driver.
DEBUG - 2026-07-24 00:29:28 --> Session: Class initialized using 'CodeIgniter\Session\Handlers\DatabaseHandler' driver.
DEBUG - 2026-07-24 00:29:33 --> Session: Class initialized using 'CodeIgniter\Session\Handlers\DatabaseHandler' driver.
DEBUG - 2026-07-24 00:29:34 --> Session: Class initialized using 'CodeIgniter\Session\Handlers\DatabaseHandler' driver.
DEBUG - 2026-07-24 00:29:40 --> Session: Class initialized using 'CodeIgniter\Session\Handlers\DatabaseHandler' driver.
DEBUG - 2026-07-24 00:29:46 --> Session: Class initialized using 'CodeIgniter\Session\Handlers\DatabaseHandler' driver.
DEBUG - 2026-07-24 00:29:52 --> Session: Class initialized using 'CodeIgniter\Session\Handlers\DatabaseHandler' driver.
DEBUG - 2026-07-24 00:29:58 --> Session: Class initialized using 'CodeIgniter\Session\Handlers\DatabaseHandler' driver.
DEBUG - 2026-07-24 00:30:04 --> Session: Class initialized using 'CodeIgniter\Session\Handlers\DatabaseHandler' driver.
DEBUG - 2026-07-24 00:30:10 --> Session: Class initialized using 'CodeIgniter\Session\Handlers\DatabaseHandler' driver.
DEBUG - 2026-07-24 00:30:16 --> Session: Class initialized using 'CodeIgniter\Session\Handlers\DatabaseHandler' driver.
DEBUG - 2026-07-24 00:30:22 --> Session: Class initialized using 'CodeIgniter\Session\Handlers\DatabaseHandler' driver.
DEBUG - 2026-07-24 00:30:28 --> Session: Class initialized using 'CodeIgniter\Session\Handlers\DatabaseHandler' driver.
DEBUG - 2026-07-24 00:30:34 --> Session: Class initialized using 'CodeIgniter\Session\Handlers\DatabaseHandler' driver.
DEBUG - 2026-07-24 00:30:35 --> Session: Class initialized using 'CodeIgniter\Session\Handlers\DatabaseHandler' driver.
DEBUG - 2026-07-24 00:30:40 --> Session: Class initialized using 'CodeIgniter\Session\Handlers\DatabaseHandler' driver.
DEBUG - 2026-07-24 00:30:46 --> Session: Class initialized using 'CodeIgniter\Session\Handlers\DatabaseHandler' driver.
DEBUG - 2026-07-24 00:30:52 --> Session: Class initialized using 'CodeIgniter\Session\Handlers\DatabaseHandler' driver.
DEBUG - 2026-07-24 00:30:58 --> Session: Class initialized using 'CodeIgniter\Session\Handlers\DatabaseHandler' driver.
DEBUG - 2026-07-24 00:31:04 --> Session: Class initialized using 'CodeIgniter\Session\Handlers\DatabaseHandler' driver.
DEBUG - 2026-07-24 00:31:10 --> Session: Class initialized using 'CodeIgniter\Session\Handlers\DatabaseHandler' driver.
DEBUG - 2026-07-24 00:31:16 --> Session: Class initialized using 'CodeIgniter\Session\Handlers\DatabaseHandler' driver.
DEBUG - 2026-07-24 00:31:22 --> Session: Class initialized using 'CodeIgniter\Session\Handlers\DatabaseHandler' driver.
DEBUG - 2026-07-24 00:31:28 --> Session: Class initialized using 'CodeIgniter\Session\Handlers\DatabaseHandler' driver.
DEBUG - 2026-07-24 00:31:34 --> Session: Class initialized using 'CodeIgniter\Session\Handlers\DatabaseHandler' driver.
DEBUG - 2026-07-24 00:31:36 --> Session: Class initialized using 'CodeIgniter\Session\Handlers\DatabaseHandler' driver.
DEBUG - 2026-07-24 00:31:40 --> Session: Class initialized using 'CodeIgniter\Session\Handlers\DatabaseHandler' driver.
DEBUG - 2026-07-24 00:31:46 --> Session: Class initialized using 'CodeIgniter\Session\Handlers\DatabaseHandler' driver.
DEBUG - 2026-07-24 00:31:52 --> Session: Class initialized using 'CodeIgniter\Session\Handlers\DatabaseHandler' driver.
DEBUG - 2026-07-24 00:31:58 --> Session: Class initialized using 'CodeIgniter\Session\Handlers\DatabaseHandler' driver.
DEBUG - 2026-07-24 00:32:04 --> Session: Class initialized using 'CodeIgniter\Session\Handlers\DatabaseHandler' driver.
DEBUG - 2026-07-24 00:32:10 --> Session: Class initialized using 'CodeIgniter\Session\Handlers\DatabaseHandler' driver.
DEBUG - 2026-07-24 00:32:16 --> Session: Class initialized using 'CodeIgniter\Session\Handlers\DatabaseHandler' driver.
DEBUG - 2026-07-24 00:32:22 --> Session: Class initialized using 'CodeIgniter\Session\Handlers\DatabaseHandler' driver.
DEBUG - 2026-07-24 00:32:28 --> Session: Class initialized using 'CodeIgniter\Session\Handlers\DatabaseHandler' driver.
DEBUG - 2026-07-24 00:32:34 --> Session: Class initialized using 'CodeIgniter\Session\Handlers\DatabaseHandler' driver.
DEBUG - 2026-07-24 00:32:37 --> Session: Class initialized using 'CodeIgniter\Session\Handlers\DatabaseHandler' driver.
DEBUG - 2026-07-24 00:32:40 --> Session: Class initialized using 'CodeIgniter\Session\Handlers\DatabaseHandler' driver.
DEBUG - 2026-07-24 00:32:46 --> Session: Class initialized using 'CodeIgniter\Session\Handlers\DatabaseHandler' driver.
DEBUG - 2026-07-24 00:32:52 --> Session: Class initialized using 'CodeIgniter\Session\Handlers\DatabaseHandler' driver.
DEBUG - 2026-07-24 00:32:58 --> Session: Class initialized using 'CodeIgniter\Session\Handlers\DatabaseHandler' driver.
DEBUG - 2026-07-24 00:33:04 --> Session: Class initialized using 'CodeIgniter\Session\Handlers\DatabaseHandler' driver.
DEBUG - 2026-07-24 00:33:10 --> Session: Class initialized using 'CodeIgniter\Session\Handlers\DatabaseHandler' driver.
DEBUG - 2026-07-24 00:33:16 --> Session: Class initialized using 'CodeIgniter\Session\Handlers\DatabaseHandler' driver.
DEBUG - 2026-07-24 00:33:22 --> Session: Class initialized using 'CodeIgniter\Session\Handlers\DatabaseHandler' driver.
DEBUG - 2026-07-24 00:33:28 --> Session: Class initialized using 'CodeIgniter\Session\Handlers\DatabaseHandler' driver.
DEBUG - 2026-07-24 00:33:34 --> Session: Class initialized using 'CodeIgniter\Session\Handlers\DatabaseHandler' driver.
DEBUG - 2026-07-24 00:33:38 --> Session: Class initialized using 'CodeIgniter\Session\Handlers\DatabaseHandler' driver.
DEBUG - 2026-07-24 00:33:40 --> Session: Class initialized using 'CodeIgniter\Session\Handlers\DatabaseHandler' driver.
DEBUG - 2026-07-24 00:33:46 --> Session: Class initialized using 'CodeIgniter\Session\Handlers\DatabaseHandler' driver.
DEBUG - 2026-07-24 00:33:52 --> Session: Class initialized using 'CodeIgniter\Session\Handlers\DatabaseHandler' driver.
DEBUG - 2026-07-24 00:33:58 --> Session: Class initialized using 'CodeIgniter\Session\Handlers\DatabaseHandler' driver.
DEBUG - 2026-07-24 00:34:04 --> Session: Class initialized using 'CodeIgniter\Session\Handlers\DatabaseHandler' driver.
DEBUG - 2026-07-24 00:34:10 --> Session: Class initialized using 'CodeIgniter\Session\Handlers\DatabaseHandler' driver.
DEBUG - 2026-07-24 00:34:16 --> Session: Class initialized using 'CodeIgniter\Session\Handlers\DatabaseHandler' driver.
DEBUG - 2026-07-24 00:34:22 --> Session: Class initialized using 'CodeIgniter\Session\Handlers\DatabaseHandler' driver.
DEBUG - 2026-07-24 00:34:28 --> Session: Class initialized using 'CodeIgniter\Session\Handlers\DatabaseHandler' driver.
DEBUG - 2026-07-24 00:34:34 --> Session: Class initialized using 'CodeIgniter\Session\Handlers\DatabaseHandler' driver.
DEBUG - 2026-07-24 00:34:39 --> Session: Class initialized using 'CodeIgniter\Session\Handlers\DatabaseHandler' driver.
DEBUG - 2026-07-24 00:34:40 --> Session: Class initialized using 'CodeIgniter\Session\Handlers\DatabaseHandler' driver.
DEBUG - 2026-07-24 00:34:46 --> Session: Class initialized using 'CodeIgniter\Session\Handlers\DatabaseHandler' driver.
DEBUG - 2026-07-24 00:34:52 --> Session: Class initialized using 'CodeIgniter\Session\Handlers\DatabaseHandler' driver.
DEBUG - 2026-07-24 00:34:58 --> Session: Class initialized using 'CodeIgniter\Session\Handlers\DatabaseHandler' driver.
DEBUG - 2026-07-24 00:35:04 --> Session: Class initialized using 'CodeIgniter\Session\Handlers\DatabaseHandler' driver.
DEBUG - 2026-07-24 00:35:10 --> Session: Class initialized using 'CodeIgniter\Session\Handlers\DatabaseHandler' driver.
DEBUG - 2026-07-24 00:35:16 --> Session: Class initialized using 'CodeIgniter\Session\Handlers\DatabaseHandler' driver.
DEBUG - 2026-07-24 00:35:22 --> Session: Class initialized using 'CodeIgniter\Session\Handlers\DatabaseHandler' driver.
DEBUG - 2026-07-24 00:35:28 --> Session: Class initialized using 'CodeIgniter\Session\Handlers\DatabaseHandler' driver.
DEBUG - 2026-07-24 00:35:34 --> Session: Class initialized using 'CodeIgniter\Session\Handlers\DatabaseHandler' driver.
DEBUG - 2026-07-24 00:35:40 --> Session: Class initialized using 'CodeIgniter\Session\Handlers\DatabaseHandler' driver.
DEBUG - 2026-07-24 00:35:41 --> Session: Class initialized using 'CodeIgniter\Session\Handlers\DatabaseHandler' driver.
DEBUG - 2026-07-24 00:35:46 --> Session: Class initialized using 'CodeIgniter\Session\Handlers\DatabaseHandler' driver.
DEBUG - 2026-07-24 00:35:52 --> Session: Class initialized using 'CodeIgniter\Session\Handlers\DatabaseHandler' driver.
DEBUG - 2026-07-24 00:35:58 --> Session: Class initialized using 'CodeIgniter\Session\Handlers\DatabaseHandler' driver.
DEBUG - 2026-07-24 00:36:04 --> Session: Class initialized using 'CodeIgniter\Session\Handlers\DatabaseHandler' driver.
DEBUG - 2026-07-24 00:36:10 --> Session: Class initialized using 'CodeIgniter\Session\Handlers\DatabaseHandler' driver.
DEBUG - 2026-07-24 00:36:16 --> Session: Class initialized using 'CodeIgniter\Session\Handlers\DatabaseHandler' driver.
DEBUG - 2026-07-24 00:36:22 --> Session: Class initialized using 'CodeIgniter\Session\Handlers\DatabaseHandler' driver.
DEBUG - 2026-07-24 00:36:28 --> Session: Class initialized using 'CodeIgniter\Session\Handlers\DatabaseHandler' driver.
DEBUG - 2026-07-24 00:36:34 --> Session: Class initialized using 'CodeIgniter\Session\Handlers\DatabaseHandler' driver.
DEBUG - 2026-07-24 00:36:40 --> Session: Class initialized using 'CodeIgniter\Session\Handlers\DatabaseHandler' driver.
DEBUG - 2026-07-24 00:36:42 --> Session: Class initialized using 'CodeIgniter\Session\Handlers\DatabaseHandler' driver.
DEBUG - 2026-07-24 00:36:46 --> Session: Class initialized using 'CodeIgniter\Session\Handlers\DatabaseHandler' driver.
DEBUG - 2026-07-24 00:36:52 --> Session: Class initialized using 'CodeIgniter\Session\Handlers\DatabaseHandler' driver.
DEBUG - 2026-07-24 00:36:58 --> Session: Class initialized using 'CodeIgniter\Session\Handlers\DatabaseHandler' driver.
DEBUG - 2026-07-24 00:37:04 --> Session: Class initialized using 'CodeIgniter\Session\Handlers\DatabaseHandler' driver.
DEBUG - 2026-07-24 00:37:10 --> Session: Class initialized using 'CodeIgniter\Session\Handlers\DatabaseHandler' driver.
DEBUG - 2026-07-24 00:37:16 --> Session: Class initialized using 'CodeIgniter\Session\Handlers\DatabaseHandler' driver.
DEBUG - 2026-07-24 00:37:22 --> Session: Class initialized using 'CodeIgniter\Session\Handlers\DatabaseHandler' driver.
DEBUG - 2026-07-24 00:37:28 --> Session: Class initialized using 'CodeIgniter\Session\Handlers\DatabaseHandler' driver.
DEBUG - 2026-07-24 00:37:34 --> Session: Class initialized using 'CodeIgniter\Session\Handlers\DatabaseHandler' driver.
DEBUG - 2026-07-24 00:37:40 --> Session: Class initialized using 'CodeIgniter\Session\Handlers\DatabaseHandler' driver.
DEBUG - 2026-07-24 00:37:43 --> Session: Class initialized using 'CodeIgniter\Session\Handlers\DatabaseHandler' driver.
DEBUG - 2026-07-24 00:37:46 --> Session: Class initialized using 'CodeIgniter\Session\Handlers\DatabaseHandler' driver.
DEBUG - 2026-07-24 00:37:52 --> Session: Class initialized using 'CodeIgniter\Session\Handlers\DatabaseHandler' driver.
DEBUG - 2026-07-24 00:37:58 --> Session: Class initialized using 'CodeIgniter\Session\Handlers\DatabaseHandler' driver.
DEBUG - 2026-07-24 00:38:04 --> Session: Class initialized using 'CodeIgniter\Session\Handlers\DatabaseHandler' driver.
DEBUG - 2026-07-24 00:38:10 --> Session: Class initialized using 'CodeIgniter\Session\Handlers\DatabaseHandler' driver.
DEBUG - 2026-07-24 00:38:16 --> Session: Class initialized using 'CodeIgniter\Session\Handlers\DatabaseHandler' driver.
DEBUG - 2026-07-24 00:38:22 --> Session: Class initialized using 'CodeIgniter\Session\Handlers\DatabaseHandler' driver.
DEBUG - 2026-07-24 00:38:28 --> Session: Class initialized using 'CodeIgniter\Session\Handlers\DatabaseHandler' driver.
DEBUG - 2026-07-24 00:38:34 --> Session: Class initialized using 'CodeIgniter\Session\Handlers\DatabaseHandler' driver.
DEBUG - 2026-07-24 00:38:40 --> Session: Class initialized using 'CodeIgniter\Session\Handlers\DatabaseHandler' driver.
DEBUG - 2026-07-24 00:38:44 --> Session: Class initialized using 'CodeIgniter\Session\Handlers\DatabaseHandler' driver.
DEBUG - 2026-07-24 00:38:46 --> Session: Class initialized using 'CodeIgniter\Session\Handlers\DatabaseHandler' driver.
DEBUG - 2026-07-24 00:38:52 --> Session: Class initialized using 'CodeIgniter\Session\Handlers\DatabaseHandler' driver.
DEBUG - 2026-07-24 00:38:58 --> Session: Class initialized using 'CodeIgniter\Session\Handlers\DatabaseHandler' driver.
DEBUG - 2026-07-24 00:39:04 --> Session: Class initialized using 'CodeIgniter\Session\Handlers\DatabaseHandler' driver.
DEBUG - 2026-07-24 00:39:10 --> Session: Class initialized using 'CodeIgniter\Session\Handlers\DatabaseHandler' driver.
DEBUG - 2026-07-24 00:39:16 --> Session: Class initialized using 'CodeIgniter\Session\Handlers\DatabaseHandler' driver.
DEBUG - 2026-07-24 00:39:22 --> Session: Class initialized using 'CodeIgniter\Session\Handlers\DatabaseHandler' driver.
DEBUG - 2026-07-24 00:39:28 --> Session: Class initialized using 'CodeIgniter\Session\Handlers\DatabaseHandler' driver.
DEBUG - 2026-07-24 00:39:34 --> Session: Class initialized using 'CodeIgniter\Session\Handlers\DatabaseHandler' driver.
DEBUG - 2026-07-24 00:39:40 --> Session: Class initialized using 'CodeIgniter\Session\Handlers\DatabaseHandler' driver.
DEBUG - 2026-07-24 00:39:45 --> Session: Class initialized using 'CodeIgniter\Session\Handlers\DatabaseHandler' driver.
DEBUG - 2026-07-24 00:39:46 --> Session: Class initialized using 'CodeIgniter\Session\Handlers\DatabaseHandler' driver.
DEBUG - 2026-07-24 00:39:52 --> Session: Class initialized using 'CodeIgniter\Session\Handlers\DatabaseHandler' driver.
DEBUG - 2026-07-24 00:39:58 --> Session: Class initialized using 'CodeIgniter\Session\Handlers\DatabaseHandler' driver.
DEBUG - 2026-07-24 00:40:04 --> Session: Class initialized using 'CodeIgniter\Session\Handlers\DatabaseHandler' driver.
DEBUG - 2026-07-24 00:40:10 --> Session: Class initialized using 'CodeIgniter\Session\Handlers\DatabaseHandler' driver.
DEBUG - 2026-07-24 00:40:16 --> Session: Class initialized using 'CodeIgniter\Session\Handlers\DatabaseHandler' driver.
DEBUG - 2026-07-24 00:40:22 --> Session: Class initialized using 'CodeIgniter\Session\Handlers\DatabaseHandler' driver.
DEBUG - 2026-07-24 00:40:28 --> Session: Class initialized using 'CodeIgniter\Session\Handlers\DatabaseHandler' driver.
DEBUG - 2026-07-24 00:40:34 --> Session: Class initialized using 'CodeIgniter\Session\Handlers\DatabaseHandler' driver.
DEBUG - 2026-07-24 00:40:40 --> Session: Class initialized using 'CodeIgniter\Session\Handlers\DatabaseHandler' driver.
DEBUG - 2026-07-24 00:40:46 --> Session: Class initialized using 'CodeIgniter\Session\Handlers\DatabaseHandler' driver.
DEBUG - 2026-07-24 00:40:47 --> Session: Class initialized using 'CodeIgniter\Session\Handlers\DatabaseHandler' driver.
DEBUG - 2026-07-24 00:40:53 --> Session: Class initialized using 'CodeIgniter\Session\Handlers\DatabaseHandler' driver.
DEBUG - 2026-07-24 00:40:59 --> Session: Class initialized using 'CodeIgniter\Session\Handlers\DatabaseHandler' driver.
DEBUG - 2026-07-24 00:41:05 --> Session: Class initialized using 'CodeIgniter\Session\Handlers\DatabaseHandler' driver.
DEBUG - 2026-07-24 00:41:11 --> Session: Class initialized using 'CodeIgniter\Session\Handlers\DatabaseHandler' driver.
DEBUG - 2026-07-24 00:41:17 --> Session: Class initialized using 'CodeIgniter\Session\Handlers\DatabaseHandler' driver.
DEBUG - 2026-07-24 00:41:23 --> Session: Class initialized using 'CodeIgniter\Session\Handlers\DatabaseHandler' driver.
DEBUG - 2026-07-24 00:41:29 --> Session: Class initialized using 'CodeIgniter\Session\Handlers\DatabaseHandler' driver.
DEBUG - 2026-07-24 00:41:35 --> Session: Class initialized using 'CodeIgniter\Session\Handlers\DatabaseHandler' driver.
DEBUG - 2026-07-24 00:41:41 --> Session: Class initialized using 'CodeIgniter\Session\Handlers\DatabaseHandler' driver.
DEBUG - 2026-07-24 00:41:47 --> Session: Class initialized using 'CodeIgniter\Session\Handlers\DatabaseHandler' driver.
DEBUG - 2026-07-24 00:41:48 --> Session: Class initialized using 'CodeIgniter\Session\Handlers\DatabaseHandler' driver.
DEBUG - 2026-07-24 00:41:54 --> Session: Class initialized using 'CodeIgniter\Session\Handlers\DatabaseHandler' driver.
DEBUG - 2026-07-24 00:42:00 --> Session: Class initialized using 'CodeIgniter\Session\Handlers\DatabaseHandler' driver.
DEBUG - 2026-07-24 00:42:06 --> Session: Class initialized using 'CodeIgniter\Session\Handlers\DatabaseHandler' driver.
DEBUG - 2026-07-24 00:42:12 --> Session: Class initialized using 'CodeIgniter\Session\Handlers\DatabaseHandler' driver.
DEBUG - 2026-07-24 00:42:18 --> Session: Class initialized using 'CodeIgniter\Session\Handlers\DatabaseHandler' driver.
DEBUG - 2026-07-24 00:42:24 --> Session: Class initialized using 'CodeIgniter\Session\Handlers\DatabaseHandler' driver.
DEBUG - 2026-07-24 00:42:30 --> Session: Class initialized using 'CodeIgniter\Session\Handlers\DatabaseHandler' driver.
DEBUG - 2026-07-24 00:42:36 --> Session: Class initialized using 'CodeIgniter\Session\Handlers\DatabaseHandler' driver.
DEBUG - 2026-07-24 00:42:42 --> Session: Class initialized using 'CodeIgniter\Session\Handlers\DatabaseHandler' driver.
DEBUG - 2026-07-24 00:42:48 --> Session: Class initialized using 'CodeIgniter\Session\Handlers\DatabaseHandler' driver.
DEBUG - 2026-07-24 00:42:49 --> Session: Class initialized using 'CodeIgniter\Session\Handlers\DatabaseHandler' driver.
DEBUG - 2026-07-24 00:42:54 --> Session: Class initialized using 'CodeIgniter\Session\Handlers\DatabaseHandler' driver.
DEBUG - 2026-07-24 00:43:00 --> Session: Class initialized using 'CodeIgniter\Session\Handlers\DatabaseHandler' driver.
DEBUG - 2026-07-24 00:43:06 --> Session: Class initialized using 'CodeIgniter\Session\Handlers\DatabaseHandler' driver.
DEBUG - 2026-07-24 00:43:12 --> Session: Class initialized using 'CodeIgniter\Session\Handlers\DatabaseHandler' driver.
DEBUG - 2026-07-24 00:43:18 --> Session: Class initialized using 'CodeIgniter\Session\Handlers\DatabaseHandler' driver.
DEBUG - 2026-07-24 00:43:24 --> Session: Class initialized using 'CodeIgniter\Session\Handlers\DatabaseHandler' driver.
DEBUG - 2026-07-24 00:43:30 --> Session: Class initialized using 'CodeIgniter\Session\Handlers\DatabaseHandler' driver.
DEBUG - 2026-07-24 00:43:36 --> Session: Class initialized using 'CodeIgniter\Session\Handlers\DatabaseHandler' driver.
DEBUG - 2026-07-24 00:43:42 --> Session: Class initialized using 'CodeIgniter\Session\Handlers\DatabaseHandler' driver.
DEBUG - 2026-07-24 00:43:48 --> Session: Class initialized using 'CodeIgniter\Session\Handlers\DatabaseHandler' driver.
DEBUG - 2026-07-24 00:43:50 --> Session: Class initialized using 'CodeIgniter\Session\Handlers\DatabaseHandler' driver.
DEBUG - 2026-07-24 00:43:54 --> Session: Class initialized using 'CodeIgniter\Session\Handlers\DatabaseHandler' driver.
DEBUG - 2026-07-24 00:44:00 --> Session: Class initialized using 'CodeIgniter\Session\Handlers\DatabaseHandler' driver.
DEBUG - 2026-07-24 00:44:06 --> Session: Class initialized using 'CodeIgniter\Session\Handlers\DatabaseHandler' driver.
DEBUG - 2026-07-24 00:44:12 --> Session: Class initialized using 'CodeIgniter\Session\Handlers\DatabaseHandler' driver.
DEBUG - 2026-07-24 00:44:18 --> Session: Class initialized using 'CodeIgniter\Session\Handlers\DatabaseHandler' driver.
DEBUG - 2026-07-24 00:44:24 --> Session: Class initialized using 'CodeIgniter\Session\Handlers\DatabaseHandler' driver.
DEBUG - 2026-07-24 00:44:30 --> Session: Class initialized using 'CodeIgniter\Session\Handlers\DatabaseHandler' driver.
DEBUG - 2026-07-24 00:44:36 --> Session: Class initialized using 'CodeIgniter\Session\Handlers\DatabaseHandler' driver.
DEBUG - 2026-07-24 00:44:42 --> Session: Class initialized using 'CodeIgniter\Session\Handlers\DatabaseHandler' driver.
DEBUG - 2026-07-24 00:44:48 --> Session: Class initialized using 'CodeIgniter\Session\Handlers\DatabaseHandler' driver.
DEBUG - 2026-07-24 00:44:51 --> Session: Class initialized using 'CodeIgniter\Session\Handlers\DatabaseHandler' driver.
DEBUG - 2026-07-24 00:44:54 --> Session: Class initialized using 'CodeIgniter\Session\Handlers\DatabaseHandler' driver.
DEBUG - 2026-07-24 00:45:00 --> Session: Class initialized using 'CodeIgniter\Session\Handlers\DatabaseHandler' driver.
DEBUG - 2026-07-24 00:45:06 --> Session: Class initialized using 'CodeIgniter\Session\Handlers\DatabaseHandler' driver.
DEBUG - 2026-07-24 00:45:12 --> Session: Class initialized using 'CodeIgniter\Session\Handlers\DatabaseHandler' driver.
DEBUG - 2026-07-24 00:45:18 --> Session: Class initialized using 'CodeIgniter\Session\Handlers\DatabaseHandler' driver.
DEBUG - 2026-07-24 00:45:24 --> Session: Class initialized using 'CodeIgniter\Session\Handlers\DatabaseHandler' driver.
DEBUG - 2026-07-24 00:45:30 --> Session: Class initialized using 'CodeIgniter\Session\Handlers\DatabaseHandler' driver.
DEBUG - 2026-07-24 00:45:36 --> Session: Class initialized using 'CodeIgniter\Session\Handlers\DatabaseHandler' driver.
DEBUG - 2026-07-24 00:45:42 --> Session: Class initialized using 'CodeIgniter\Session\Handlers\DatabaseHandler' driver.
DEBUG - 2026-07-24 00:45:48 --> Session: Class initialized using 'CodeIgniter\Session\Handlers\DatabaseHandler' driver.
DEBUG - 2026-07-24 00:45:52 --> Session: Class initialized using 'CodeIgniter\Session\Handlers\DatabaseHandler' driver.
DEBUG - 2026-07-24 00:45:54 --> Session: Class initialized using 'CodeIgniter\Session\Handlers\DatabaseHandler' driver.
DEBUG - 2026-07-24 00:46:00 --> Session: Class initialized using 'CodeIgniter\Session\Handlers\DatabaseHandler' driver.
DEBUG - 2026-07-24 00:46:06 --> Session: Class initialized using 'CodeIgniter\Session\Handlers\DatabaseHandler' driver.
DEBUG - 2026-07-24 00:46:12 --> Session: Class initialized using 'CodeIgniter\Session\Handlers\DatabaseHandler' driver.
DEBUG - 2026-07-24 00:46:18 --> Session: Class initialized using 'CodeIgniter\Session\Handlers\DatabaseHandler' driver.
DEBUG - 2026-07-24 00:46:24 --> Session: Class initialized using 'CodeIgniter\Session\Handlers\DatabaseHandler' driver.
DEBUG - 2026-07-24 00:46:30 --> Session: Class initialized using 'CodeIgniter\Session\Handlers\DatabaseHandler' driver.
DEBUG - 2026-07-24 00:46:36 --> Session: Class initialized using 'CodeIgniter\Session\Handlers\DatabaseHandler' driver.
DEBUG - 2026-07-24 00:46:42 --> Session: Class initialized using 'CodeIgniter\Session\Handlers\DatabaseHandler' driver.
DEBUG - 2026-07-24 00:46:48 --> Session: Class initialized using 'CodeIgniter\Session\Handlers\DatabaseHandler' driver.
DEBUG - 2026-07-24 00:46:53 --> Session: Class initialized using 'CodeIgniter\Session\Handlers\DatabaseHandler' driver.
DEBUG - 2026-07-24 00:46:54 --> Session: Class initialized using 'CodeIgniter\Session\Handlers\DatabaseHandler' driver.
DEBUG - 2026-07-24 00:47:00 --> Session: Class initialized using 'CodeIgniter\Session\Handlers\DatabaseHandler' driver.
DEBUG - 2026-07-24 00:47:06 --> Session: Class initialized using 'CodeIgniter\Session\Handlers\DatabaseHandler' driver.
DEBUG - 2026-07-24 00:47:12 --> Session: Class initialized using 'CodeIgniter\Session\Handlers\DatabaseHandler' driver.
DEBUG - 2026-07-24 00:47:18 --> Session: Class initialized using 'CodeIgniter\Session\Handlers\DatabaseHandler' driver.
DEBUG - 2026-07-24 00:47:24 --> Session: Class initialized using 'CodeIgniter\Session\Handlers\DatabaseHandler' driver.
DEBUG - 2026-07-24 00:47:30 --> Session: Class initialized using 'CodeIgniter\Session\Handlers\DatabaseHandler' driver.
DEBUG - 2026-07-24 00:47:36 --> Session: Class initialized using 'CodeIgniter\Session\Handlers\DatabaseHandler' driver.
DEBUG - 2026-07-24 00:47:42 --> Session: Class initialized using 'CodeIgniter\Session\Handlers\DatabaseHandler' driver.
DEBUG - 2026-07-24 00:47:48 --> Session: Class initialized using 'CodeIgniter\Session\Handlers\DatabaseHandler' driver.
DEBUG - 2026-07-24 00:47:54 --> Session: Class initialized using 'CodeIgniter\Session\Handlers\DatabaseHandler' driver.
DEBUG - 2026-07-24 00:47:55 --> Session: Class initialized using 'CodeIgniter\Session\Handlers\DatabaseHandler' driver.
DEBUG - 2026-07-24 00:48:00 --> Session: Class initialized using 'CodeIgniter\Session\Handlers\DatabaseHandler' driver.
DEBUG - 2026-07-24 00:48:06 --> Session: Class initialized using 'CodeIgniter\Session\Handlers\DatabaseHandler' driver.
DEBUG - 2026-07-24 00:48:12 --> Session: Class initialized using 'CodeIgniter\Session\Handlers\DatabaseHandler' driver.
DEBUG - 2026-07-24 00:48:18 --> Session: Class initialized using 'CodeIgniter\Session\Handlers\DatabaseHandler' driver.
DEBUG - 2026-07-24 00:48:24 --> Session: Class initialized using 'CodeIgniter\Session\Handlers\DatabaseHandler' driver.
DEBUG - 2026-07-24 00:48:30 --> Session: Class initialized using 'CodeIgniter\Session\Handlers\DatabaseHandler' driver.
DEBUG - 2026-07-24 00:48:36 --> Session: Class initialized using 'CodeIgniter\Session\Handlers\DatabaseHandler' driver.
DEBUG - 2026-07-24 00:48:42 --> Session: Class initialized using 'CodeIgniter\Session\Handlers\DatabaseHandler' driver.
DEBUG - 2026-07-24 00:48:48 --> Session: Class initialized using 'CodeIgniter\Session\Handlers\DatabaseHandler' driver.
DEBUG - 2026-07-24 00:48:54 --> Session: Class initialized using 'CodeIgniter\Session\Handlers\DatabaseHandler' driver.
DEBUG - 2026-07-24 00:48:56 --> Session: Class initialized using 'CodeIgniter\Session\Handlers\DatabaseHandler' driver.
DEBUG - 2026-07-24 00:49:00 --> Session: Class initialized using 'CodeIgniter\Session\Handlers\DatabaseHandler' driver.
DEBUG - 2026-07-24 00:49:06 --> Session: Class initialized using 'CodeIgniter\Session\Handlers\DatabaseHandler' driver.
DEBUG - 2026-07-24 00:49:12 --> Session: Class initialized using 'CodeIgniter\Session\Handlers\DatabaseHandler' driver.
DEBUG - 2026-07-24 00:49:18 --> Session: Class initialized using 'CodeIgniter\Session\Handlers\DatabaseHandler' driver.
DEBUG - 2026-07-24 00:49:24 --> Session: Class initialized using 'CodeIgniter\Session\Handlers\DatabaseHandler' driver.
DEBUG - 2026-07-24 00:49:30 --> Session: Class initialized using 'CodeIgniter\Session\Handlers\DatabaseHandler' driver.
DEBUG - 2026-07-24 00:49:36 --> Session: Class initialized using 'CodeIgniter\Session\Handlers\DatabaseHandler' driver.
DEBUG - 2026-07-24 00:49:42 --> Session: Class initialized using 'CodeIgniter\Session\Handlers\DatabaseHandler' driver.
DEBUG - 2026-07-24 00:49:48 --> Session: Class initialized using 'CodeIgniter\Session\Handlers\DatabaseHandler' driver.
DEBUG - 2026-07-24 00:49:54 --> Session: Class initialized using 'CodeIgniter\Session\Handlers\DatabaseHandler' driver.
DEBUG - 2026-07-24 00:49:57 --> Session: Class initialized using 'CodeIgniter\Session\Handlers\DatabaseHandler' driver.
DEBUG - 2026-07-24 00:50:00 --> Session: Class initialized using 'CodeIgniter\Session\Handlers\DatabaseHandler' driver.
DEBUG - 2026-07-24 00:50:06 --> Session: Class initialized using 'CodeIgniter\Session\Handlers\DatabaseHandler' driver.
DEBUG - 2026-07-24 00:50:12 --> Session: Class initialized using 'CodeIgniter\Session\Handlers\DatabaseHandler' driver.
DEBUG - 2026-07-24 00:50:18 --> Session: Class initialized using 'CodeIgniter\Session\Handlers\DatabaseHandler' driver.
DEBUG - 2026-07-24 00:50:24 --> Session: Class initialized using 'CodeIgniter\Session\Handlers\DatabaseHandler' driver.
DEBUG - 2026-07-24 00:50:30 --> Session: Class initialized using 'CodeIgniter\Session\Handlers\DatabaseHandler' driver.
DEBUG - 2026-07-24 00:50:36 --> Session: Class initialized using 'CodeIgniter\Session\Handlers\DatabaseHandler' driver.
DEBUG - 2026-07-24 00:50:42 --> Session: Class initialized using 'CodeIgniter\Session\Handlers\DatabaseHandler' driver.
DEBUG - 2026-07-24 00:50:48 --> Session: Class initialized using 'CodeIgniter\Session\Handlers\DatabaseHandler' driver.
DEBUG - 2026-07-24 00:50:54 --> Session: Class initialized using 'CodeIgniter\Session\Handlers\DatabaseHandler' driver.
DEBUG - 2026-07-24 00:50:58 --> Session: Class initialized using 'CodeIgniter\Session\Handlers\DatabaseHandler' driver.
DEBUG - 2026-07-24 00:51:00 --> Session: Class initialized using 'CodeIgniter\Session\Handlers\DatabaseHandler' driver.
DEBUG - 2026-07-24 00:51:06 --> Session: Class initialized using 'CodeIgniter\Session\Handlers\DatabaseHandler' driver.
DEBUG - 2026-07-24 00:51:18 --> Session: Class initialized using 'CodeIgniter\Session\Handlers\DatabaseHandler' driver.
DEBUG - 2026-07-24 00:51:29 --> Session: Class initialized using 'CodeIgniter\Session\Handlers\DatabaseHandler' driver.
DEBUG - 2026-07-24 00:51:35 --> Session: Class initialized using 'CodeIgniter\Session\Handlers\DatabaseHandler' driver.
DEBUG - 2026-07-24 00:51:42 --> Session: Class initialized using 'CodeIgniter\Session\Handlers\DatabaseHandler' driver.
DEBUG - 2026-07-24 00:51:49 --> Session: Class initialized using 'CodeIgniter\Session\Handlers\DatabaseHandler' driver.
DEBUG - 2026-07-24 00:51:56 --> Session: Class initialized using 'CodeIgniter\Session\Handlers\DatabaseHandler' driver.
DEBUG - 2026-07-24 00:51:59 --> Session: Class initialized using 'CodeIgniter\Session\Handlers\DatabaseHandler' driver.
DEBUG - 2026-07-24 00:52:02 --> Session: Class initialized using 'CodeIgniter\Session\Handlers\DatabaseHandler' driver.
DEBUG - 2026-07-24 00:52:08 --> Session: Class initialized using 'CodeIgniter\Session\Handlers\DatabaseHandler' driver.
DEBUG - 2026-07-24 00:52:15 --> Session: Class initialized using 'CodeIgniter\Session\Handlers\DatabaseHandler' driver.
DEBUG - 2026-07-24 00:52:23 --> Session: Class initialized using 'CodeIgniter\Session\Handlers\DatabaseHandler' driver.
DEBUG - 2026-07-24 00:52:29 --> Session: Class initialized using 'CodeIgniter\Session\Handlers\DatabaseHandler' driver.
DEBUG - 2026-07-24 00:52:35 --> Session: Class initialized using 'CodeIgniter\Session\Handlers\DatabaseHandler' driver.
DEBUG - 2026-07-24 00:52:41 --> Session: Class initialized using 'CodeIgniter\Session\Handlers\DatabaseHandler' driver.
DEBUG - 2026-07-24 00:52:47 --> Session: Class initialized using 'CodeIgniter\Session\Handlers\DatabaseHandler' driver.
DEBUG - 2026-07-24 00:52:53 --> Session: Class initialized using 'CodeIgniter\Session\Handlers\DatabaseHandler' driver.
DEBUG - 2026-07-24 00:52:59 --> Session: Class initialized using 'CodeIgniter\Session\Handlers\DatabaseHandler' driver.
DEBUG - 2026-07-24 00:53:00 --> Session: Class initialized using 'CodeIgniter\Session\Handlers\DatabaseHandler' driver.
DEBUG - 2026-07-24 00:53:05 --> Session: Class initialized using 'CodeIgniter\Session\Handlers\DatabaseHandler' driver.
DEBUG - 2026-07-24 00:53:11 --> Session: Class initialized using 'CodeIgniter\Session\Handlers\DatabaseHandler' driver.
DEBUG - 2026-07-24 00:53:17 --> Session: Class initialized using 'CodeIgniter\Session\Handlers\DatabaseHandler' driver.
DEBUG - 2026-07-24 00:53:23 --> Session: Class initialized using 'CodeIgniter\Session\Handlers\DatabaseHandler' driver.
DEBUG - 2026-07-24 00:53:29 --> Session: Class initialized using 'CodeIgniter\Session\Handlers\DatabaseHandler' driver.
DEBUG - 2026-07-24 00:53:35 --> Session: Class initialized using 'CodeIgniter\Session\Handlers\DatabaseHandler' driver.
DEBUG - 2026-07-24 00:53:41 --> Session: Class initialized using 'CodeIgniter\Session\Handlers\DatabaseHandler' driver.
DEBUG - 2026-07-24 00:53:47 --> Session: Class initialized using 'CodeIgniter\Session\Handlers\DatabaseHandler' driver.
DEBUG - 2026-07-24 00:53:53 --> Session: Class initialized using 'CodeIgniter\Session\Handlers\DatabaseHandler' driver.
DEBUG - 2026-07-24 00:53:59 --> Session: Class initialized using 'CodeIgniter\Session\Handlers\DatabaseHandler' driver.
DEBUG - 2026-07-24 00:54:01 --> Session: Class initialized using 'CodeIgniter\Session\Handlers\DatabaseHandler' driver.
DEBUG - 2026-07-24 00:54:05 --> Session: Class initialized using 'CodeIgniter\Session\Handlers\DatabaseHandler' driver.
DEBUG - 2026-07-24 00:54:11 --> Session: Class initialized using 'CodeIgniter\Session\Handlers\DatabaseHandler' driver.
DEBUG - 2026-07-24 00:54:17 --> Session: Class initialized using 'CodeIgniter\Session\Handlers\DatabaseHandler' driver.
DEBUG - 2026-07-24 00:54:23 --> Session: Class initialized using 'CodeIgniter\Session\Handlers\DatabaseHandler' driver.
DEBUG - 2026-07-24 00:54:29 --> Session: Class initialized using 'CodeIgniter\Session\Handlers\DatabaseHandler' driver.
DEBUG - 2026-07-24 00:54:35 --> Session: Class initialized using 'CodeIgniter\Session\Handlers\DatabaseHandler' driver.
DEBUG - 2026-07-24 00:54:41 --> Session: Class initialized using 'CodeIgniter\Session\Handlers\DatabaseHandler' driver.
DEBUG - 2026-07-24 00:54:47 --> Session: Class initialized using 'CodeIgniter\Session\Handlers\DatabaseHandler' driver.
DEBUG - 2026-07-24 00:54:53 --> Session: Class initialized using 'CodeIgniter\Session\Handlers\DatabaseHandler' driver.
DEBUG - 2026-07-24 00:54:59 --> Session: Class initialized using 'CodeIgniter\Session\Handlers\DatabaseHandler' driver.
DEBUG - 2026-07-24 00:55:02 --> Session: Class initialized using 'CodeIgniter\Session\Handlers\DatabaseHandler' driver.
DEBUG - 2026-07-24 00:55:05 --> Session: Class initialized using 'CodeIgniter\Session\Handlers\DatabaseHandler' driver.
DEBUG - 2026-07-24 00:55:11 --> Session: Class initialized using 'CodeIgniter\Session\Handlers\DatabaseHandler' driver.
DEBUG - 2026-07-24 00:55:17 --> Session: Class initialized using 'CodeIgniter\Session\Handlers\DatabaseHandler' driver.
DEBUG - 2026-07-24 00:55:23 --> Session: Class initialized using 'CodeIgniter\Session\Handlers\DatabaseHandler' driver.
DEBUG - 2026-07-24 00:55:29 --> Session: Class initialized using 'CodeIgniter\Session\Handlers\DatabaseHandler' driver.
DEBUG - 2026-07-24 00:55:35 --> Session: Class initialized using 'CodeIgniter\Session\Handlers\DatabaseHandler' driver.
DEBUG - 2026-07-24 00:55:41 --> Session: Class initialized using 'CodeIgniter\Session\Handlers\DatabaseHandler' driver.
DEBUG - 2026-07-24 00:56:29 --> Session: Class initialized using 'CodeIgniter\Session\Handlers\DatabaseHandler' driver.
DEBUG - 2026-07-24 00:56:32 --> Session: Class initialized using 'CodeIgniter\Session\Handlers\DatabaseHandler' driver.
DEBUG - 2026-07-24 00:56:35 --> Session: Class initialized using 'CodeIgniter\Session\Handlers\DatabaseHandler' driver.
DEBUG - 2026-07-24 00:56:41 --> Session: Class initialized using 'CodeIgniter\Session\Handlers\DatabaseHandler' driver.
DEBUG - 2026-07-24 00:56:47 --> Session: Class initialized using 'CodeIgniter\Session\Handlers\DatabaseHandler' driver.
DEBUG - 2026-07-24 00:56:53 --> Session: Class initialized using 'CodeIgniter\Session\Handlers\DatabaseHandler' driver.
DEBUG - 2026-07-24 00:56:59 --> Session: Class initialized using 'CodeIgniter\Session\Handlers\DatabaseHandler' driver.
DEBUG - 2026-07-24 00:57:05 --> Session: Class initialized using 'CodeIgniter\Session\Handlers\DatabaseHandler' driver.
DEBUG - 2026-07-24 00:57:11 --> Session: Class initialized using 'CodeIgniter\Session\Handlers\DatabaseHandler' driver.
DEBUG - 2026-07-24 00:57:17 --> Session: Class initialized using 'CodeIgniter\Session\Handlers\DatabaseHandler' driver.
DEBUG - 2026-07-24 00:57:23 --> Session: Class initialized using 'CodeIgniter\Session\Handlers\DatabaseHandler' driver.
DEBUG - 2026-07-24 00:57:29 --> Session: Class initialized using 'CodeIgniter\Session\Handlers\DatabaseHandler' driver.
DEBUG - 2026-07-24 00:57:33 --> Session: Class initialized using 'CodeIgniter\Session\Handlers\DatabaseHandler' driver.
DEBUG - 2026-07-24 00:57:35 --> Session: Class initialized using 'CodeIgniter\Session\Handlers\DatabaseHandler' driver.
DEBUG - 2026-07-24 00:57:41 --> Session: Class initialized using 'CodeIgniter\Session\Handlers\DatabaseHandler' driver.
DEBUG - 2026-07-24 00:57:47 --> Session: Class initialized using 'CodeIgniter\Session\Handlers\DatabaseHandler' driver.
DEBUG - 2026-07-24 00:57:53 --> Session: Class initialized using 'CodeIgniter\Session\Handlers\DatabaseHandler' driver.
DEBUG - 2026-07-24 00:57:59 --> Session: Class initialized using 'CodeIgniter\Session\Handlers\DatabaseHandler' driver.
DEBUG - 2026-07-24 00:58:05 --> Session: Class initialized using 'CodeIgniter\Session\Handlers\DatabaseHandler' driver.
DEBUG - 2026-07-24 00:58:11 --> Session: Class initialized using 'CodeIgniter\Session\Handlers\DatabaseHandler' driver.
DEBUG - 2026-07-24 00:58:17 --> Session: Class initialized using 'CodeIgniter\Session\Handlers\DatabaseHandler' driver.
DEBUG - 2026-07-24 00:58:23 --> Session: Class initialized using 'CodeIgniter\Session\Handlers\DatabaseHandler' driver.
DEBUG - 2026-07-24 00:58:29 --> Session: Class initialized using 'CodeIgniter\Session\Handlers\DatabaseHandler' driver.
DEBUG - 2026-07-24 00:58:34 --> Session: Class initialized using 'CodeIgniter\Session\Handlers\DatabaseHandler' driver.
DEBUG - 2026-07-24 00:58:35 --> Session: Class initialized using 'CodeIgniter\Session\Handlers\DatabaseHandler' driver.
DEBUG - 2026-07-24 00:58:41 --> Session: Class initialized using 'CodeIgniter\Session\Handlers\DatabaseHandler' driver.
DEBUG - 2026-07-24 00:58:47 --> Session: Class initialized using 'CodeIgniter\Session\Handlers\DatabaseHandler' driver.
DEBUG - 2026-07-24 00:58:53 --> Session: Class initialized using 'CodeIgniter\Session\Handlers\DatabaseHandler' driver.
DEBUG - 2026-07-24 00:58:59 --> Session: Class initialized using 'CodeIgniter\Session\Handlers\DatabaseHandler' driver.
DEBUG - 2026-07-24 00:59:05 --> Session: Class initialized using 'CodeIgniter\Session\Handlers\DatabaseHandler' driver.
DEBUG - 2026-07-24 00:59:11 --> Session: Class initialized using 'CodeIgniter\Session\Handlers\DatabaseHandler' driver.
DEBUG - 2026-07-24 00:59:17 --> Session: Class initialized using 'CodeIgniter\Session\Handlers\DatabaseHandler' driver.
DEBUG - 2026-07-24 00:59:23 --> Session: Class initialized using 'CodeIgniter\Session\Handlers\DatabaseHandler' driver.
DEBUG - 2026-07-24 00:59:29 --> Session: Class initialized using 'CodeIgniter\Session\Handlers\DatabaseHandler' driver.
DEBUG - 2026-07-24 00:59:35 --> Session: Class initialized using 'CodeIgniter\Session\Handlers\DatabaseHandler' driver.
DEBUG - 2026-07-24 00:59:36 --> Session: Class initialized using 'CodeIgniter\Session\Handlers\DatabaseHandler' driver.
DEBUG - 2026-07-24 00:59:42 --> Session: Class initialized using 'CodeIgniter\Session\Handlers\DatabaseHandler' driver.
DEBUG - 2026-07-24 00:59:48 --> Session: Class initialized using 'CodeIgniter\Session\Handlers\DatabaseHandler' driver.
DEBUG - 2026-07-24 00:59:54 --> Session: Class initialized using 'CodeIgniter\Session\Handlers\DatabaseHandler' driver.
DEBUG - 2026-07-24 01:00:00 --> Session: Class initialized using 'CodeIgniter\Session\Handlers\DatabaseHandler' driver.
DEBUG - 2026-07-24 01:00:06 --> Session: Class initialized using 'CodeIgniter\Session\Handlers\DatabaseHandler' driver.
DEBUG - 2026-07-24 01:00:12 --> Session: Class initialized using 'CodeIgniter\Session\Handlers\DatabaseHandler' driver.
DEBUG - 2026-07-24 01:00:18 --> Session: Class initialized using 'CodeIgniter\Session\Handlers\DatabaseHandler' driver.
DEBUG - 2026-07-24 01:00:24 --> Session: Class initialized using 'CodeIgniter\Session\Handlers\DatabaseHandler' driver.
DEBUG - 2026-07-24 01:00:30 --> Session: Class initialized using 'CodeIgniter\Session\Handlers\DatabaseHandler' driver.
DEBUG - 2026-07-24 01:00:36 --> Session: Class initialized using 'CodeIgniter\Session\Handlers\DatabaseHandler' driver.
DEBUG - 2026-07-24 01:00:37 --> Session: Class initialized using 'CodeIgniter\Session\Handlers\DatabaseHandler' driver.
DEBUG - 2026-07-24 01:00:43 --> Session: Class initialized using 'CodeIgniter\Session\Handlers\DatabaseHandler' driver.
DEBUG - 2026-07-24 01:00:49 --> Session: Class initialized using 'CodeIgniter\Session\Handlers\DatabaseHandler' driver.
DEBUG - 2026-07-24 01:00:55 --> Session: Class initialized using 'CodeIgniter\Session\Handlers\DatabaseHandler' driver.
DEBUG - 2026-07-24 01:01:01 --> Session: Class initialized using 'CodeIgniter\Session\Handlers\DatabaseHandler' driver.
DEBUG - 2026-07-24 01:01:07 --> Session: Class initialized using 'CodeIgniter\Session\Handlers\DatabaseHandler' driver.
DEBUG - 2026-07-24 01:01:13 --> Session: Class initialized using 'CodeIgniter\Session\Handlers\DatabaseHandler' driver.
DEBUG - 2026-07-24 01:01:19 --> Session: Class initialized using 'CodeIgniter\Session\Handlers\DatabaseHandler' driver.
DEBUG - 2026-07-24 01:01:25 --> Session: Class initialized using 'CodeIgniter\Session\Handlers\DatabaseHandler' driver.
DEBUG - 2026-07-24 01:01:31 --> Session: Class initialized using 'CodeIgniter\Session\Handlers\DatabaseHandler' driver.
DEBUG - 2026-07-24 01:01:37 --> Session: Class initialized using 'CodeIgniter\Session\Handlers\DatabaseHandler' driver.
DEBUG - 2026-07-24 01:01:38 --> Session: Class initialized using 'CodeIgniter\Session\Handlers\DatabaseHandler' driver.
DEBUG - 2026-07-24 01:01:43 --> Session: Class initialized using 'CodeIgniter\Session\Handlers\DatabaseHandler' driver.
DEBUG - 2026-07-24 01:01:49 --> Session: Class initialized using 'CodeIgniter\Session\Handlers\DatabaseHandler' driver.
DEBUG - 2026-07-24 01:01:55 --> Session: Class initialized using 'CodeIgniter\Session\Handlers\DatabaseHandler' driver.
DEBUG - 2026-07-24 01:02:01 --> Session: Class initialized using 'CodeIgniter\Session\Handlers\DatabaseHandler' driver.
DEBUG - 2026-07-24 01:02:07 --> Session: Class initialized using 'CodeIgniter\Session\Handlers\DatabaseHandler' driver.
DEBUG - 2026-07-24 01:02:13 --> Session: Class initialized using 'CodeIgniter\Session\Handlers\DatabaseHandler' driver.
DEBUG - 2026-07-24 01:02:19 --> Session: Class initialized using 'CodeIgniter\Session\Handlers\DatabaseHandler' driver.
DEBUG - 2026-07-24 01:02:25 --> Session: Class initialized using 'CodeIgniter\Session\Handlers\DatabaseHandler' driver.
DEBUG - 2026-07-24 01:02:31 --> Session: Class initialized using 'CodeIgniter\Session\Handlers\DatabaseHandler' driver.
DEBUG - 2026-07-24 01:02:37 --> Session: Class initialized using 'CodeIgniter\Session\Handlers\DatabaseHandler' driver.
DEBUG - 2026-07-24 01:02:39 --> Session: Class initialized using 'CodeIgniter\Session\Handlers\DatabaseHandler' driver.
DEBUG - 2026-07-24 01:02:43 --> Session: Class initialized using 'CodeIgniter\Session\Handlers\DatabaseHandler' driver.
DEBUG - 2026-07-24 01:02:49 --> Session: Class initialized using 'CodeIgniter\Session\Handlers\DatabaseHandler' driver.
DEBUG - 2026-07-24 01:02:55 --> Session: Class initialized using 'CodeIgniter\Session\Handlers\DatabaseHandler' driver.
DEBUG - 2026-07-24 01:03:01 --> Session: Class initialized using 'CodeIgniter\Session\Handlers\DatabaseHandler' driver.
DEBUG - 2026-07-24 01:03:07 --> Session: Class initialized using 'CodeIgniter\Session\Handlers\DatabaseHandler' driver.
DEBUG - 2026-07-24 01:03:13 --> Session: Class initialized using 'CodeIgniter\Session\Handlers\DatabaseHandler' driver.
DEBUG - 2026-07-24 01:03:19 --> Session: Class initialized using 'CodeIgniter\Session\Handlers\DatabaseHandler' driver.
DEBUG - 2026-07-24 01:03:25 --> Session: Class initialized using 'CodeIgniter\Session\Handlers\DatabaseHandler' driver.
DEBUG - 2026-07-24 01:03:31 --> Session: Class initialized using 'CodeIgniter\Session\Handlers\DatabaseHandler' driver.
DEBUG - 2026-07-24 01:03:37 --> Session: Class initialized using 'CodeIgniter\Session\Handlers\DatabaseHandler' driver.
DEBUG - 2026-07-24 01:03:40 --> Session: Class initialized using 'CodeIgniter\Session\Handlers\DatabaseHandler' driver.
DEBUG - 2026-07-24 01:03:43 --> Session: Class initialized using 'CodeIgniter\Session\Handlers\DatabaseHandler' driver.
DEBUG - 2026-07-24 01:03:49 --> Session: Class initialized using 'CodeIgniter\Session\Handlers\DatabaseHandler' driver.
DEBUG - 2026-07-24 01:03:55 --> Session: Class initialized using 'CodeIgniter\Session\Handlers\DatabaseHandler' driver.
DEBUG - 2026-07-24 01:04:01 --> Session: Class initialized using 'CodeIgniter\Session\Handlers\DatabaseHandler' driver.
DEBUG - 2026-07-24 01:04:07 --> Session: Class initialized using 'CodeIgniter\Session\Handlers\DatabaseHandler' driver.
DEBUG - 2026-07-24 01:04:13 --> Session: Class initialized using 'CodeIgniter\Session\Handlers\DatabaseHandler' driver.
DEBUG - 2026-07-24 01:04:19 --> Session: Class initialized using 'CodeIgniter\Session\Handlers\DatabaseHandler' driver.
DEBUG - 2026-07-24 01:04:25 --> Session: Class initialized using 'CodeIgniter\Session\Handlers\DatabaseHandler' driver.
DEBUG - 2026-07-24 01:04:31 --> Session: Class initialized using 'CodeIgniter\Session\Handlers\DatabaseHandler' driver.
DEBUG - 2026-07-24 01:04:37 --> Session: Class initialized using 'CodeIgniter\Session\Handlers\DatabaseHandler' driver.
DEBUG - 2026-07-24 01:04:41 --> Session: Class initialized using 'CodeIgniter\Session\Handlers\DatabaseHandler' driver.
DEBUG - 2026-07-24 01:04:43 --> Session: Class initialized using 'CodeIgniter\Session\Handlers\DatabaseHandler' driver.
DEBUG - 2026-07-24 01:04:49 --> Session: Class initialized using 'CodeIgniter\Session\Handlers\DatabaseHandler' driver.
DEBUG - 2026-07-24 01:04:55 --> Session: Class initialized using 'CodeIgniter\Session\Handlers\DatabaseHandler' driver.
DEBUG - 2026-07-24 01:05:01 --> Session: Class initialized using 'CodeIgniter\Session\Handlers\DatabaseHandler' driver.
DEBUG - 2026-07-24 01:05:07 --> Session: Class initialized using 'CodeIgniter\Session\Handlers\DatabaseHandler' driver.
DEBUG - 2026-07-24 01:05:13 --> Session: Class initialized using 'CodeIgniter\Session\Handlers\DatabaseHandler' driver.
DEBUG - 2026-07-24 01:05:19 --> Session: Class initialized using 'CodeIgniter\Session\Handlers\DatabaseHandler' driver.
DEBUG - 2026-07-24 01:05:25 --> Session: Class initialized using 'CodeIgniter\Session\Handlers\DatabaseHandler' driver.
DEBUG - 2026-07-24 01:05:31 --> Session: Class initialized using 'CodeIgniter\Session\Handlers\DatabaseHandler' driver.
DEBUG - 2026-07-24 01:05:37 --> Session: Class initialized using 'CodeIgniter\Session\Handlers\DatabaseHandler' driver.
DEBUG - 2026-07-24 01:05:42 --> Session: Class initialized using 'CodeIgniter\Session\Handlers\DatabaseHandler' driver.
DEBUG - 2026-07-24 01:05:43 --> Session: Class initialized using 'CodeIgniter\Session\Handlers\DatabaseHandler' driver.
DEBUG - 2026-07-24 01:05:49 --> Session: Class initialized using 'CodeIgniter\Session\Handlers\DatabaseHandler' driver.
DEBUG - 2026-07-24 01:05:55 --> Session: Class initialized using 'CodeIgniter\Session\Handlers\DatabaseHandler' driver.
DEBUG - 2026-07-24 01:06:01 --> Session: Class initialized using 'CodeIgniter\Session\Handlers\DatabaseHandler' driver.
DEBUG - 2026-07-24 01:06:08 --> Session: Class initialized using 'CodeIgniter\Session\Handlers\DatabaseHandler' driver.
DEBUG - 2026-07-24 01:06:13 --> Session: Class initialized using 'CodeIgniter\Session\Handlers\DatabaseHandler' driver.
DEBUG - 2026-07-24 01:06:20 --> Session: Class initialized using 'CodeIgniter\Session\Handlers\DatabaseHandler' driver.
DEBUG - 2026-07-24 01:06:26 --> Session: Class initialized using 'CodeIgniter\Session\Handlers\DatabaseHandler' driver.
DEBUG - 2026-07-24 01:06:32 --> Session: Class initialized using 'CodeIgniter\Session\Handlers\DatabaseHandler' driver.
DEBUG - 2026-07-24 01:06:41 --> Session: Class initialized using 'CodeIgniter\Session\Handlers\DatabaseHandler' driver.
DEBUG - 2026-07-24 01:06:43 --> Session: Class initialized using 'CodeIgniter\Session\Handlers\DatabaseHandler' driver.
DEBUG - 2026-07-24 01:06:46 --> Session: Class initialized using 'CodeIgniter\Session\Handlers\DatabaseHandler' driver.
DEBUG - 2026-07-24 01:06:52 --> Session: Class initialized using 'CodeIgniter\Session\Handlers\DatabaseHandler' driver.
DEBUG - 2026-07-24 01:06:58 --> Session: Class initialized using 'CodeIgniter\Session\Handlers\DatabaseHandler' driver.
DEBUG - 2026-07-24 01:07:04 --> Session: Class initialized using 'CodeIgniter\Session\Handlers\DatabaseHandler' driver.
DEBUG - 2026-07-24 01:07:10 --> Session: Class initialized using 'CodeIgniter\Session\Handlers\DatabaseHandler' driver.
DEBUG - 2026-07-24 01:07:16 --> Session: Class initialized using 'CodeIgniter\Session\Handlers\DatabaseHandler' driver.
DEBUG - 2026-07-24 01:07:22 --> Session: Class initialized using 'CodeIgniter\Session\Handlers\DatabaseHandler' driver.
DEBUG - 2026-07-24 01:07:28 --> Session: Class initialized using 'CodeIgniter\Session\Handlers\DatabaseHandler' driver.
DEBUG - 2026-07-24 01:07:34 --> Session: Class initialized using 'CodeIgniter\Session\Handlers\DatabaseHandler' driver.
DEBUG - 2026-07-24 01:07:40 --> Session: Class initialized using 'CodeIgniter\Session\Handlers\DatabaseHandler' driver.
DEBUG - 2026-07-24 01:07:44 --> Session: Class initialized using 'CodeIgniter\Session\Handlers\DatabaseHandler' driver.
DEBUG - 2026-07-24 01:07:46 --> Session: Class initialized using 'CodeIgniter\Session\Handlers\DatabaseHandler' driver.
DEBUG - 2026-07-24 01:07:52 --> Session: Class initialized using 'CodeIgniter\Session\Handlers\DatabaseHandler' driver.
DEBUG - 2026-07-24 01:07:58 --> Session: Class initialized using 'CodeIgniter\Session\Handlers\DatabaseHandler' driver.
DEBUG - 2026-07-24 01:08:04 --> Session: Class initialized using 'CodeIgniter\Session\Handlers\DatabaseHandler' driver.
DEBUG - 2026-07-24 01:08:10 --> Session: Class initialized using 'CodeIgniter\Session\Handlers\DatabaseHandler' driver.
DEBUG - 2026-07-24 01:08:16 --> Session: Class initialized using 'CodeIgniter\Session\Handlers\DatabaseHandler' driver.
DEBUG - 2026-07-24 01:08:22 --> Session: Class initialized using 'CodeIgniter\Session\Handlers\DatabaseHandler' driver.
DEBUG - 2026-07-24 01:08:28 --> Session: Class initialized using 'CodeIgniter\Session\Handlers\DatabaseHandler' driver.
DEBUG - 2026-07-24 01:08:34 --> Session: Class initialized using 'CodeIgniter\Session\Handlers\DatabaseHandler' driver.
DEBUG - 2026-07-24 01:08:40 --> Session: Class initialized using 'CodeIgniter\Session\Handlers\DatabaseHandler' driver.
DEBUG - 2026-07-24 01:08:45 --> Session: Class initialized using 'CodeIgniter\Session\Handlers\DatabaseHandler' driver.
DEBUG - 2026-07-24 01:08:46 --> Session: Class initialized using 'CodeIgniter\Session\Handlers\DatabaseHandler' driver.
DEBUG - 2026-07-24 01:08:52 --> Session: Class initialized using 'CodeIgniter\Session\Handlers\DatabaseHandler' driver.
DEBUG - 2026-07-24 01:08:58 --> Session: Class initialized using 'CodeIgniter\Session\Handlers\DatabaseHandler' driver.
DEBUG - 2026-07-24 01:09:04 --> Session: Class initialized using 'CodeIgniter\Session\Handlers\DatabaseHandler' driver.
DEBUG - 2026-07-24 01:09:10 --> Session: Class initialized using 'CodeIgniter\Session\Handlers\DatabaseHandler' driver.
DEBUG - 2026-07-24 01:09:16 --> Session: Class initialized using 'CodeIgniter\Session\Handlers\DatabaseHandler' driver.
DEBUG - 2026-07-24 01:09:22 --> Session: Class initialized using 'CodeIgniter\Session\Handlers\DatabaseHandler' driver.
DEBUG - 2026-07-24 01:09:28 --> Session: Class initialized using 'CodeIgniter\Session\Handlers\DatabaseHandler' driver.
DEBUG - 2026-07-24 01:09:34 --> Session: Class initialized using 'CodeIgniter\Session\Handlers\DatabaseHandler' driver.
DEBUG - 2026-07-24 01:09:40 --> Session: Class initialized using 'CodeIgniter\Session\Handlers\DatabaseHandler' driver.
DEBUG - 2026-07-24 01:09:46 --> Session: Class initialized using 'CodeIgniter\Session\Handlers\DatabaseHandler' driver.
DEBUG - 2026-07-24 01:09:47 --> Session: Class initialized using 'CodeIgniter\Session\Handlers\DatabaseHandler' driver.
DEBUG - 2026-07-24 01:09:53 --> Session: Class initialized using 'CodeIgniter\Session\Handlers\DatabaseHandler' driver.
DEBUG - 2026-07-24 01:09:59 --> Session: Class initialized using 'CodeIgniter\Session\Handlers\DatabaseHandler' driver.
DEBUG - 2026-07-24 01:10:05 --> Session: Class initialized using 'CodeIgniter\Session\Handlers\DatabaseHandler' driver.
DEBUG - 2026-07-24 01:10:11 --> Session: Class initialized using 'CodeIgniter\Session\Handlers\DatabaseHandler' driver.
DEBUG - 2026-07-24 01:10:17 --> Session: Class initialized using 'CodeIgniter\Session\Handlers\DatabaseHandler' driver.
DEBUG - 2026-07-24 01:10:23 --> Session: Class initialized using 'CodeIgniter\Session\Handlers\DatabaseHandler' driver.
DEBUG - 2026-07-24 01:10:29 --> Session: Class initialized using 'CodeIgniter\Session\Handlers\DatabaseHandler' driver.
DEBUG - 2026-07-24 01:10:35 --> Session: Class initialized using 'CodeIgniter\Session\Handlers\DatabaseHandler' driver.
DEBUG - 2026-07-24 01:10:41 --> Session: Class initialized using 'CodeIgniter\Session\Handlers\DatabaseHandler' driver.
DEBUG - 2026-07-24 01:10:47 --> Session: Class initialized using 'CodeIgniter\Session\Handlers\DatabaseHandler' driver.
DEBUG - 2026-07-24 01:10:48 --> Session: Class initialized using 'CodeIgniter\Session\Handlers\DatabaseHandler' driver.
DEBUG - 2026-07-24 01:10:54 --> Session: Class initialized using 'CodeIgniter\Session\Handlers\DatabaseHandler' driver.
DEBUG - 2026-07-24 01:11:00 --> Session: Class initialized using 'CodeIgniter\Session\Handlers\DatabaseHandler' driver.
DEBUG - 2026-07-24 01:11:06 --> Session: Class initialized using 'CodeIgniter\Session\Handlers\DatabaseHandler' driver.
DEBUG - 2026-07-24 01:11:12 --> Session: Class initialized using 'CodeIgniter\Session\Handlers\DatabaseHandler' driver.
DEBUG - 2026-07-24 01:11:18 --> Session: Class initialized using 'CodeIgniter\Session\Handlers\DatabaseHandler' driver.
DEBUG - 2026-07-24 01:11:24 --> Session: Class initialized using 'CodeIgniter\Session\Handlers\DatabaseHandler' driver.
DEBUG - 2026-07-24 01:11:30 --> Session: Class initialized using 'CodeIgniter\Session\Handlers\DatabaseHandler' driver.
DEBUG - 2026-07-24 01:11:36 --> Session: Class initialized using 'CodeIgniter\Session\Handlers\DatabaseHandler' driver.
DEBUG - 2026-07-24 01:11:42 --> Session: Class initialized using 'CodeIgniter\Session\Handlers\DatabaseHandler' driver.
DEBUG - 2026-07-24 01:11:48 --> Session: Class initialized using 'CodeIgniter\Session\Handlers\DatabaseHandler' driver.
DEBUG - 2026-07-24 01:11:49 --> Session: Class initialized using 'CodeIgniter\Session\Handlers\DatabaseHandler' driver.
DEBUG - 2026-07-24 01:11:55 --> Session: Class initialized using 'CodeIgniter\Session\Handlers\DatabaseHandler' driver.
DEBUG - 2026-07-24 01:12:01 --> Session: Class initialized using 'CodeIgniter\Session\Handlers\DatabaseHandler' driver.
DEBUG - 2026-07-24 01:12:07 --> Session: Class initialized using 'CodeIgniter\Session\Handlers\DatabaseHandler' driver.
DEBUG - 2026-07-24 01:12:13 --> Session: Class initialized using 'CodeIgniter\Session\Handlers\DatabaseHandler' driver.
DEBUG - 2026-07-24 01:12:19 --> Session: Class initialized using 'CodeIgniter\Session\Handlers\DatabaseHandler' driver.
DEBUG - 2026-07-24 01:12:25 --> Session: Class initialized using 'CodeIgniter\Session\Handlers\DatabaseHandler' driver.
DEBUG - 2026-07-24 01:12:31 --> Session: Class initialized using 'CodeIgniter\Session\Handlers\DatabaseHandler' driver.
DEBUG - 2026-07-24 01:12:37 --> Session: Class initialized using 'CodeIgniter\Session\Handlers\DatabaseHandler' driver.
DEBUG - 2026-07-24 01:12:43 --> Session: Class initialized using 'CodeIgniter\Session\Handlers\DatabaseHandler' driver.
DEBUG - 2026-07-24 01:12:49 --> Session: Class initialized using 'CodeIgniter\Session\Handlers\DatabaseHandler' driver.
DEBUG - 2026-07-24 01:12:50 --> Session: Class initialized using 'CodeIgniter\Session\Handlers\DatabaseHandler' driver.
DEBUG - 2026-07-24 01:12:55 --> Session: Class initialized using 'CodeIgniter\Session\Handlers\DatabaseHandler' driver.
DEBUG - 2026-07-24 01:13:01 --> Session: Class initialized using 'CodeIgniter\Session\Handlers\DatabaseHandler' driver.
DEBUG - 2026-07-24 01:13:07 --> Session: Class initialized using 'CodeIgniter\Session\Handlers\DatabaseHandler' driver.
DEBUG - 2026-07-24 01:13:13 --> Session: Class initialized using 'CodeIgniter\Session\Handlers\DatabaseHandler' driver.
DEBUG - 2026-07-24 01:13:19 --> Session: Class initialized using 'CodeIgniter\Session\Handlers\DatabaseHandler' driver.
DEBUG - 2026-07-24 01:13:25 --> Session: Class initialized using 'CodeIgniter\Session\Handlers\DatabaseHandler' driver.
DEBUG - 2026-07-24 01:13:31 --> Session: Class initialized using 'CodeIgniter\Session\Handlers\DatabaseHandler' driver.
DEBUG - 2026-07-24 01:13:37 --> Session: Class initialized using 'CodeIgniter\Session\Handlers\DatabaseHandler' driver.
DEBUG - 2026-07-24 01:13:43 --> Session: Class initialized using 'CodeIgniter\Session\Handlers\DatabaseHandler' driver.
DEBUG - 2026-07-24 01:13:49 --> Session: Class initialized using 'CodeIgniter\Session\Handlers\DatabaseHandler' driver.
DEBUG - 2026-07-24 01:13:51 --> Session: Class initialized using 'CodeIgniter\Session\Handlers\DatabaseHandler' driver.
DEBUG - 2026-07-24 01:13:55 --> Session: Class initialized using 'CodeIgniter\Session\Handlers\DatabaseHandler' driver.
DEBUG - 2026-07-24 01:14:01 --> Session: Class initialized using 'CodeIgniter\Session\Handlers\DatabaseHandler' driver.
DEBUG - 2026-07-24 01:14:07 --> Session: Class initialized using 'CodeIgniter\Session\Handlers\DatabaseHandler' driver.
DEBUG - 2026-07-24 01:14:13 --> Session: Class initialized using 'CodeIgniter\Session\Handlers\DatabaseHandler' driver.
DEBUG - 2026-07-24 01:14:19 --> Session: Class initialized using 'CodeIgniter\Session\Handlers\DatabaseHandler' driver.
DEBUG - 2026-07-24 01:14:25 --> Session: Class initialized using 'CodeIgniter\Session\Handlers\DatabaseHandler' driver.
DEBUG - 2026-07-24 01:14:31 --> Session: Class initialized using 'CodeIgniter\Session\Handlers\DatabaseHandler' driver.
DEBUG - 2026-07-24 01:14:37 --> Session: Class initialized using 'CodeIgniter\Session\Handlers\DatabaseHandler' driver.
DEBUG - 2026-07-24 01:14:43 --> Session: Class initialized using 'CodeIgniter\Session\Handlers\DatabaseHandler' driver.
DEBUG - 2026-07-24 01:14:49 --> Session: Class initialized using 'CodeIgniter\Session\Handlers\DatabaseHandler' driver.
DEBUG - 2026-07-24 01:14:52 --> Session: Class initialized using 'CodeIgniter\Session\Handlers\DatabaseHandler' driver.
DEBUG - 2026-07-24 01:14:55 --> Session: Class initialized using 'CodeIgniter\Session\Handlers\DatabaseHandler' driver.
DEBUG - 2026-07-24 01:15:01 --> Session: Class initialized using 'CodeIgniter\Session\Handlers\DatabaseHandler' driver.
DEBUG - 2026-07-24 01:15:07 --> Session: Class initialized using 'CodeIgniter\Session\Handlers\DatabaseHandler' driver.
DEBUG - 2026-07-24 01:15:13 --> Session: Class initialized using 'CodeIgniter\Session\Handlers\DatabaseHandler' driver.
DEBUG - 2026-07-24 01:15:19 --> Session: Class initialized using 'CodeIgniter\Session\Handlers\DatabaseHandler' driver.
DEBUG - 2026-07-24 01:15:25 --> Session: Class initialized using 'CodeIgniter\Session\Handlers\DatabaseHandler' driver.
DEBUG - 2026-07-24 01:15:31 --> Session: Class initialized using 'CodeIgniter\Session\Handlers\DatabaseHandler' driver.
DEBUG - 2026-07-24 01:15:37 --> Session: Class initialized using 'CodeIgniter\Session\Handlers\DatabaseHandler' driver.
DEBUG - 2026-07-24 01:15:43 --> Session: Class initialized using 'CodeIgniter\Session\Handlers\DatabaseHandler' driver.
DEBUG - 2026-07-24 01:15:49 --> Session: Class initialized using 'CodeIgniter\Session\Handlers\DatabaseHandler' driver.
DEBUG - 2026-07-24 01:15:53 --> Session: Class initialized using 'CodeIgniter\Session\Handlers\DatabaseHandler' driver.
DEBUG - 2026-07-24 01:15:55 --> Session: Class initialized using 'CodeIgniter\Session\Handlers\DatabaseHandler' driver.
DEBUG - 2026-07-24 01:16:01 --> Session: Class initialized using 'CodeIgniter\Session\Handlers\DatabaseHandler' driver.
DEBUG - 2026-07-24 01:16:07 --> Session: Class initialized using 'CodeIgniter\Session\Handlers\DatabaseHandler' driver.
DEBUG - 2026-07-24 01:16:13 --> Session: Class initialized using 'CodeIgniter\Session\Handlers\DatabaseHandler' driver.
DEBUG - 2026-07-24 01:16:19 --> Session: Class initialized using 'CodeIgniter\Session\Handlers\DatabaseHandler' driver.
DEBUG - 2026-07-24 01:16:25 --> Session: Class initialized using 'CodeIgniter\Session\Handlers\DatabaseHandler' driver.
DEBUG - 2026-07-24 01:16:31 --> Session: Class initialized using 'CodeIgniter\Session\Handlers\DatabaseHandler' driver.
DEBUG - 2026-07-24 01:16:37 --> Session: Class initialized using 'CodeIgniter\Session\Handlers\DatabaseHandler' driver.
DEBUG - 2026-07-24 01:16:43 --> Session: Class initialized using 'CodeIgniter\Session\Handlers\DatabaseHandler' driver.
DEBUG - 2026-07-24 01:16:49 --> Session: Class initialized using 'CodeIgniter\Session\Handlers\DatabaseHandler' driver.
DEBUG - 2026-07-24 01:16:54 --> Session: Class initialized using 'CodeIgniter\Session\Handlers\DatabaseHandler' driver.
DEBUG - 2026-07-24 01:16:55 --> Session: Class initialized using 'CodeIgniter\Session\Handlers\DatabaseHandler' driver.
DEBUG - 2026-07-24 01:17:01 --> Session: Class initialized using 'CodeIgniter\Session\Handlers\DatabaseHandler' driver.
DEBUG - 2026-07-24 01:17:07 --> Session: Class initialized using 'CodeIgniter\Session\Handlers\DatabaseHandler' driver.
DEBUG - 2026-07-24 01:17:13 --> Session: Class initialized using 'CodeIgniter\Session\Handlers\DatabaseHandler' driver.
DEBUG - 2026-07-24 01:17:19 --> Session: Class initialized using 'CodeIgniter\Session\Handlers\DatabaseHandler' driver.
DEBUG - 2026-07-24 01:17:25 --> Session: Class initialized using 'CodeIgniter\Session\Handlers\DatabaseHandler' driver.
DEBUG - 2026-07-24 01:17:31 --> Session: Class initialized using 'CodeIgniter\Session\Handlers\DatabaseHandler' driver.
DEBUG - 2026-07-24 01:17:37 --> Session: Class initialized using 'CodeIgniter\Session\Handlers\DatabaseHandler' driver.
DEBUG - 2026-07-24 01:17:43 --> Session: Class initialized using 'CodeIgniter\Session\Handlers\DatabaseHandler' driver.
DEBUG - 2026-07-24 01:17:49 --> Session: Class initialized using 'CodeIgniter\Session\Handlers\DatabaseHandler' driver.
DEBUG - 2026-07-24 01:17:55 --> Session: Class initialized using 'CodeIgniter\Session\Handlers\DatabaseHandler' driver.
DEBUG - 2026-07-24 01:17:56 --> Session: Class initialized using 'CodeIgniter\Session\Handlers\DatabaseHandler' driver.
DEBUG - 2026-07-24 01:18:01 --> Session: Class initialized using 'CodeIgniter\Session\Handlers\DatabaseHandler' driver.
DEBUG - 2026-07-24 01:18:07 --> Session: Class initialized using 'CodeIgniter\Session\Handlers\DatabaseHandler' driver.
DEBUG - 2026-07-24 01:18:13 --> Session: Class initialized using 'CodeIgniter\Session\Handlers\DatabaseHandler' driver.
DEBUG - 2026-07-24 01:18:19 --> Session: Class initialized using 'CodeIgniter\Session\Handlers\DatabaseHandler' driver.
DEBUG - 2026-07-24 01:18:25 --> Session: Class initialized using 'CodeIgniter\Session\Handlers\DatabaseHandler' driver.
DEBUG - 2026-07-24 01:18:31 --> Session: Class initialized using 'CodeIgniter\Session\Handlers\DatabaseHandler' driver.
DEBUG - 2026-07-24 01:18:37 --> Session: Class initialized using 'CodeIgniter\Session\Handlers\DatabaseHandler' driver.
DEBUG - 2026-07-24 01:18:43 --> Session: Class initialized using 'CodeIgniter\Session\Handlers\DatabaseHandler' driver.
DEBUG - 2026-07-24 01:18:49 --> Session: Class initialized using 'CodeIgniter\Session\Handlers\DatabaseHandler' driver.
DEBUG - 2026-07-24 01:18:55 --> Session: Class initialized using 'CodeIgniter\Session\Handlers\DatabaseHandler' driver.
DEBUG - 2026-07-24 01:18:57 --> Session: Class initialized using 'CodeIgniter\Session\Handlers\DatabaseHandler' driver.
DEBUG - 2026-07-24 01:19:01 --> Session: Class initialized using 'CodeIgniter\Session\Handlers\DatabaseHandler' driver.
DEBUG - 2026-07-24 01:19:07 --> Session: Class initialized using 'CodeIgniter\Session\Handlers\DatabaseHandler' driver.
DEBUG - 2026-07-24 01:19:13 --> Session: Class initialized using 'CodeIgniter\Session\Handlers\DatabaseHandler' driver.
DEBUG - 2026-07-24 01:19:19 --> Session: Class initialized using 'CodeIgniter\Session\Handlers\DatabaseHandler' driver.
DEBUG - 2026-07-24 01:19:25 --> Session: Class initialized using 'CodeIgniter\Session\Handlers\DatabaseHandler' driver.
DEBUG - 2026-07-24 01:19:31 --> Session: Class initialized using 'CodeIgniter\Session\Handlers\DatabaseHandler' driver.
DEBUG - 2026-07-24 01:19:37 --> Session: Class initialized using 'CodeIgniter\Session\Handlers\DatabaseHandler' driver.
DEBUG - 2026-07-24 01:19:43 --> Session: Class initialized using 'CodeIgniter\Session\Handlers\DatabaseHandler' driver.
DEBUG - 2026-07-24 01:19:49 --> Session: Class initialized using 'CodeIgniter\Session\Handlers\DatabaseHandler' driver.
DEBUG - 2026-07-24 01:19:55 --> Session: Class initialized using 'CodeIgniter\Session\Handlers\DatabaseHandler' driver.
DEBUG - 2026-07-24 01:19:58 --> Session: Class initialized using 'CodeIgniter\Session\Handlers\DatabaseHandler' driver.
DEBUG - 2026-07-24 01:20:01 --> Session: Class initialized using 'CodeIgniter\Session\Handlers\DatabaseHandler' driver.
DEBUG - 2026-07-24 01:20:07 --> Session: Class initialized using 'CodeIgniter\Session\Handlers\DatabaseHandler' driver.
DEBUG - 2026-07-24 01:20:13 --> Session: Class initialized using 'CodeIgniter\Session\Handlers\DatabaseHandler' driver.
DEBUG - 2026-07-24 01:20:19 --> Session: Class initialized using 'CodeIgniter\Session\Handlers\DatabaseHandler' driver.
DEBUG - 2026-07-24 01:20:25 --> Session: Class initialized using 'CodeIgniter\Session\Handlers\DatabaseHandler' driver.
DEBUG - 2026-07-24 01:20:31 --> Session: Class initialized using 'CodeIgniter\Session\Handlers\DatabaseHandler' driver.
DEBUG - 2026-07-24 01:20:37 --> Session: Class initialized using 'CodeIgniter\Session\Handlers\DatabaseHandler' driver.
DEBUG - 2026-07-24 01:20:43 --> Session: Class initialized using 'CodeIgniter\Session\Handlers\DatabaseHandler' driver.
DEBUG - 2026-07-24 01:20:49 --> Session: Class initialized using 'CodeIgniter\Session\Handlers\DatabaseHandler' driver.
DEBUG - 2026-07-24 01:20:55 --> Session: Class initialized using 'CodeIgniter\Session\Handlers\DatabaseHandler' driver.
DEBUG - 2026-07-24 01:20:59 --> Session: Class initialized using 'CodeIgniter\Session\Handlers\DatabaseHandler' driver.
DEBUG - 2026-07-24 01:21:01 --> Session: Class initialized using 'CodeIgniter\Session\Handlers\DatabaseHandler' driver.
DEBUG - 2026-07-24 01:21:07 --> Session: Class initialized using 'CodeIgniter\Session\Handlers\DatabaseHandler' driver.
DEBUG - 2026-07-24 01:21:13 --> Session: Class initialized using 'CodeIgniter\Session\Handlers\DatabaseHandler' driver.
DEBUG - 2026-07-24 01:21:19 --> Session: Class initialized using 'CodeIgniter\Session\Handlers\DatabaseHandler' driver.
DEBUG - 2026-07-24 01:21:25 --> Session: Class initialized using 'CodeIgniter\Session\Handlers\DatabaseHandler' driver.
DEBUG - 2026-07-24 01:21:31 --> Session: Class initialized using 'CodeIgniter\Session\Handlers\DatabaseHandler' driver.
DEBUG - 2026-07-24 01:21:37 --> Session: Class initialized using 'CodeIgniter\Session\Handlers\DatabaseHandler' driver.
DEBUG - 2026-07-24 01:21:43 --> Session: Class initialized using 'CodeIgniter\Session\Handlers\DatabaseHandler' driver.
DEBUG - 2026-07-24 01:21:49 --> Session: Class initialized using 'CodeIgniter\Session\Handlers\DatabaseHandler' driver.
DEBUG - 2026-07-24 01:21:55 --> Session: Class initialized using 'CodeIgniter\Session\Handlers\DatabaseHandler' driver.
DEBUG - 2026-07-24 01:22:00 --> Session: Class initialized using 'CodeIgniter\Session\Handlers\DatabaseHandler' driver.
DEBUG - 2026-07-24 01:22:01 --> Session: Class initialized using 'CodeIgniter\Session\Handlers\DatabaseHandler' driver.
DEBUG - 2026-07-24 01:22:07 --> Session: Class initialized using 'CodeIgniter\Session\Handlers\DatabaseHandler' driver.
DEBUG - 2026-07-24 01:22:13 --> Session: Class initialized using 'CodeIgniter\Session\Handlers\DatabaseHandler' driver.
DEBUG - 2026-07-24 01:22:19 --> Session: Class initialized using 'CodeIgniter\Session\Handlers\DatabaseHandler' driver.
DEBUG - 2026-07-24 01:22:25 --> Session: Class initialized using 'CodeIgniter\Session\Handlers\DatabaseHandler' driver.
DEBUG - 2026-07-24 01:22:31 --> Session: Class initialized using 'CodeIgniter\Session\Handlers\DatabaseHandler' driver.
DEBUG - 2026-07-24 01:22:37 --> Session: Class initialized using 'CodeIgniter\Session\Handlers\DatabaseHandler' driver.
DEBUG - 2026-07-24 01:22:43 --> Session: Class initialized using 'CodeIgniter\Session\Handlers\DatabaseHandler' driver.
DEBUG - 2026-07-24 01:22:49 --> Session: Class initialized using 'CodeIgniter\Session\Handlers\DatabaseHandler' driver.
DEBUG - 2026-07-24 01:22:55 --> Session: Class initialized using 'CodeIgniter\Session\Handlers\DatabaseHandler' driver.
DEBUG - 2026-07-24 01:23:01 --> Session: Class initialized using 'CodeIgniter\Session\Handlers\DatabaseHandler' driver.
DEBUG - 2026-07-24 01:23:02 --> Session: Class initialized using 'CodeIgniter\Session\Handlers\DatabaseHandler' driver.
DEBUG - 2026-07-24 01:23:07 --> Session: Class initialized using 'CodeIgniter\Session\Handlers\DatabaseHandler' driver.
DEBUG - 2026-07-24 01:23:13 --> Session: Class initialized using 'CodeIgniter\Session\Handlers\DatabaseHandler' driver.
DEBUG - 2026-07-24 01:23:19 --> Session: Class initialized using 'CodeIgniter\Session\Handlers\DatabaseHandler' driver.
DEBUG - 2026-07-24 01:23:25 --> Session: Class initialized using 'CodeIgniter\Session\Handlers\DatabaseHandler' driver.
DEBUG - 2026-07-24 01:23:31 --> Session: Class initialized using 'CodeIgniter\Session\Handlers\DatabaseHandler' driver.
DEBUG - 2026-07-24 01:23:37 --> Session: Class initialized using 'CodeIgniter\Session\Handlers\DatabaseHandler' driver.
DEBUG - 2026-07-24 01:23:43 --> Session: Class initialized using 'CodeIgniter\Session\Handlers\DatabaseHandler' driver.
DEBUG - 2026-07-24 01:23:49 --> Session: Class initialized using 'CodeIgniter\Session\Handlers\DatabaseHandler' driver.
DEBUG - 2026-07-24 01:23:55 --> Session: Class initialized using 'CodeIgniter\Session\Handlers\DatabaseHandler' driver.
DEBUG - 2026-07-24 01:24:01 --> Session: Class initialized using 'CodeIgniter\Session\Handlers\DatabaseHandler' driver.
DEBUG - 2026-07-24 01:24:03 --> Session: Class initialized using 'CodeIgniter\Session\Handlers\DatabaseHandler' driver.
DEBUG - 2026-07-24 01:24:07 --> Session: Class initialized using 'CodeIgniter\Session\Handlers\DatabaseHandler' driver.
DEBUG - 2026-07-24 01:24:13 --> Session: Class initialized using 'CodeIgniter\Session\Handlers\DatabaseHandler' driver.
DEBUG - 2026-07-24 01:24:19 --> Session: Class initialized using 'CodeIgniter\Session\Handlers\DatabaseHandler' driver.
DEBUG - 2026-07-24 01:24:25 --> Session: Class initialized using 'CodeIgniter\Session\Handlers\DatabaseHandler' driver.
DEBUG - 2026-07-24 01:24:31 --> Session: Class initialized using 'CodeIgniter\Session\Handlers\DatabaseHandler' driver.
DEBUG - 2026-07-24 01:24:37 --> Session: Class initialized using 'CodeIgniter\Session\Handlers\DatabaseHandler' driver.
DEBUG - 2026-07-24 01:24:43 --> Session: Class initialized using 'CodeIgniter\Session\Handlers\DatabaseHandler' driver.
DEBUG - 2026-07-24 01:24:49 --> Session: Class initialized using 'CodeIgniter\Session\Handlers\DatabaseHandler' driver.
DEBUG - 2026-07-24 01:24:55 --> Session: Class initialized using 'CodeIgniter\Session\Handlers\DatabaseHandler' driver.
DEBUG - 2026-07-24 01:25:01 --> Session: Class initialized using 'CodeIgniter\Session\Handlers\DatabaseHandler' driver.
DEBUG - 2026-07-24 01:25:04 --> Session: Class initialized using 'CodeIgniter\Session\Handlers\DatabaseHandler' driver.
DEBUG - 2026-07-24 01:25:07 --> Session: Class initialized using 'CodeIgniter\Session\Handlers\DatabaseHandler' driver.
DEBUG - 2026-07-24 01:25:13 --> Session: Class initialized using 'CodeIgniter\Session\Handlers\DatabaseHandler' driver.
DEBUG - 2026-07-24 01:25:19 --> Session: Class initialized using 'CodeIgniter\Session\Handlers\DatabaseHandler' driver.
DEBUG - 2026-07-24 01:25:25 --> Session: Class initialized using 'CodeIgniter\Session\Handlers\DatabaseHandler' driver.
DEBUG - 2026-07-24 01:25:31 --> Session: Class initialized using 'CodeIgniter\Session\Handlers\DatabaseHandler' driver.
DEBUG - 2026-07-24 01:25:37 --> Session: Class initialized using 'CodeIgniter\Session\Handlers\DatabaseHandler' driver.
DEBUG - 2026-07-24 01:25:43 --> Session: Class initialized using 'CodeIgniter\Session\Handlers\DatabaseHandler' driver.
DEBUG - 2026-07-24 01:25:49 --> Session: Class initialized using 'CodeIgniter\Session\Handlers\DatabaseHandler' driver.
DEBUG - 2026-07-24 01:25:55 --> Session: Class initialized using 'CodeIgniter\Session\Handlers\DatabaseHandler' driver.
DEBUG - 2026-07-24 01:26:01 --> Session: Class initialized using 'CodeIgniter\Session\Handlers\DatabaseHandler' driver.
DEBUG - 2026-07-24 01:26:05 --> Session: Class initialized using 'CodeIgniter\Session\Handlers\DatabaseHandler' driver.
DEBUG - 2026-07-24 01:26:07 --> Session: Class initialized using 'CodeIgniter\Session\Handlers\DatabaseHandler' driver.
DEBUG - 2026-07-24 01:26:13 --> Session: Class initialized using 'CodeIgniter\Session\Handlers\DatabaseHandler' driver.
DEBUG - 2026-07-24 01:26:19 --> Session: Class initialized using 'CodeIgniter\Session\Handlers\DatabaseHandler' driver.
DEBUG - 2026-07-24 01:26:25 --> Session: Class initialized using 'CodeIgniter\Session\Handlers\DatabaseHandler' driver.
DEBUG - 2026-07-24 01:26:31 --> Session: Class initialized using 'CodeIgniter\Session\Handlers\DatabaseHandler' driver.
DEBUG - 2026-07-24 01:26:37 --> Session: Class initialized using 'CodeIgniter\Session\Handlers\DatabaseHandler' driver.
DEBUG - 2026-07-24 01:26:43 --> Session: Class initialized using 'CodeIgniter\Session\Handlers\DatabaseHandler' driver.
DEBUG - 2026-07-24 01:26:49 --> Session: Class initialized using 'CodeIgniter\Session\Handlers\DatabaseHandler' driver.
DEBUG - 2026-07-24 01:26:55 --> Session: Class initialized using 'CodeIgniter\Session\Handlers\DatabaseHandler' driver.
DEBUG - 2026-07-24 01:27:01 --> Session: Class initialized using 'CodeIgniter\Session\Handlers\DatabaseHandler' driver.
DEBUG - 2026-07-24 01:27:06 --> Session: Class initialized using 'CodeIgniter\Session\Handlers\DatabaseHandler' driver.
DEBUG - 2026-07-24 01:27:07 --> Session: Class initialized using 'CodeIgniter\Session\Handlers\DatabaseHandler' driver.
DEBUG - 2026-07-24 01:27:13 --> Session: Class initialized using 'CodeIgniter\Session\Handlers\DatabaseHandler' driver.
DEBUG - 2026-07-24 01:27:19 --> Session: Class initialized using 'CodeIgniter\Session\Handlers\DatabaseHandler' driver.
DEBUG - 2026-07-24 01:27:25 --> Session: Class initialized using 'CodeIgniter\Session\Handlers\DatabaseHandler' driver.
DEBUG - 2026-07-24 01:27:31 --> Session: Class initialized using 'CodeIgniter\Session\Handlers\DatabaseHandler' driver.
DEBUG - 2026-07-24 01:27:37 --> Session: Class initialized using 'CodeIgniter\Session\Handlers\DatabaseHandler' driver.
DEBUG - 2026-07-24 01:27:43 --> Session: Class initialized using 'CodeIgniter\Session\Handlers\DatabaseHandler' driver.
DEBUG - 2026-07-24 01:27:49 --> Session: Class initialized using 'CodeIgniter\Session\Handlers\DatabaseHandler' driver.
DEBUG - 2026-07-24 01:27:55 --> Session: Class initialized using 'CodeIgniter\Session\Handlers\DatabaseHandler' driver.
DEBUG - 2026-07-24 01:28:01 --> Session: Class initialized using 'CodeIgniter\Session\Handlers\DatabaseHandler' driver.
DEBUG - 2026-07-24 01:28:07 --> Session: Class initialized using 'CodeIgniter\Session\Handlers\DatabaseHandler' driver.
DEBUG - 2026-07-24 01:28:08 --> Session: Class initialized using 'CodeIgniter\Session\Handlers\DatabaseHandler' driver.
DEBUG - 2026-07-24 01:28:14 --> Session: Class initialized using 'CodeIgniter\Session\Handlers\DatabaseHandler' driver.
DEBUG - 2026-07-24 01:28:20 --> Session: Class initialized using 'CodeIgniter\Session\Handlers\DatabaseHandler' driver.
DEBUG - 2026-07-24 01:28:26 --> Session: Class initialized using 'CodeIgniter\Session\Handlers\DatabaseHandler' driver.
DEBUG - 2026-07-24 01:28:32 --> Session: Class initialized using 'CodeIgniter\Session\Handlers\DatabaseHandler' driver.
DEBUG - 2026-07-24 01:28:38 --> Session: Class initialized using 'CodeIgniter\Session\Handlers\DatabaseHandler' driver.
DEBUG - 2026-07-24 01:28:44 --> Session: Class initialized using 'CodeIgniter\Session\Handlers\DatabaseHandler' driver.
DEBUG - 2026-07-24 01:28:50 --> Session: Class initialized using 'CodeIgniter\Session\Handlers\DatabaseHandler' driver.
DEBUG - 2026-07-24 01:28:56 --> Session: Class initialized using 'CodeIgniter\Session\Handlers\DatabaseHandler' driver.
DEBUG - 2026-07-24 01:29:02 --> Session: Class initialized using 'CodeIgniter\Session\Handlers\DatabaseHandler' driver.
DEBUG - 2026-07-24 01:29:08 --> Session: Class initialized using 'CodeIgniter\Session\Handlers\DatabaseHandler' driver.
DEBUG - 2026-07-24 01:29:09 --> Session: Class initialized using 'CodeIgniter\Session\Handlers\DatabaseHandler' driver.
DEBUG - 2026-07-24 01:29:14 --> Session: Class initialized using 'CodeIgniter\Session\Handlers\DatabaseHandler' driver.
DEBUG - 2026-07-24 01:29:20 --> Session: Class initialized using 'CodeIgniter\Session\Handlers\DatabaseHandler' driver.
DEBUG - 2026-07-24 01:29:26 --> Session: Class initialized using 'CodeIgniter\Session\Handlers\DatabaseHandler' driver.
DEBUG - 2026-07-24 01:29:32 --> Session: Class initialized using 'CodeIgniter\Session\Handlers\DatabaseHandler' driver.
DEBUG - 2026-07-24 01:29:38 --> Session: Class initialized using 'CodeIgniter\Session\Handlers\DatabaseHandler' driver.
DEBUG - 2026-07-24 01:29:44 --> Session: Class initialized using 'CodeIgniter\Session\Handlers\DatabaseHandler' driver.
DEBUG - 2026-07-24 01:29:50 --> Session: Class initialized using 'CodeIgniter\Session\Handlers\DatabaseHandler' driver.
DEBUG - 2026-07-24 01:29:56 --> Session: Class initialized using 'CodeIgniter\Session\Handlers\DatabaseHandler' driver.
DEBUG - 2026-07-24 01:30:02 --> Session: Class initialized using 'CodeIgniter\Session\Handlers\DatabaseHandler' driver.
DEBUG - 2026-07-24 01:30:08 --> Session: Class initialized using 'CodeIgniter\Session\Handlers\DatabaseHandler' driver.
DEBUG - 2026-07-24 01:30:10 --> Session: Class initialized using 'CodeIgniter\Session\Handlers\DatabaseHandler' driver.
DEBUG - 2026-07-24 01:30:14 --> Session: Class initialized using 'CodeIgniter\Session\Handlers\DatabaseHandler' driver.
DEBUG - 2026-07-24 01:30:20 --> Session: Class initialized using 'CodeIgniter\Session\Handlers\DatabaseHandler' driver.
DEBUG - 2026-07-24 01:30:26 --> Session: Class initialized using 'CodeIgniter\Session\Handlers\DatabaseHandler' driver.
DEBUG - 2026-07-24 01:30:32 --> Session: Class initialized using 'CodeIgniter\Session\Handlers\DatabaseHandler' driver.
DEBUG - 2026-07-24 01:30:38 --> Session: Class initialized using 'CodeIgniter\Session\Handlers\DatabaseHandler' driver.
DEBUG - 2026-07-24 01:30:44 --> Session: Class initialized using 'CodeIgniter\Session\Handlers\DatabaseHandler' driver.
DEBUG - 2026-07-24 01:30:50 --> Session: Class initialized using 'CodeIgniter\Session\Handlers\DatabaseHandler' driver.
DEBUG - 2026-07-24 01:30:56 --> Session: Class initialized using 'CodeIgniter\Session\Handlers\DatabaseHandler' driver.
DEBUG - 2026-07-24 01:31:02 --> Session: Class initialized using 'CodeIgniter\Session\Handlers\DatabaseHandler' driver.
DEBUG - 2026-07-24 01:31:08 --> Session: Class initialized using 'CodeIgniter\Session\Handlers\DatabaseHandler' driver.
DEBUG - 2026-07-24 01:31:11 --> Session: Class initialized using 'CodeIgniter\Session\Handlers\DatabaseHandler' driver.
DEBUG - 2026-07-24 01:31:14 --> Session: Class initialized using 'CodeIgniter\Session\Handlers\DatabaseHandler' driver.
DEBUG - 2026-07-24 01:31:20 --> Session: Class initialized using 'CodeIgniter\Session\Handlers\DatabaseHandler' driver.
DEBUG - 2026-07-24 01:31:26 --> Session: Class initialized using 'CodeIgniter\Session\Handlers\DatabaseHandler' driver.
DEBUG - 2026-07-24 01:31:32 --> Session: Class initialized using 'CodeIgniter\Session\Handlers\DatabaseHandler' driver.
DEBUG - 2026-07-24 01:31:38 --> Session: Class initialized using 'CodeIgniter\Session\Handlers\DatabaseHandler' driver.
DEBUG - 2026-07-24 01:31:44 --> Session: Class initialized using 'CodeIgniter\Session\Handlers\DatabaseHandler' driver.
DEBUG - 2026-07-24 01:31:50 --> Session: Class initialized using 'CodeIgniter\Session\Handlers\DatabaseHandler' driver.
DEBUG - 2026-07-24 01:31:56 --> Session: Class initialized using 'CodeIgniter\Session\Handlers\DatabaseHandler' driver.
DEBUG - 2026-07-24 01:32:02 --> Session: Class initialized using 'CodeIgniter\Session\Handlers\DatabaseHandler' driver.
DEBUG - 2026-07-24 01:32:08 --> Session: Class initialized using 'CodeIgniter\Session\Handlers\DatabaseHandler' driver.
DEBUG - 2026-07-24 01:32:12 --> Session: Class initialized using 'CodeIgniter\Session\Handlers\DatabaseHandler' driver.
DEBUG - 2026-07-24 01:32:14 --> Session: Class initialized using 'CodeIgniter\Session\Handlers\DatabaseHandler' driver.
DEBUG - 2026-07-24 01:32:20 --> Session: Class initialized using 'CodeIgniter\Session\Handlers\DatabaseHandler' driver.
DEBUG - 2026-07-24 01:32:26 --> Session: Class initialized using 'CodeIgniter\Session\Handlers\DatabaseHandler' driver.
DEBUG - 2026-07-24 01:32:32 --> Session: Class initialized using 'CodeIgniter\Session\Handlers\DatabaseHandler' driver.
DEBUG - 2026-07-24 01:32:38 --> Session: Class initialized using 'CodeIgniter\Session\Handlers\DatabaseHandler' driver.
DEBUG - 2026-07-24 01:32:44 --> Session: Class initialized using 'CodeIgniter\Session\Handlers\DatabaseHandler' driver.
DEBUG - 2026-07-24 01:32:50 --> Session: Class initialized using 'CodeIgniter\Session\Handlers\DatabaseHandler' driver.
DEBUG - 2026-07-24 01:32:56 --> Session: Class initialized using 'CodeIgniter\Session\Handlers\DatabaseHandler' driver.
DEBUG - 2026-07-24 01:33:02 --> Session: Class initialized using 'CodeIgniter\Session\Handlers\DatabaseHandler' driver.
DEBUG - 2026-07-24 01:33:08 --> Session: Class initialized using 'CodeIgniter\Session\Handlers\DatabaseHandler' driver.
DEBUG - 2026-07-24 01:33:13 --> Session: Class initialized using 'CodeIgniter\Session\Handlers\DatabaseHandler' driver.
DEBUG - 2026-07-24 01:33:14 --> Session: Class initialized using 'CodeIgniter\Session\Handlers\DatabaseHandler' driver.
DEBUG - 2026-07-24 01:33:20 --> Session: Class initialized using 'CodeIgniter\Session\Handlers\DatabaseHandler' driver.
DEBUG - 2026-07-24 01:33:26 --> Session: Class initialized using 'CodeIgniter\Session\Handlers\DatabaseHandler' driver.
DEBUG - 2026-07-24 01:33:32 --> Session: Class initialized using 'CodeIgniter\Session\Handlers\DatabaseHandler' driver.
DEBUG - 2026-07-24 01:33:38 --> Session: Class initialized using 'CodeIgniter\Session\Handlers\DatabaseHandler' driver.
DEBUG - 2026-07-24 01:33:44 --> Session: Class initialized using 'CodeIgniter\Session\Handlers\DatabaseHandler' driver.
DEBUG - 2026-07-24 01:33:50 --> Session: Class initialized using 'CodeIgniter\Session\Handlers\DatabaseHandler' driver.
DEBUG - 2026-07-24 01:33:56 --> Session: Class initialized using 'CodeIgniter\Session\Handlers\DatabaseHandler' driver.
DEBUG - 2026-07-24 01:34:02 --> Session: Class initialized using 'CodeIgniter\Session\Handlers\DatabaseHandler' driver.
DEBUG - 2026-07-24 01:34:08 --> Session: Class initialized using 'CodeIgniter\Session\Handlers\DatabaseHandler' driver.
DEBUG - 2026-07-24 01:34:14 --> Session: Class initialized using 'CodeIgniter\Session\Handlers\DatabaseHandler' driver.
DEBUG - 2026-07-24 01:34:15 --> Session: Class initialized using 'CodeIgniter\Session\Handlers\DatabaseHandler' driver.
DEBUG - 2026-07-24 01:34:21 --> Session: Class initialized using 'CodeIgniter\Session\Handlers\DatabaseHandler' driver.
DEBUG - 2026-07-24 01:34:27 --> Session: Class initialized using 'CodeIgniter\Session\Handlers\DatabaseHandler' driver.
DEBUG - 2026-07-24 01:34:33 --> Session: Class initialized using 'CodeIgniter\Session\Handlers\DatabaseHandler' driver.
DEBUG - 2026-07-24 01:34:39 --> Session: Class initialized using 'CodeIgniter\Session\Handlers\DatabaseHandler' driver.
DEBUG - 2026-07-24 01:34:45 --> Session: Class initialized using 'CodeIgniter\Session\Handlers\DatabaseHandler' driver.
DEBUG - 2026-07-24 01:34:51 --> Session: Class initialized using 'CodeIgniter\Session\Handlers\DatabaseHandler' driver.
DEBUG - 2026-07-24 01:34:57 --> Session: Class initialized using 'CodeIgniter\Session\Handlers\DatabaseHandler' driver.
DEBUG - 2026-07-24 01:35:03 --> Session: Class initialized using 'CodeIgniter\Session\Handlers\DatabaseHandler' driver.
DEBUG - 2026-07-24 01:35:09 --> Session: Class initialized using 'CodeIgniter\Session\Handlers\DatabaseHandler' driver.
DEBUG - 2026-07-24 01:35:15 --> Session: Class initialized using 'CodeIgniter\Session\Handlers\DatabaseHandler' driver.
DEBUG - 2026-07-24 01:35:16 --> Session: Class initialized using 'CodeIgniter\Session\Handlers\DatabaseHandler' driver.
DEBUG - 2026-07-24 01:35:22 --> Session: Class initialized using 'CodeIgniter\Session\Handlers\DatabaseHandler' driver.
DEBUG - 2026-07-24 01:35:28 --> Session: Class initialized using 'CodeIgniter\Session\Handlers\DatabaseHandler' driver.
DEBUG - 2026-07-24 01:35:34 --> Session: Class initialized using 'CodeIgniter\Session\Handlers\DatabaseHandler' driver.
DEBUG - 2026-07-24 01:35:40 --> Session: Class initialized using 'CodeIgniter\Session\Handlers\DatabaseHandler' driver.
DEBUG - 2026-07-24 01:35:46 --> Session: Class initialized using 'CodeIgniter\Session\Handlers\DatabaseHandler' driver.
DEBUG - 2026-07-24 01:35:52 --> Session: Class initialized using 'CodeIgniter\Session\Handlers\DatabaseHandler' driver.
DEBUG - 2026-07-24 01:35:58 --> Session: Class initialized using 'CodeIgniter\Session\Handlers\DatabaseHandler' driver.
DEBUG - 2026-07-24 01:36:04 --> Session: Class initialized using 'CodeIgniter\Session\Handlers\DatabaseHandler' driver.
DEBUG - 2026-07-24 01:36:10 --> Session: Class initialized using 'CodeIgniter\Session\Handlers\DatabaseHandler' driver.
DEBUG - 2026-07-24 01:36:16 --> Session: Class initialized using 'CodeIgniter\Session\Handlers\DatabaseHandler' driver.
DEBUG - 2026-07-24 01:36:17 --> Session: Class initialized using 'CodeIgniter\Session\Handlers\DatabaseHandler' driver.
DEBUG - 2026-07-24 01:36:22 --> Session: Class initialized using 'CodeIgniter\Session\Handlers\DatabaseHandler' driver.
DEBUG - 2026-07-24 01:36:28 --> Session: Class initialized using 'CodeIgniter\Session\Handlers\DatabaseHandler' driver.
DEBUG - 2026-07-24 01:36:34 --> Session: Class initialized using 'CodeIgniter\Session\Handlers\DatabaseHandler' driver.
DEBUG - 2026-07-24 01:36:40 --> Session: Class initialized using 'CodeIgniter\Session\Handlers\DatabaseHandler' driver.
DEBUG - 2026-07-24 01:36:46 --> Session: Class initialized using 'CodeIgniter\Session\Handlers\DatabaseHandler' driver.
DEBUG - 2026-07-24 01:36:52 --> Session: Class initialized using 'CodeIgniter\Session\Handlers\DatabaseHandler' driver.
DEBUG - 2026-07-24 01:36:58 --> Session: Class initialized using 'CodeIgniter\Session\Handlers\DatabaseHandler' driver.
DEBUG - 2026-07-24 01:37:04 --> Session: Class initialized using 'CodeIgniter\Session\Handlers\DatabaseHandler' driver.
DEBUG - 2026-07-24 01:37:10 --> Session: Class initialized using 'CodeIgniter\Session\Handlers\DatabaseHandler' driver.
DEBUG - 2026-07-24 01:37:16 --> Session: Class initialized using 'CodeIgniter\Session\Handlers\DatabaseHandler' driver.
DEBUG - 2026-07-24 01:37:18 --> Session: Class initialized using 'CodeIgniter\Session\Handlers\DatabaseHandler' driver.
DEBUG - 2026-07-24 01:37:22 --> Session: Class initialized using 'CodeIgniter\Session\Handlers\DatabaseHandler' driver.
DEBUG - 2026-07-24 01:37:28 --> Session: Class initialized using 'CodeIgniter\Session\Handlers\DatabaseHandler' driver.
DEBUG - 2026-07-24 01:37:34 --> Session: Class initialized using 'CodeIgniter\Session\Handlers\DatabaseHandler' driver.
DEBUG - 2026-07-24 01:37:40 --> Session: Class initialized using 'CodeIgniter\Session\Handlers\DatabaseHandler' driver.
DEBUG - 2026-07-24 01:37:46 --> Session: Class initialized using 'CodeIgniter\Session\Handlers\DatabaseHandler' driver.
DEBUG - 2026-07-24 01:37:52 --> Session: Class initialized using 'CodeIgniter\Session\Handlers\DatabaseHandler' driver.
DEBUG - 2026-07-24 01:37:58 --> Session: Class initialized using 'CodeIgniter\Session\Handlers\DatabaseHandler' driver.
DEBUG - 2026-07-24 01:38:04 --> Session: Class initialized using 'CodeIgniter\Session\Handlers\DatabaseHandler' driver.
DEBUG - 2026-07-24 01:38:10 --> Session: Class initialized using 'CodeIgniter\Session\Handlers\DatabaseHandler' driver.
DEBUG - 2026-07-24 01:38:16 --> Session: Class initialized using 'CodeIgniter\Session\Handlers\DatabaseHandler' driver.
DEBUG - 2026-07-24 01:38:19 --> Session: Class initialized using 'CodeIgniter\Session\Handlers\DatabaseHandler' driver.
DEBUG - 2026-07-24 01:38:22 --> Session: Class initialized using 'CodeIgniter\Session\Handlers\DatabaseHandler' driver.
DEBUG - 2026-07-24 01:38:28 --> Session: Class initialized using 'CodeIgniter\Session\Handlers\DatabaseHandler' driver.
DEBUG - 2026-07-24 01:38:34 --> Session: Class initialized using 'CodeIgniter\Session\Handlers\DatabaseHandler' driver.
DEBUG - 2026-07-24 01:38:40 --> Session: Class initialized using 'CodeIgniter\Session\Handlers\DatabaseHandler' driver.
DEBUG - 2026-07-24 01:38:46 --> Session: Class initialized using 'CodeIgniter\Session\Handlers\DatabaseHandler' driver.
DEBUG - 2026-07-24 01:38:52 --> Session: Class initialized using 'CodeIgniter\Session\Handlers\DatabaseHandler' driver.
DEBUG - 2026-07-24 01:38:58 --> Session: Class initialized using 'CodeIgniter\Session\Handlers\DatabaseHandler' driver.
DEBUG - 2026-07-24 01:39:04 --> Session: Class initialized using 'CodeIgniter\Session\Handlers\DatabaseHandler' driver.
DEBUG - 2026-07-24 01:39:10 --> Session: Class initialized using 'CodeIgniter\Session\Handlers\DatabaseHandler' driver.
DEBUG - 2026-07-24 01:39:16 --> Session: Class initialized using 'CodeIgniter\Session\Handlers\DatabaseHandler' driver.
DEBUG - 2026-07-24 01:39:20 --> Session: Class initialized using 'CodeIgniter\Session\Handlers\DatabaseHandler' driver.
DEBUG - 2026-07-24 01:39:22 --> Session: Class initialized using 'CodeIgniter\Session\Handlers\DatabaseHandler' driver.
DEBUG - 2026-07-24 01:39:28 --> Session: Class initialized using 'CodeIgniter\Session\Handlers\DatabaseHandler' driver.
DEBUG - 2026-07-24 01:39:34 --> Session: Class initialized using 'CodeIgniter\Session\Handlers\DatabaseHandler' driver.
DEBUG - 2026-07-24 01:39:40 --> Session: Class initialized using 'CodeIgniter\Session\Handlers\DatabaseHandler' driver.
DEBUG - 2026-07-24 01:39:46 --> Session: Class initialized using 'CodeIgniter\Session\Handlers\DatabaseHandler' driver.
DEBUG - 2026-07-24 01:39:52 --> Session: Class initialized using 'CodeIgniter\Session\Handlers\DatabaseHandler' driver.
DEBUG - 2026-07-24 01:39:58 --> Session: Class initialized using 'CodeIgniter\Session\Handlers\DatabaseHandler' driver.
DEBUG - 2026-07-24 01:40:04 --> Session: Class initialized using 'CodeIgniter\Session\Handlers\DatabaseHandler' driver.
DEBUG - 2026-07-24 01:40:10 --> Session: Class initialized using 'CodeIgniter\Session\Handlers\DatabaseHandler' driver.
DEBUG - 2026-07-24 01:40:16 --> Session: Class initialized using 'CodeIgniter\Session\Handlers\DatabaseHandler' driver.
DEBUG - 2026-07-24 01:40:21 --> Session: Class initialized using 'CodeIgniter\Session\Handlers\DatabaseHandler' driver.
DEBUG - 2026-07-24 01:40:22 --> Session: Class initialized using 'CodeIgniter\Session\Handlers\DatabaseHandler' driver.
DEBUG - 2026-07-24 01:40:28 --> Session: Class initialized using 'CodeIgniter\Session\Handlers\DatabaseHandler' driver.
DEBUG - 2026-07-24 01:40:34 --> Session: Class initialized using 'CodeIgniter\Session\Handlers\DatabaseHandler' driver.
DEBUG - 2026-07-24 01:40:40 --> Session: Class initialized using 'CodeIgniter\Session\Handlers\DatabaseHandler' driver.
DEBUG - 2026-07-24 01:40:46 --> Session: Class initialized using 'CodeIgniter\Session\Handlers\DatabaseHandler' driver.
DEBUG - 2026-07-24 01:40:52 --> Session: Class initialized using 'CodeIgniter\Session\Handlers\DatabaseHandler' driver.
DEBUG - 2026-07-24 01:40:58 --> Session: Class initialized using 'CodeIgniter\Session\Handlers\DatabaseHandler' driver.
DEBUG - 2026-07-24 01:41:04 --> Session: Class initialized using 'CodeIgniter\Session\Handlers\DatabaseHandler' driver.
DEBUG - 2026-07-24 01:41:10 --> Session: Class initialized using 'CodeIgniter\Session\Handlers\DatabaseHandler' driver.
DEBUG - 2026-07-24 01:41:16 --> Session: Class initialized using 'CodeIgniter\Session\Handlers\DatabaseHandler' driver.
DEBUG - 2026-07-24 01:41:22 --> Session: Class initialized using 'CodeIgniter\Session\Handlers\DatabaseHandler' driver.
DEBUG - 2026-07-24 01:41:23 --> Session: Class initialized using 'CodeIgniter\Session\Handlers\DatabaseHandler' driver.
DEBUG - 2026-07-24 01:41:29 --> Session: Class initialized using 'CodeIgniter\Session\Handlers\DatabaseHandler' driver.
DEBUG - 2026-07-24 01:41:35 --> Session: Class initialized using 'CodeIgniter\Session\Handlers\DatabaseHandler' driver.
DEBUG - 2026-07-24 01:41:41 --> Session: Class initialized using 'CodeIgniter\Session\Handlers\DatabaseHandler' driver.
DEBUG - 2026-07-24 01:41:47 --> Session: Class initialized using 'CodeIgniter\Session\Handlers\DatabaseHandler' driver.
DEBUG - 2026-07-24 01:41:53 --> Session: Class initialized using 'CodeIgniter\Session\Handlers\DatabaseHandler' driver.
DEBUG - 2026-07-24 01:41:59 --> Session: Class initialized using 'CodeIgniter\Session\Handlers\DatabaseHandler' driver.
DEBUG - 2026-07-24 01:42:05 --> Session: Class initialized using 'CodeIgniter\Session\Handlers\DatabaseHandler' driver.
DEBUG - 2026-07-24 01:42:11 --> Session: Class initialized using 'CodeIgniter\Session\Handlers\DatabaseHandler' driver.
DEBUG - 2026-07-24 01:42:17 --> Session: Class initialized using 'CodeIgniter\Session\Handlers\DatabaseHandler' driver.
DEBUG - 2026-07-24 01:42:23 --> Session: Class initialized using 'CodeIgniter\Session\Handlers\DatabaseHandler' driver.
DEBUG - 2026-07-24 01:42:24 --> Session: Class initialized using 'CodeIgniter\Session\Handlers\DatabaseHandler' driver.
DEBUG - 2026-07-24 01:42:30 --> Session: Class initialized using 'CodeIgniter\Session\Handlers\DatabaseHandler' driver.
DEBUG - 2026-07-24 01:42:36 --> Session: Class initialized using 'CodeIgniter\Session\Handlers\DatabaseHandler' driver.
DEBUG - 2026-07-24 01:42:42 --> Session: Class initialized using 'CodeIgniter\Session\Handlers\DatabaseHandler' driver.
DEBUG - 2026-07-24 01:42:48 --> Session: Class initialized using 'CodeIgniter\Session\Handlers\DatabaseHandler' driver.
DEBUG - 2026-07-24 01:42:54 --> Session: Class initialized using 'CodeIgniter\Session\Handlers\DatabaseHandler' driver.
DEBUG - 2026-07-24 01:43:00 --> Session: Class initialized using 'CodeIgniter\Session\Handlers\DatabaseHandler' driver.
DEBUG - 2026-07-24 01:43:06 --> Session: Class initialized using 'CodeIgniter\Session\Handlers\DatabaseHandler' driver.
DEBUG - 2026-07-24 01:43:12 --> Session: Class initialized using 'CodeIgniter\Session\Handlers\DatabaseHandler' driver.
DEBUG - 2026-07-24 01:43:18 --> Session: Class initialized using 'CodeIgniter\Session\Handlers\DatabaseHandler' driver.
DEBUG - 2026-07-24 01:43:24 --> Session: Class initialized using 'CodeIgniter\Session\Handlers\DatabaseHandler' driver.
DEBUG - 2026-07-24 01:43:25 --> Session: Class initialized using 'CodeIgniter\Session\Handlers\DatabaseHandler' driver.
DEBUG - 2026-07-24 01:43:31 --> Session: Class initialized using 'CodeIgniter\Session\Handlers\DatabaseHandler' driver.
DEBUG - 2026-07-24 01:43:37 --> Session: Class initialized using 'CodeIgniter\Session\Handlers\DatabaseHandler' driver.
DEBUG - 2026-07-24 01:43:43 --> Session: Class initialized using 'CodeIgniter\Session\Handlers\DatabaseHandler' driver.
DEBUG - 2026-07-24 01:43:49 --> Session: Class initialized using 'CodeIgniter\Session\Handlers\DatabaseHandler' driver.
DEBUG - 2026-07-24 01:43:55 --> Session: Class initialized using 'CodeIgniter\Session\Handlers\DatabaseHandler' driver.
DEBUG - 2026-07-24 01:44:01 --> Session: Class initialized using 'CodeIgniter\Session\Handlers\DatabaseHandler' driver.
DEBUG - 2026-07-24 01:44:07 --> Session: Class initialized using 'CodeIgniter\Session\Handlers\DatabaseHandler' driver.
DEBUG - 2026-07-24 01:44:13 --> Session: Class initialized using 'CodeIgniter\Session\Handlers\DatabaseHandler' driver.
DEBUG - 2026-07-24 01:44:19 --> Session: Class initialized using 'CodeIgniter\Session\Handlers\DatabaseHandler' driver.
DEBUG - 2026-07-24 01:44:25 --> Session: Class initialized using 'CodeIgniter\Session\Handlers\DatabaseHandler' driver.
DEBUG - 2026-07-24 01:44:26 --> Session: Class initialized using 'CodeIgniter\Session\Handlers\DatabaseHandler' driver.
DEBUG - 2026-07-24 01:44:31 --> Session: Class initialized using 'CodeIgniter\Session\Handlers\DatabaseHandler' driver.
DEBUG - 2026-07-24 01:44:37 --> Session: Class initialized using 'CodeIgniter\Session\Handlers\DatabaseHandler' driver.
DEBUG - 2026-07-24 01:44:43 --> Session: Class initialized using 'CodeIgniter\Session\Handlers\DatabaseHandler' driver.
DEBUG - 2026-07-24 01:44:49 --> Session: Class initialized using 'CodeIgniter\Session\Handlers\DatabaseHandler' driver.
DEBUG - 2026-07-24 01:44:55 --> Session: Class initialized using 'CodeIgniter\Session\Handlers\DatabaseHandler' driver.
DEBUG - 2026-07-24 01:45:01 --> Session: Class initialized using 'CodeIgniter\Session\Handlers\DatabaseHandler' driver.
DEBUG - 2026-07-24 01:45:07 --> Session: Class initialized using 'CodeIgniter\Session\Handlers\DatabaseHandler' driver.
DEBUG - 2026-07-24 01:45:13 --> Session: Class initialized using 'CodeIgniter\Session\Handlers\DatabaseHandler' driver.
DEBUG - 2026-07-24 01:45:19 --> Session: Class initialized using 'CodeIgniter\Session\Handlers\DatabaseHandler' driver.
DEBUG - 2026-07-24 01:45:25 --> Session: Class initialized using 'CodeIgniter\Session\Handlers\DatabaseHandler' driver.
DEBUG - 2026-07-24 01:45:27 --> Session: Class initialized using 'CodeIgniter\Session\Handlers\DatabaseHandler' driver.
DEBUG - 2026-07-24 01:45:31 --> Session: Class initialized using 'CodeIgniter\Session\Handlers\DatabaseHandler' driver.
DEBUG - 2026-07-24 01:45:37 --> Session: Class initialized using 'CodeIgniter\Session\Handlers\DatabaseHandler' driver.
DEBUG - 2026-07-24 01:45:43 --> Session: Class initialized using 'CodeIgniter\Session\Handlers\DatabaseHandler' driver.
DEBUG - 2026-07-24 01:45:49 --> Session: Class initialized using 'CodeIgniter\Session\Handlers\DatabaseHandler' driver.
DEBUG - 2026-07-24 01:45:55 --> Session: Class initialized using 'CodeIgniter\Session\Handlers\DatabaseHandler' driver.
DEBUG - 2026-07-24 01:46:01 --> Session: Class initialized using 'CodeIgniter\Session\Handlers\DatabaseHandler' driver.
DEBUG - 2026-07-24 01:46:07 --> Session: Class initialized using 'CodeIgniter\Session\Handlers\DatabaseHandler' driver.
DEBUG - 2026-07-24 01:46:13 --> Session: Class initialized using 'CodeIgniter\Session\Handlers\DatabaseHandler' driver.
DEBUG - 2026-07-24 01:46:19 --> Session: Class initialized using 'CodeIgniter\Session\Handlers\DatabaseHandler' driver.
DEBUG - 2026-07-24 01:46:25 --> Session: Class initialized using 'CodeIgniter\Session\Handlers\DatabaseHandler' driver.
DEBUG - 2026-07-24 01:46:28 --> Session: Class initialized using 'CodeIgniter\Session\Handlers\DatabaseHandler' driver.
DEBUG - 2026-07-24 01:46:31 --> Session: Class initialized using 'CodeIgniter\Session\Handlers\DatabaseHandler' driver.
DEBUG - 2026-07-24 01:46:37 --> Session: Class initialized using 'CodeIgniter\Session\Handlers\DatabaseHandler' driver.
DEBUG - 2026-07-24 01:46:43 --> Session: Class initialized using 'CodeIgniter\Session\Handlers\DatabaseHandler' driver.
DEBUG - 2026-07-24 01:46:49 --> Session: Class initialized using 'CodeIgniter\Session\Handlers\DatabaseHandler' driver.
DEBUG - 2026-07-24 01:46:55 --> Session: Class initialized using 'CodeIgniter\Session\Handlers\DatabaseHandler' driver.
DEBUG - 2026-07-24 01:47:01 --> Session: Class initialized using 'CodeIgniter\Session\Handlers\DatabaseHandler' driver.
DEBUG - 2026-07-24 01:47:07 --> Session: Class initialized using 'CodeIgniter\Session\Handlers\DatabaseHandler' driver.
DEBUG - 2026-07-24 01:47:13 --> Session: Class initialized using 'CodeIgniter\Session\Handlers\DatabaseHandler' driver.
DEBUG - 2026-07-24 01:47:19 --> Session: Class initialized using 'CodeIgniter\Session\Handlers\DatabaseHandler' driver.
DEBUG - 2026-07-24 01:47:25 --> Session: Class initialized using 'CodeIgniter\Session\Handlers\DatabaseHandler' driver.
DEBUG - 2026-07-24 01:47:29 --> Session: Class initialized using 'CodeIgniter\Session\Handlers\DatabaseHandler' driver.
DEBUG - 2026-07-24 01:47:31 --> Session: Class initialized using 'CodeIgniter\Session\Handlers\DatabaseHandler' driver.
DEBUG - 2026-07-24 01:47:37 --> Session: Class initialized using 'CodeIgniter\Session\Handlers\DatabaseHandler' driver.
DEBUG - 2026-07-24 01:47:43 --> Session: Class initialized using 'CodeIgniter\Session\Handlers\DatabaseHandler' driver.
DEBUG - 2026-07-24 01:47:49 --> Session: Class initialized using 'CodeIgniter\Session\Handlers\DatabaseHandler' driver.
DEBUG - 2026-07-24 01:47:55 --> Session: Class initialized using 'CodeIgniter\Session\Handlers\DatabaseHandler' driver.
DEBUG - 2026-07-24 01:48:01 --> Session: Class initialized using 'CodeIgniter\Session\Handlers\DatabaseHandler' driver.
DEBUG - 2026-07-24 01:48:07 --> Session: Class initialized using 'CodeIgniter\Session\Handlers\DatabaseHandler' driver.
DEBUG - 2026-07-24 01:48:13 --> Session: Class initialized using 'CodeIgniter\Session\Handlers\DatabaseHandler' driver.
DEBUG - 2026-07-24 01:48:19 --> Session: Class initialized using 'CodeIgniter\Session\Handlers\DatabaseHandler' driver.
DEBUG - 2026-07-24 01:48:25 --> Session: Class initialized using 'CodeIgniter\Session\Handlers\DatabaseHandler' driver.
DEBUG - 2026-07-24 01:48:30 --> Session: Class initialized using 'CodeIgniter\Session\Handlers\DatabaseHandler' driver.
DEBUG - 2026-07-24 01:48:31 --> Session: Class initialized using 'CodeIgniter\Session\Handlers\DatabaseHandler' driver.
DEBUG - 2026-07-24 01:48:37 --> Session: Class initialized using 'CodeIgniter\Session\Handlers\DatabaseHandler' driver.
DEBUG - 2026-07-24 01:48:43 --> Session: Class initialized using 'CodeIgniter\Session\Handlers\DatabaseHandler' driver.
DEBUG - 2026-07-24 01:48:49 --> Session: Class initialized using 'CodeIgniter\Session\Handlers\DatabaseHandler' driver.
DEBUG - 2026-07-24 01:48:55 --> Session: Class initialized using 'CodeIgniter\Session\Handlers\DatabaseHandler' driver.
DEBUG - 2026-07-24 01:49:01 --> Session: Class initialized using 'CodeIgniter\Session\Handlers\DatabaseHandler' driver.
DEBUG - 2026-07-24 01:49:07 --> Session: Class initialized using 'CodeIgniter\Session\Handlers\DatabaseHandler' driver.
DEBUG - 2026-07-24 01:49:13 --> Session: Class initialized using 'CodeIgniter\Session\Handlers\DatabaseHandler' driver.
DEBUG - 2026-07-24 01:49:19 --> Session: Class initialized using 'CodeIgniter\Session\Handlers\DatabaseHandler' driver.
DEBUG - 2026-07-24 01:49:25 --> Session: Class initialized using 'CodeIgniter\Session\Handlers\DatabaseHandler' driver.
DEBUG - 2026-07-24 01:49:31 --> Session: Class initialized using 'CodeIgniter\Session\Handlers\DatabaseHandler' driver.
DEBUG - 2026-07-24 01:49:32 --> Session: Class initialized using 'CodeIgniter\Session\Handlers\DatabaseHandler' driver.
DEBUG - 2026-07-24 01:49:37 --> Session: Class initialized using 'CodeIgniter\Session\Handlers\DatabaseHandler' driver.
DEBUG - 2026-07-24 01:49:43 --> Session: Class initialized using 'CodeIgniter\Session\Handlers\DatabaseHandler' driver.
DEBUG - 2026-07-24 01:49:49 --> Session: Class initialized using 'CodeIgniter\Session\Handlers\DatabaseHandler' driver.
DEBUG - 2026-07-24 01:49:55 --> Session: Class initialized using 'CodeIgniter\Session\Handlers\DatabaseHandler' driver.
DEBUG - 2026-07-24 01:50:01 --> Session: Class initialized using 'CodeIgniter\Session\Handlers\DatabaseHandler' driver.
DEBUG - 2026-07-24 01:50:07 --> Session: Class initialized using 'CodeIgniter\Session\Handlers\DatabaseHandler' driver.
DEBUG - 2026-07-24 01:50:13 --> Session: Class initialized using 'CodeIgniter\Session\Handlers\DatabaseHandler' driver.
DEBUG - 2026-07-24 01:50:19 --> Session: Class initialized using 'CodeIgniter\Session\Handlers\DatabaseHandler' driver.
DEBUG - 2026-07-24 01:50:25 --> Session: Class initialized using 'CodeIgniter\Session\Handlers\DatabaseHandler' driver.
DEBUG - 2026-07-24 01:50:31 --> Session: Class initialized using 'CodeIgniter\Session\Handlers\DatabaseHandler' driver.
DEBUG - 2026-07-24 01:50:33 --> Session: Class initialized using 'CodeIgniter\Session\Handlers\DatabaseHandler' driver.
DEBUG - 2026-07-24 01:50:37 --> Session: Class initialized using 'CodeIgniter\Session\Handlers\DatabaseHandler' driver.
DEBUG - 2026-07-24 01:50:43 --> Session: Class initialized using 'CodeIgniter\Session\Handlers\DatabaseHandler' driver.
DEBUG - 2026-07-24 01:50:49 --> Session: Class initialized using 'CodeIgniter\Session\Handlers\DatabaseHandler' driver.
DEBUG - 2026-07-24 01:50:55 --> Session: Class initialized using 'CodeIgniter\Session\Handlers\DatabaseHandler' driver.
DEBUG - 2026-07-24 01:51:01 --> Session: Class initialized using 'CodeIgniter\Session\Handlers\DatabaseHandler' driver.
DEBUG - 2026-07-24 01:51:07 --> Session: Class initialized using 'CodeIgniter\Session\Handlers\DatabaseHandler' driver.
DEBUG - 2026-07-24 01:51:13 --> Session: Class initialized using 'CodeIgniter\Session\Handlers\DatabaseHandler' driver.
DEBUG - 2026-07-24 01:51:19 --> Session: Class initialized using 'CodeIgniter\Session\Handlers\DatabaseHandler' driver.
DEBUG - 2026-07-24 01:51:25 --> Session: Class initialized using 'CodeIgniter\Session\Handlers\DatabaseHandler' driver.
DEBUG - 2026-07-24 01:51:31 --> Session: Class initialized using 'CodeIgniter\Session\Handlers\DatabaseHandler' driver.
DEBUG - 2026-07-24 01:51:34 --> Session: Class initialized using 'CodeIgniter\Session\Handlers\DatabaseHandler' driver.
DEBUG - 2026-07-24 01:51:37 --> Session: Class initialized using 'CodeIgniter\Session\Handlers\DatabaseHandler' driver.
DEBUG - 2026-07-24 01:51:43 --> Session: Class initialized using 'CodeIgniter\Session\Handlers\DatabaseHandler' driver.
DEBUG - 2026-07-24 01:51:49 --> Session: Class initialized using 'CodeIgniter\Session\Handlers\DatabaseHandler' driver.
DEBUG - 2026-07-24 01:51:55 --> Session: Class initialized using 'CodeIgniter\Session\Handlers\DatabaseHandler' driver.
DEBUG - 2026-07-24 01:52:01 --> Session: Class initialized using 'CodeIgniter\Session\Handlers\DatabaseHandler' driver.
DEBUG - 2026-07-24 01:52:07 --> Session: Class initialized using 'CodeIgniter\Session\Handlers\DatabaseHandler' driver.
DEBUG - 2026-07-24 01:52:13 --> Session: Class initialized using 'CodeIgniter\Session\Handlers\DatabaseHandler' driver.
DEBUG - 2026-07-24 01:52:19 --> Session: Class initialized using 'CodeIgniter\Session\Handlers\DatabaseHandler' driver.
DEBUG - 2026-07-24 01:52:25 --> Session: Class initialized using 'CodeIgniter\Session\Handlers\DatabaseHandler' driver.
DEBUG - 2026-07-24 01:52:31 --> Session: Class initialized using 'CodeIgniter\Session\Handlers\DatabaseHandler' driver.
DEBUG - 2026-07-24 01:52:35 --> Session: Class initialized using 'CodeIgniter\Session\Handlers\DatabaseHandler' driver.
DEBUG - 2026-07-24 01:52:37 --> Session: Class initialized using 'CodeIgniter\Session\Handlers\DatabaseHandler' driver.
DEBUG - 2026-07-24 01:52:43 --> Session: Class initialized using 'CodeIgniter\Session\Handlers\DatabaseHandler' driver.
DEBUG - 2026-07-24 01:52:49 --> Session: Class initialized using 'CodeIgniter\Session\Handlers\DatabaseHandler' driver.
DEBUG - 2026-07-24 01:52:55 --> Session: Class initialized using 'CodeIgniter\Session\Handlers\DatabaseHandler' driver.
DEBUG - 2026-07-24 01:53:01 --> Session: Class initialized using 'CodeIgniter\Session\Handlers\DatabaseHandler' driver.
DEBUG - 2026-07-24 01:53:07 --> Session: Class initialized using 'CodeIgniter\Session\Handlers\DatabaseHandler' driver.
DEBUG - 2026-07-24 01:53:13 --> Session: Class initialized using 'CodeIgniter\Session\Handlers\DatabaseHandler' driver.
DEBUG - 2026-07-24 01:53:19 --> Session: Class initialized using 'CodeIgniter\Session\Handlers\DatabaseHandler' driver.
DEBUG - 2026-07-24 01:53:25 --> Session: Class initialized using 'CodeIgniter\Session\Handlers\DatabaseHandler' driver.
DEBUG - 2026-07-24 01:53:31 --> Session: Class initialized using 'CodeIgniter\Session\Handlers\DatabaseHandler' driver.
DEBUG - 2026-07-24 01:53:36 --> Session: Class initialized using 'CodeIgniter\Session\Handlers\DatabaseHandler' driver.
DEBUG - 2026-07-24 01:53:37 --> Session: Class initialized using 'CodeIgniter\Session\Handlers\DatabaseHandler' driver.
DEBUG - 2026-07-24 01:53:43 --> Session: Class initialized using 'CodeIgniter\Session\Handlers\DatabaseHandler' driver.
DEBUG - 2026-07-24 01:53:49 --> Session: Class initialized using 'CodeIgniter\Session\Handlers\DatabaseHandler' driver.
DEBUG - 2026-07-24 01:53:55 --> Session: Class initialized using 'CodeIgniter\Session\Handlers\DatabaseHandler' driver.
DEBUG - 2026-07-24 01:54:01 --> Session: Class initialized using 'CodeIgniter\Session\Handlers\DatabaseHandler' driver.
DEBUG - 2026-07-24 01:54:07 --> Session: Class initialized using 'CodeIgniter\Session\Handlers\DatabaseHandler' driver.
DEBUG - 2026-07-24 01:54:13 --> Session: Class initialized using 'CodeIgniter\Session\Handlers\DatabaseHandler' driver.
DEBUG - 2026-07-24 01:54:19 --> Session: Class initialized using 'CodeIgniter\Session\Handlers\DatabaseHandler' driver.
DEBUG - 2026-07-24 01:54:25 --> Session: Class initialized using 'CodeIgniter\Session\Handlers\DatabaseHandler' driver.
DEBUG - 2026-07-24 01:54:31 --> Session: Class initialized using 'CodeIgniter\Session\Handlers\DatabaseHandler' driver.
DEBUG - 2026-07-24 01:54:37 --> Session: Class initialized using 'CodeIgniter\Session\Handlers\DatabaseHandler' driver.
DEBUG - 2026-07-24 01:54:38 --> Session: Class initialized using 'CodeIgniter\Session\Handlers\DatabaseHandler' driver.
DEBUG - 2026-07-24 01:54:43 --> Session: Class initialized using 'CodeIgniter\Session\Handlers\DatabaseHandler' driver.
DEBUG - 2026-07-24 01:54:49 --> Session: Class initialized using 'CodeIgniter\Session\Handlers\DatabaseHandler' driver.
DEBUG - 2026-07-24 01:54:55 --> Session: Class initialized using 'CodeIgniter\Session\Handlers\DatabaseHandler' driver.
DEBUG - 2026-07-24 01:55:01 --> Session: Class initialized using 'CodeIgniter\Session\Handlers\DatabaseHandler' driver.
DEBUG - 2026-07-24 01:55:07 --> Session: Class initialized using 'CodeIgniter\Session\Handlers\DatabaseHandler' driver.
DEBUG - 2026-07-24 01:55:13 --> Session: Class initialized using 'CodeIgniter\Session\Handlers\DatabaseHandler' driver.
DEBUG - 2026-07-24 01:55:19 --> Session: Class initialized using 'CodeIgniter\Session\Handlers\DatabaseHandler' driver.
DEBUG - 2026-07-24 01:55:25 --> Session: Class initialized using 'CodeIgniter\Session\Handlers\DatabaseHandler' driver.
DEBUG - 2026-07-24 01:55:31 --> Session: Class initialized using 'CodeIgniter\Session\Handlers\DatabaseHandler' driver.
DEBUG - 2026-07-24 01:55:37 --> Session: Class initialized using 'CodeIgniter\Session\Handlers\DatabaseHandler' driver.
DEBUG - 2026-07-24 01:55:39 --> Session: Class initialized using 'CodeIgniter\Session\Handlers\DatabaseHandler' driver.
DEBUG - 2026-07-24 01:55:43 --> Session: Class initialized using 'CodeIgniter\Session\Handlers\DatabaseHandler' driver.
DEBUG - 2026-07-24 01:55:49 --> Session: Class initialized using 'CodeIgniter\Session\Handlers\DatabaseHandler' driver.
DEBUG - 2026-07-24 01:55:55 --> Session: Class initialized using 'CodeIgniter\Session\Handlers\DatabaseHandler' driver.
DEBUG - 2026-07-24 01:56:01 --> Session: Class initialized using 'CodeIgniter\Session\Handlers\DatabaseHandler' driver.
DEBUG - 2026-07-24 01:56:07 --> Session: Class initialized using 'CodeIgniter\Session\Handlers\DatabaseHandler' driver.
DEBUG - 2026-07-24 01:56:13 --> Session: Class initialized using 'CodeIgniter\Session\Handlers\DatabaseHandler' driver.
DEBUG - 2026-07-24 01:56:19 --> Session: Class initialized using 'CodeIgniter\Session\Handlers\DatabaseHandler' driver.
DEBUG - 2026-07-24 01:56:25 --> Session: Class initialized using 'CodeIgniter\Session\Handlers\DatabaseHandler' driver.
DEBUG - 2026-07-24 01:56:31 --> Session: Class initialized using 'CodeIgniter\Session\Handlers\DatabaseHandler' driver.
DEBUG - 2026-07-24 01:56:37 --> Session: Class initialized using 'CodeIgniter\Session\Handlers\DatabaseHandler' driver.
DEBUG - 2026-07-24 01:56:40 --> Session: Class initialized using 'CodeIgniter\Session\Handlers\DatabaseHandler' driver.
DEBUG - 2026-07-24 01:56:43 --> Session: Class initialized using 'CodeIgniter\Session\Handlers\DatabaseHandler' driver.
DEBUG - 2026-07-24 01:56:49 --> Session: Class initialized using 'CodeIgniter\Session\Handlers\DatabaseHandler' driver.
DEBUG - 2026-07-24 01:56:55 --> Session: Class initialized using 'CodeIgniter\Session\Handlers\DatabaseHandler' driver.
DEBUG - 2026-07-24 01:57:01 --> Session: Class initialized using 'CodeIgniter\Session\Handlers\DatabaseHandler' driver.
DEBUG - 2026-07-24 01:57:07 --> Session: Class initialized using 'CodeIgniter\Session\Handlers\DatabaseHandler' driver.
DEBUG - 2026-07-24 01:57:13 --> Session: Class initialized using 'CodeIgniter\Session\Handlers\DatabaseHandler' driver.
DEBUG - 2026-07-24 01:57:19 --> Session: Class initialized using 'CodeIgniter\Session\Handlers\DatabaseHandler' driver.
DEBUG - 2026-07-24 01:57:25 --> Session: Class initialized using 'CodeIgniter\Session\Handlers\DatabaseHandler' driver.
DEBUG - 2026-07-24 01:57:31 --> Session: Class initialized using 'CodeIgniter\Session\Handlers\DatabaseHandler' driver.
DEBUG - 2026-07-24 01:57:37 --> Session: Class initialized using 'CodeIgniter\Session\Handlers\DatabaseHandler' driver.
DEBUG - 2026-07-24 01:57:41 --> Session: Class initialized using 'CodeIgniter\Session\Handlers\DatabaseHandler' driver.
DEBUG - 2026-07-24 01:57:43 --> Session: Class initialized using 'CodeIgniter\Session\Handlers\DatabaseHandler' driver.
DEBUG - 2026-07-24 01:57:49 --> Session: Class initialized using 'CodeIgniter\Session\Handlers\DatabaseHandler' driver.
DEBUG - 2026-07-24 01:57:55 --> Session: Class initialized using 'CodeIgniter\Session\Handlers\DatabaseHandler' driver.
DEBUG - 2026-07-24 01:58:01 --> Session: Class initialized using 'CodeIgniter\Session\Handlers\DatabaseHandler' driver.
DEBUG - 2026-07-24 01:58:07 --> Session: Class initialized using 'CodeIgniter\Session\Handlers\DatabaseHandler' driver.
DEBUG - 2026-07-24 01:58:13 --> Session: Class initialized using 'CodeIgniter\Session\Handlers\DatabaseHandler' driver.
DEBUG - 2026-07-24 01:58:19 --> Session: Class initialized using 'CodeIgniter\Session\Handlers\DatabaseHandler' driver.
DEBUG - 2026-07-24 01:58:25 --> Session: Class initialized using 'CodeIgniter\Session\Handlers\DatabaseHandler' driver.
DEBUG - 2026-07-24 01:58:31 --> Session: Class initialized using 'CodeIgniter\Session\Handlers\DatabaseHandler' driver.
DEBUG - 2026-07-24 01:58:37 --> Session: Class initialized using 'CodeIgniter\Session\Handlers\DatabaseHandler' driver.
DEBUG - 2026-07-24 01:58:42 --> Session: Class initialized using 'CodeIgniter\Session\Handlers\DatabaseHandler' driver.
DEBUG - 2026-07-24 01:58:43 --> Session: Class initialized using 'CodeIgniter\Session\Handlers\DatabaseHandler' driver.
DEBUG - 2026-07-24 01:58:49 --> Session: Class initialized using 'CodeIgniter\Session\Handlers\DatabaseHandler' driver.
DEBUG - 2026-07-24 01:58:55 --> Session: Class initialized using 'CodeIgniter\Session\Handlers\DatabaseHandler' driver.
DEBUG - 2026-07-24 01:59:01 --> Session: Class initialized using 'CodeIgniter\Session\Handlers\DatabaseHandler' driver.
DEBUG - 2026-07-24 01:59:07 --> Session: Class initialized using 'CodeIgniter\Session\Handlers\DatabaseHandler' driver.
DEBUG - 2026-07-24 01:59:13 --> Session: Class initialized using 'CodeIgniter\Session\Handlers\DatabaseHandler' driver.
DEBUG - 2026-07-24 01:59:19 --> Session: Class initialized using 'CodeIgniter\Session\Handlers\DatabaseHandler' driver.
DEBUG - 2026-07-24 01:59:25 --> Session: Class initialized using 'CodeIgniter\Session\Handlers\DatabaseHandler' driver.
DEBUG - 2026-07-24 01:59:31 --> Session: Class initialized using 'CodeIgniter\Session\Handlers\DatabaseHandler' driver.
DEBUG - 2026-07-24 01:59:37 --> Session: Class initialized using 'CodeIgniter\Session\Handlers\DatabaseHandler' driver.
DEBUG - 2026-07-24 01:59:43 --> Session: Class initialized using 'CodeIgniter\Session\Handlers\DatabaseHandler' driver.
DEBUG - 2026-07-24 01:59:44 --> Session: Class initialized using 'CodeIgniter\Session\Handlers\DatabaseHandler' driver.
DEBUG - 2026-07-24 01:59:50 --> Session: Class initialized using 'CodeIgniter\Session\Handlers\DatabaseHandler' driver.
DEBUG - 2026-07-24 01:59:56 --> Session: Class initialized using 'CodeIgniter\Session\Handlers\DatabaseHandler' driver.
DEBUG - 2026-07-24 02:00:02 --> Session: Class initialized using 'CodeIgniter\Session\Handlers\DatabaseHandler' driver.
DEBUG - 2026-07-24 02:00:08 --> Session: Class initialized using 'CodeIgniter\Session\Handlers\DatabaseHandler' driver.
DEBUG - 2026-07-24 02:00:14 --> Session: Class initialized using 'CodeIgniter\Session\Handlers\DatabaseHandler' driver.
DEBUG - 2026-07-24 02:00:20 --> Session: Class initialized using 'CodeIgniter\Session\Handlers\DatabaseHandler' driver.
DEBUG - 2026-07-24 02:00:26 --> Session: Class initialized using 'CodeIgniter\Session\Handlers\DatabaseHandler' driver.
DEBUG - 2026-07-24 02:00:32 --> Session: Class initialized using 'CodeIgniter\Session\Handlers\DatabaseHandler' driver.
DEBUG - 2026-07-24 02:00:38 --> Session: Class initialized using 'CodeIgniter\Session\Handlers\DatabaseHandler' driver.
DEBUG - 2026-07-24 02:00:44 --> Session: Class initialized using 'CodeIgniter\Session\Handlers\DatabaseHandler' driver.
DEBUG - 2026-07-24 02:00:45 --> Session: Class initialized using 'CodeIgniter\Session\Handlers\DatabaseHandler' driver.
DEBUG - 2026-07-24 02:00:51 --> Session: Class initialized using 'CodeIgniter\Session\Handlers\DatabaseHandler' driver.
DEBUG - 2026-07-24 02:00:57 --> Session: Class initialized using 'CodeIgniter\Session\Handlers\DatabaseHandler' driver.
DEBUG - 2026-07-24 02:01:03 --> Session: Class initialized using 'CodeIgniter\Session\Handlers\DatabaseHandler' driver.
DEBUG - 2026-07-24 02:01:09 --> Session: Class initialized using 'CodeIgniter\Session\Handlers\DatabaseHandler' driver.
DEBUG - 2026-07-24 02:01:15 --> Session: Class initialized using 'CodeIgniter\Session\Handlers\DatabaseHandler' driver.
DEBUG - 2026-07-24 02:01:21 --> Session: Class initialized using 'CodeIgniter\Session\Handlers\DatabaseHandler' driver.
DEBUG - 2026-07-24 02:01:27 --> Session: Class initialized using 'CodeIgniter\Session\Handlers\DatabaseHandler' driver.
DEBUG - 2026-07-24 02:01:33 --> Session: Class initialized using 'CodeIgniter\Session\Handlers\DatabaseHandler' driver.
DEBUG - 2026-07-24 02:01:39 --> Session: Class initialized using 'CodeIgniter\Session\Handlers\DatabaseHandler' driver.
DEBUG - 2026-07-24 02:01:45 --> Session: Class initialized using 'CodeIgniter\Session\Handlers\DatabaseHandler' driver.
DEBUG - 2026-07-24 02:01:46 --> Session: Class initialized using 'CodeIgniter\Session\Handlers\DatabaseHandler' driver.
DEBUG - 2026-07-24 02:01:52 --> Session: Class initialized using 'CodeIgniter\Session\Handlers\DatabaseHandler' driver.
DEBUG - 2026-07-24 02:01:58 --> Session: Class initialized using 'CodeIgniter\Session\Handlers\DatabaseHandler' driver.
DEBUG - 2026-07-24 02:02:04 --> Session: Class initialized using 'CodeIgniter\Session\Handlers\DatabaseHandler' driver.
DEBUG - 2026-07-24 02:02:10 --> Session: Class initialized using 'CodeIgniter\Session\Handlers\DatabaseHandler' driver.
DEBUG - 2026-07-24 02:02:16 --> Session: Class initialized using 'CodeIgniter\Session\Handlers\DatabaseHandler' driver.
DEBUG - 2026-07-24 02:02:22 --> Session: Class initialized using 'CodeIgniter\Session\Handlers\DatabaseHandler' driver.
DEBUG - 2026-07-24 02:02:28 --> Session: Class initialized using 'CodeIgniter\Session\Handlers\DatabaseHandler' driver.
DEBUG - 2026-07-24 02:02:34 --> Session: Class initialized using 'CodeIgniter\Session\Handlers\DatabaseHandler' driver.
DEBUG - 2026-07-24 02:02:40 --> Session: Class initialized using 'CodeIgniter\Session\Handlers\DatabaseHandler' driver.
DEBUG - 2026-07-24 02:02:46 --> Session: Class initialized using 'CodeIgniter\Session\Handlers\DatabaseHandler' driver.
DEBUG - 2026-07-24 02:02:47 --> Session: Class initialized using 'CodeIgniter\Session\Handlers\DatabaseHandler' driver.
DEBUG - 2026-07-24 02:02:52 --> Session: Class initialized using 'CodeIgniter\Session\Handlers\DatabaseHandler' driver.
DEBUG - 2026-07-24 02:02:58 --> Session: Class initialized using 'CodeIgniter\Session\Handlers\DatabaseHandler' driver.
DEBUG - 2026-07-24 02:03:04 --> Session: Class initialized using 'CodeIgniter\Session\Handlers\DatabaseHandler' driver.
DEBUG - 2026-07-24 02:03:10 --> Session: Class initialized using 'CodeIgniter\Session\Handlers\DatabaseHandler' driver.
DEBUG - 2026-07-24 02:03:16 --> Session: Class initialized using 'CodeIgniter\Session\Handlers\DatabaseHandler' driver.
DEBUG - 2026-07-24 02:03:22 --> Session: Class initialized using 'CodeIgniter\Session\Handlers\DatabaseHandler' driver.
DEBUG - 2026-07-24 02:03:28 --> Session: Class initialized using 'CodeIgniter\Session\Handlers\DatabaseHandler' driver.
DEBUG - 2026-07-24 02:03:34 --> Session: Class initialized using 'CodeIgniter\Session\Handlers\DatabaseHandler' driver.
DEBUG - 2026-07-24 02:03:40 --> Session: Class initialized using 'CodeIgniter\Session\Handlers\DatabaseHandler' driver.
DEBUG - 2026-07-24 02:03:46 --> Session: Class initialized using 'CodeIgniter\Session\Handlers\DatabaseHandler' driver.
DEBUG - 2026-07-24 02:03:48 --> Session: Class initialized using 'CodeIgniter\Session\Handlers\DatabaseHandler' driver.
DEBUG - 2026-07-24 02:03:52 --> Session: Class initialized using 'CodeIgniter\Session\Handlers\DatabaseHandler' driver.
DEBUG - 2026-07-24 02:03:58 --> Session: Class initialized using 'CodeIgniter\Session\Handlers\DatabaseHandler' driver.
DEBUG - 2026-07-24 02:04:04 --> Session: Class initialized using 'CodeIgniter\Session\Handlers\DatabaseHandler' driver.
DEBUG - 2026-07-24 02:04:10 --> Session: Class initialized using 'CodeIgniter\Session\Handlers\DatabaseHandler' driver.
DEBUG - 2026-07-24 02:04:16 --> Session: Class initialized using 'CodeIgniter\Session\Handlers\DatabaseHandler' driver.
DEBUG - 2026-07-24 02:04:22 --> Session: Class initialized using 'CodeIgniter\Session\Handlers\DatabaseHandler' driver.
DEBUG - 2026-07-24 02:04:28 --> Session: Class initialized using 'CodeIgniter\Session\Handlers\DatabaseHandler' driver.
DEBUG - 2026-07-24 02:04:34 --> Session: Class initialized using 'CodeIgniter\Session\Handlers\DatabaseHandler' driver.
DEBUG - 2026-07-24 02:04:40 --> Session: Class initialized using 'CodeIgniter\Session\Handlers\DatabaseHandler' driver.
DEBUG - 2026-07-24 02:04:46 --> Session: Class initialized using 'CodeIgniter\Session\Handlers\DatabaseHandler' driver.
DEBUG - 2026-07-24 02:04:49 --> Session: Class initialized using 'CodeIgniter\Session\Handlers\DatabaseHandler' driver.
DEBUG - 2026-07-24 02:04:52 --> Session: Class initialized using 'CodeIgniter\Session\Handlers\DatabaseHandler' driver.
DEBUG - 2026-07-24 02:04:58 --> Session: Class initialized using 'CodeIgniter\Session\Handlers\DatabaseHandler' driver.
DEBUG - 2026-07-24 02:05:04 --> Session: Class initialized using 'CodeIgniter\Session\Handlers\DatabaseHandler' driver.
DEBUG - 2026-07-24 02:05:10 --> Session: Class initialized using 'CodeIgniter\Session\Handlers\DatabaseHandler' driver.
DEBUG - 2026-07-24 02:05:16 --> Session: Class initialized using 'CodeIgniter\Session\Handlers\DatabaseHandler' driver.
DEBUG - 2026-07-24 02:05:22 --> Session: Class initialized using 'CodeIgniter\Session\Handlers\DatabaseHandler' driver.
DEBUG - 2026-07-24 02:05:28 --> Session: Class initialized using 'CodeIgniter\Session\Handlers\DatabaseHandler' driver.
DEBUG - 2026-07-24 02:05:34 --> Session: Class initialized using 'CodeIgniter\Session\Handlers\DatabaseHandler' driver.
DEBUG - 2026-07-24 02:05:40 --> Session: Class initialized using 'CodeIgniter\Session\Handlers\DatabaseHandler' driver.
DEBUG - 2026-07-24 02:05:46 --> Session: Class initialized using 'CodeIgniter\Session\Handlers\DatabaseHandler' driver.
DEBUG - 2026-07-24 02:05:50 --> Session: Class initialized using 'CodeIgniter\Session\Handlers\DatabaseHandler' driver.
DEBUG - 2026-07-24 02:05:52 --> Session: Class initialized using 'CodeIgniter\Session\Handlers\DatabaseHandler' driver.
DEBUG - 2026-07-24 02:05:58 --> Session: Class initialized using 'CodeIgniter\Session\Handlers\DatabaseHandler' driver.
DEBUG - 2026-07-24 02:06:04 --> Session: Class initialized using 'CodeIgniter\Session\Handlers\DatabaseHandler' driver.
DEBUG - 2026-07-24 02:06:10 --> Session: Class initialized using 'CodeIgniter\Session\Handlers\DatabaseHandler' driver.
DEBUG - 2026-07-24 02:06:16 --> Session: Class initialized using 'CodeIgniter\Session\Handlers\DatabaseHandler' driver.
DEBUG - 2026-07-24 02:06:22 --> Session: Class initialized using 'CodeIgniter\Session\Handlers\DatabaseHandler' driver.
DEBUG - 2026-07-24 02:06:28 --> Session: Class initialized using 'CodeIgniter\Session\Handlers\DatabaseHandler' driver.
DEBUG - 2026-07-24 02:06:34 --> Session: Class initialized using 'CodeIgniter\Session\Handlers\DatabaseHandler' driver.
DEBUG - 2026-07-24 02:06:40 --> Session: Class initialized using 'CodeIgniter\Session\Handlers\DatabaseHandler' driver.
DEBUG - 2026-07-24 02:06:46 --> Session: Class initialized using 'CodeIgniter\Session\Handlers\DatabaseHandler' driver.
DEBUG - 2026-07-24 02:06:51 --> Session: Class initialized using 'CodeIgniter\Session\Handlers\DatabaseHandler' driver.
DEBUG - 2026-07-24 02:06:52 --> Session: Class initialized using 'CodeIgniter\Session\Handlers\DatabaseHandler' driver.
DEBUG - 2026-07-24 02:06:58 --> Session: Class initialized using 'CodeIgniter\Session\Handlers\DatabaseHandler' driver.
DEBUG - 2026-07-24 02:07:04 --> Session: Class initialized using 'CodeIgniter\Session\Handlers\DatabaseHandler' driver.
DEBUG - 2026-07-24 02:07:10 --> Session: Class initialized using 'CodeIgniter\Session\Handlers\DatabaseHandler' driver.
DEBUG - 2026-07-24 02:07:16 --> Session: Class initialized using 'CodeIgniter\Session\Handlers\DatabaseHandler' driver.
DEBUG - 2026-07-24 02:07:22 --> Session: Class initialized using 'CodeIgniter\Session\Handlers\DatabaseHandler' driver.
DEBUG - 2026-07-24 02:07:28 --> Session: Class initialized using 'CodeIgniter\Session\Handlers\DatabaseHandler' driver.
DEBUG - 2026-07-24 02:07:34 --> Session: Class initialized using 'CodeIgniter\Session\Handlers\DatabaseHandler' driver.
DEBUG - 2026-07-24 02:07:40 --> Session: Class initialized using 'CodeIgniter\Session\Handlers\DatabaseHandler' driver.
DEBUG - 2026-07-24 02:07:46 --> Session: Class initialized using 'CodeIgniter\Session\Handlers\DatabaseHandler' driver.
DEBUG - 2026-07-24 02:07:52 --> Session: Class initialized using 'CodeIgniter\Session\Handlers\DatabaseHandler' driver.
DEBUG - 2026-07-24 02:07:53 --> Session: Class initialized using 'CodeIgniter\Session\Handlers\DatabaseHandler' driver.
DEBUG - 2026-07-24 02:07:58 --> Session: Class initialized using 'CodeIgniter\Session\Handlers\DatabaseHandler' driver.
DEBUG - 2026-07-24 02:08:04 --> Session: Class initialized using 'CodeIgniter\Session\Handlers\DatabaseHandler' driver.
DEBUG - 2026-07-24 02:08:10 --> Session: Class initialized using 'CodeIgniter\Session\Handlers\DatabaseHandler' driver.
DEBUG - 2026-07-24 02:08:16 --> Session: Class initialized using 'CodeIgniter\Session\Handlers\DatabaseHandler' driver.
DEBUG - 2026-07-24 02:08:22 --> Session: Class initialized using 'CodeIgniter\Session\Handlers\DatabaseHandler' driver.
DEBUG - 2026-07-24 02:08:28 --> Session: Class initialized using 'CodeIgniter\Session\Handlers\DatabaseHandler' driver.
DEBUG - 2026-07-24 02:08:34 --> Session: Class initialized using 'CodeIgniter\Session\Handlers\DatabaseHandler' driver.
DEBUG - 2026-07-24 02:08:40 --> Session: Class initialized using 'CodeIgniter\Session\Handlers\DatabaseHandler' driver.
DEBUG - 2026-07-24 02:08:46 --> Session: Class initialized using 'CodeIgniter\Session\Handlers\DatabaseHandler' driver.
DEBUG - 2026-07-24 02:08:52 --> Session: Class initialized using 'CodeIgniter\Session\Handlers\DatabaseHandler' driver.
DEBUG - 2026-07-24 02:08:54 --> Session: Class initialized using 'CodeIgniter\Session\Handlers\DatabaseHandler' driver.
DEBUG - 2026-07-24 02:08:58 --> Session: Class initialized using 'CodeIgniter\Session\Handlers\DatabaseHandler' driver.
DEBUG - 2026-07-24 02:09:04 --> Session: Class initialized using 'CodeIgniter\Session\Handlers\DatabaseHandler' driver.
DEBUG - 2026-07-24 02:09:10 --> Session: Class initialized using 'CodeIgniter\Session\Handlers\DatabaseHandler' driver.
DEBUG - 2026-07-24 02:09:16 --> Session: Class initialized using 'CodeIgniter\Session\Handlers\DatabaseHandler' driver.
DEBUG - 2026-07-24 02:09:22 --> Session: Class initialized using 'CodeIgniter\Session\Handlers\DatabaseHandler' driver.
DEBUG - 2026-07-24 02:09:28 --> Session: Class initialized using 'CodeIgniter\Session\Handlers\DatabaseHandler' driver.
DEBUG - 2026-07-24 02:09:34 --> Session: Class initialized using 'CodeIgniter\Session\Handlers\DatabaseHandler' driver.
DEBUG - 2026-07-24 02:09:40 --> Session: Class initialized using 'CodeIgniter\Session\Handlers\DatabaseHandler' driver.
DEBUG - 2026-07-24 02:09:46 --> Session: Class initialized using 'CodeIgniter\Session\Handlers\DatabaseHandler' driver.
DEBUG - 2026-07-24 02:09:52 --> Session: Class initialized using 'CodeIgniter\Session\Handlers\DatabaseHandler' driver.
DEBUG - 2026-07-24 02:09:55 --> Session: Class initialized using 'CodeIgniter\Session\Handlers\DatabaseHandler' driver.
DEBUG - 2026-07-24 02:09:58 --> Session: Class initialized using 'CodeIgniter\Session\Handlers\DatabaseHandler' driver.
DEBUG - 2026-07-24 02:10:04 --> Session: Class initialized using 'CodeIgniter\Session\Handlers\DatabaseHandler' driver.
DEBUG - 2026-07-24 02:10:10 --> Session: Class initialized using 'CodeIgniter\Session\Handlers\DatabaseHandler' driver.
DEBUG - 2026-07-24 02:10:16 --> Session: Class initialized using 'CodeIgniter\Session\Handlers\DatabaseHandler' driver.
DEBUG - 2026-07-24 02:10:22 --> Session: Class initialized using 'CodeIgniter\Session\Handlers\DatabaseHandler' driver.
DEBUG - 2026-07-24 02:10:28 --> Session: Class initialized using 'CodeIgniter\Session\Handlers\DatabaseHandler' driver.
DEBUG - 2026-07-24 02:10:34 --> Session: Class initialized using 'CodeIgniter\Session\Handlers\DatabaseHandler' driver.
DEBUG - 2026-07-24 02:10:40 --> Session: Class initialized using 'CodeIgniter\Session\Handlers\DatabaseHandler' driver.
DEBUG - 2026-07-24 02:10:46 --> Session: Class initialized using 'CodeIgniter\Session\Handlers\DatabaseHandler' driver.
DEBUG - 2026-07-24 02:10:52 --> Session: Class initialized using 'CodeIgniter\Session\Handlers\DatabaseHandler' driver.
DEBUG - 2026-07-24 02:10:56 --> Session: Class initialized using 'CodeIgniter\Session\Handlers\DatabaseHandler' driver.
DEBUG - 2026-07-24 02:10:58 --> Session: Class initialized using 'CodeIgniter\Session\Handlers\DatabaseHandler' driver.
DEBUG - 2026-07-24 02:11:04 --> Session: Class initialized using 'CodeIgniter\Session\Handlers\DatabaseHandler' driver.
DEBUG - 2026-07-24 02:11:10 --> Session: Class initialized using 'CodeIgniter\Session\Handlers\DatabaseHandler' driver.
DEBUG - 2026-07-24 02:11:16 --> Session: Class initialized using 'CodeIgniter\Session\Handlers\DatabaseHandler' driver.
DEBUG - 2026-07-24 02:11:22 --> Session: Class initialized using 'CodeIgniter\Session\Handlers\DatabaseHandler' driver.
DEBUG - 2026-07-24 02:11:28 --> Session: Class initialized using 'CodeIgniter\Session\Handlers\DatabaseHandler' driver.
DEBUG - 2026-07-24 02:11:34 --> Session: Class initialized using 'CodeIgniter\Session\Handlers\DatabaseHandler' driver.
DEBUG - 2026-07-24 02:11:40 --> Session: Class initialized using 'CodeIgniter\Session\Handlers\DatabaseHandler' driver.
DEBUG - 2026-07-24 02:11:46 --> Session: Class initialized using 'CodeIgniter\Session\Handlers\DatabaseHandler' driver.
DEBUG - 2026-07-24 02:11:52 --> Session: Class initialized using 'CodeIgniter\Session\Handlers\DatabaseHandler' driver.
DEBUG - 2026-07-24 02:11:57 --> Session: Class initialized using 'CodeIgniter\Session\Handlers\DatabaseHandler' driver.
DEBUG - 2026-07-24 02:11:58 --> Session: Class initialized using 'CodeIgniter\Session\Handlers\DatabaseHandler' driver.
DEBUG - 2026-07-24 02:12:04 --> Session: Class initialized using 'CodeIgniter\Session\Handlers\DatabaseHandler' driver.
DEBUG - 2026-07-24 02:12:10 --> Session: Class initialized using 'CodeIgniter\Session\Handlers\DatabaseHandler' driver.
DEBUG - 2026-07-24 02:12:16 --> Session: Class initialized using 'CodeIgniter\Session\Handlers\DatabaseHandler' driver.
DEBUG - 2026-07-24 02:12:22 --> Session: Class initialized using 'CodeIgniter\Session\Handlers\DatabaseHandler' driver.
DEBUG - 2026-07-24 02:12:28 --> Session: Class initialized using 'CodeIgniter\Session\Handlers\DatabaseHandler' driver.
DEBUG - 2026-07-24 02:12:34 --> Session: Class initialized using 'CodeIgniter\Session\Handlers\DatabaseHandler' driver.
DEBUG - 2026-07-24 02:12:40 --> Session: Class initialized using 'CodeIgniter\Session\Handlers\DatabaseHandler' driver.
DEBUG - 2026-07-24 02:12:46 --> Session: Class initialized using 'CodeIgniter\Session\Handlers\DatabaseHandler' driver.
DEBUG - 2026-07-24 02:12:52 --> Session: Class initialized using 'CodeIgniter\Session\Handlers\DatabaseHandler' driver.
DEBUG - 2026-07-24 02:12:58 --> Session: Class initialized using 'CodeIgniter\Session\Handlers\DatabaseHandler' driver.
DEBUG - 2026-07-24 02:12:59 --> Session: Class initialized using 'CodeIgniter\Session\Handlers\DatabaseHandler' driver.
DEBUG - 2026-07-24 02:13:05 --> Session: Class initialized using 'CodeIgniter\Session\Handlers\DatabaseHandler' driver.
DEBUG - 2026-07-24 02:13:11 --> Session: Class initialized using 'CodeIgniter\Session\Handlers\DatabaseHandler' driver.
DEBUG - 2026-07-24 02:13:17 --> Session: Class initialized using 'CodeIgniter\Session\Handlers\DatabaseHandler' driver.
DEBUG - 2026-07-24 02:13:23 --> Session: Class initialized using 'CodeIgniter\Session\Handlers\DatabaseHandler' driver.
DEBUG - 2026-07-24 02:13:29 --> Session: Class initialized using 'CodeIgniter\Session\Handlers\DatabaseHandler' driver.
DEBUG - 2026-07-24 02:13:35 --> Session: Class initialized using 'CodeIgniter\Session\Handlers\DatabaseHandler' driver.
DEBUG - 2026-07-24 02:13:41 --> Session: Class initialized using 'CodeIgniter\Session\Handlers\DatabaseHandler' driver.
DEBUG - 2026-07-24 02:13:47 --> Session: Class initialized using 'CodeIgniter\Session\Handlers\DatabaseHandler' driver.
DEBUG - 2026-07-24 02:13:53 --> Session: Class initialized using 'CodeIgniter\Session\Handlers\DatabaseHandler' driver.
DEBUG - 2026-07-24 02:13:59 --> Session: Class initialized using 'CodeIgniter\Session\Handlers\DatabaseHandler' driver.
DEBUG - 2026-07-24 02:14:00 --> Session: Class initialized using 'CodeIgniter\Session\Handlers\DatabaseHandler' driver.
DEBUG - 2026-07-24 02:14:06 --> Session: Class initialized using 'CodeIgniter\Session\Handlers\DatabaseHandler' driver.
DEBUG - 2026-07-24 02:14:12 --> Session: Class initialized using 'CodeIgniter\Session\Handlers\DatabaseHandler' driver.
DEBUG - 2026-07-24 02:14:18 --> Session: Class initialized using 'CodeIgniter\Session\Handlers\DatabaseHandler' driver.
DEBUG - 2026-07-24 02:14:24 --> Session: Class initialized using 'CodeIgniter\Session\Handlers\DatabaseHandler' driver.
DEBUG - 2026-07-24 02:14:30 --> Session: Class initialized using 'CodeIgniter\Session\Handlers\DatabaseHandler' driver.
DEBUG - 2026-07-24 02:14:36 --> Session: Class initialized using 'CodeIgniter\Session\Handlers\DatabaseHandler' driver.
DEBUG - 2026-07-24 02:14:42 --> Session: Class initialized using 'CodeIgniter\Session\Handlers\DatabaseHandler' driver.
DEBUG - 2026-07-24 02:14:48 --> Session: Class initialized using 'CodeIgniter\Session\Handlers\DatabaseHandler' driver.
DEBUG - 2026-07-24 02:14:54 --> Session: Class initialized using 'CodeIgniter\Session\Handlers\DatabaseHandler' driver.
DEBUG - 2026-07-24 02:15:00 --> Session: Class initialized using 'CodeIgniter\Session\Handlers\DatabaseHandler' driver.
DEBUG - 2026-07-24 02:15:01 --> Session: Class initialized using 'CodeIgniter\Session\Handlers\DatabaseHandler' driver.
DEBUG - 2026-07-24 02:15:06 --> Session: Class initialized using 'CodeIgniter\Session\Handlers\DatabaseHandler' driver.
DEBUG - 2026-07-24 02:15:12 --> Session: Class initialized using 'CodeIgniter\Session\Handlers\DatabaseHandler' driver.
DEBUG - 2026-07-24 02:15:18 --> Session: Class initialized using 'CodeIgniter\Session\Handlers\DatabaseHandler' driver.
DEBUG - 2026-07-24 02:15:24 --> Session: Class initialized using 'CodeIgniter\Session\Handlers\DatabaseHandler' driver.
DEBUG - 2026-07-24 02:15:30 --> Session: Class initialized using 'CodeIgniter\Session\Handlers\DatabaseHandler' driver.
DEBUG - 2026-07-24 02:15:36 --> Session: Class initialized using 'CodeIgniter\Session\Handlers\DatabaseHandler' driver.
DEBUG - 2026-07-24 02:15:42 --> Session: Class initialized using 'CodeIgniter\Session\Handlers\DatabaseHandler' driver.
DEBUG - 2026-07-24 02:15:48 --> Session: Class initialized using 'CodeIgniter\Session\Handlers\DatabaseHandler' driver.
DEBUG - 2026-07-24 02:15:54 --> Session: Class initialized using 'CodeIgniter\Session\Handlers\DatabaseHandler' driver.
DEBUG - 2026-07-24 02:16:00 --> Session: Class initialized using 'CodeIgniter\Session\Handlers\DatabaseHandler' driver.
DEBUG - 2026-07-24 02:16:02 --> Session: Class initialized using 'CodeIgniter\Session\Handlers\DatabaseHandler' driver.
DEBUG - 2026-07-24 02:16:06 --> Session: Class initialized using 'CodeIgniter\Session\Handlers\DatabaseHandler' driver.
DEBUG - 2026-07-24 02:16:12 --> Session: Class initialized using 'CodeIgniter\Session\Handlers\DatabaseHandler' driver.
DEBUG - 2026-07-24 02:16:18 --> Session: Class initialized using 'CodeIgniter\Session\Handlers\DatabaseHandler' driver.
DEBUG - 2026-07-24 02:16:24 --> Session: Class initialized using 'CodeIgniter\Session\Handlers\DatabaseHandler' driver.
DEBUG - 2026-07-24 02:16:30 --> Session: Class initialized using 'CodeIgniter\Session\Handlers\DatabaseHandler' driver.
DEBUG - 2026-07-24 02:16:36 --> Session: Class initialized using 'CodeIgniter\Session\Handlers\DatabaseHandler' driver.
DEBUG - 2026-07-24 02:16:42 --> Session: Class initialized using 'CodeIgniter\Session\Handlers\DatabaseHandler' driver.
DEBUG - 2026-07-24 02:16:48 --> Session: Class initialized using 'CodeIgniter\Session\Handlers\DatabaseHandler' driver.
DEBUG - 2026-07-24 02:16:54 --> Session: Class initialized using 'CodeIgniter\Session\Handlers\DatabaseHandler' driver.
DEBUG - 2026-07-24 02:17:00 --> Session: Class initialized using 'CodeIgniter\Session\Handlers\DatabaseHandler' driver.
DEBUG - 2026-07-24 02:17:03 --> Session: Class initialized using 'CodeIgniter\Session\Handlers\DatabaseHandler' driver.
DEBUG - 2026-07-24 02:17:06 --> Session: Class initialized using 'CodeIgniter\Session\Handlers\DatabaseHandler' driver.
DEBUG - 2026-07-24 02:17:12 --> Session: Class initialized using 'CodeIgniter\Session\Handlers\DatabaseHandler' driver.
DEBUG - 2026-07-24 02:17:18 --> Session: Class initialized using 'CodeIgniter\Session\Handlers\DatabaseHandler' driver.
DEBUG - 2026-07-24 02:17:24 --> Session: Class initialized using 'CodeIgniter\Session\Handlers\DatabaseHandler' driver.
DEBUG - 2026-07-24 02:17:30 --> Session: Class initialized using 'CodeIgniter\Session\Handlers\DatabaseHandler' driver.
DEBUG - 2026-07-24 02:17:36 --> Session: Class initialized using 'CodeIgniter\Session\Handlers\DatabaseHandler' driver.
DEBUG - 2026-07-24 02:17:42 --> Session: Class initialized using 'CodeIgniter\Session\Handlers\DatabaseHandler' driver.
DEBUG - 2026-07-24 02:17:48 --> Session: Class initialized using 'CodeIgniter\Session\Handlers\DatabaseHandler' driver.
DEBUG - 2026-07-24 02:17:54 --> Session: Class initialized using 'CodeIgniter\Session\Handlers\DatabaseHandler' driver.
DEBUG - 2026-07-24 02:18:00 --> Session: Class initialized using 'CodeIgniter\Session\Handlers\DatabaseHandler' driver.
DEBUG - 2026-07-24 02:18:04 --> Session: Class initialized using 'CodeIgniter\Session\Handlers\DatabaseHandler' driver.
DEBUG - 2026-07-24 02:18:06 --> Session: Class initialized using 'CodeIgniter\Session\Handlers\DatabaseHandler' driver.
DEBUG - 2026-07-24 02:18:12 --> Session: Class initialized using 'CodeIgniter\Session\Handlers\DatabaseHandler' driver.
DEBUG - 2026-07-24 02:18:18 --> Session: Class initialized using 'CodeIgniter\Session\Handlers\DatabaseHandler' driver.
DEBUG - 2026-07-24 02:18:24 --> Session: Class initialized using 'CodeIgniter\Session\Handlers\DatabaseHandler' driver.
DEBUG - 2026-07-24 02:18:30 --> Session: Class initialized using 'CodeIgniter\Session\Handlers\DatabaseHandler' driver.
DEBUG - 2026-07-24 02:18:36 --> Session: Class initialized using 'CodeIgniter\Session\Handlers\DatabaseHandler' driver.
DEBUG - 2026-07-24 02:18:42 --> Session: Class initialized using 'CodeIgniter\Session\Handlers\DatabaseHandler' driver.
DEBUG - 2026-07-24 02:18:48 --> Session: Class initialized using 'CodeIgniter\Session\Handlers\DatabaseHandler' driver.
DEBUG - 2026-07-24 02:18:54 --> Session: Class initialized using 'CodeIgniter\Session\Handlers\DatabaseHandler' driver.
DEBUG - 2026-07-24 02:19:00 --> Session: Class initialized using 'CodeIgniter\Session\Handlers\DatabaseHandler' driver.
DEBUG - 2026-07-24 02:19:05 --> Session: Class initialized using 'CodeIgniter\Session\Handlers\DatabaseHandler' driver.
DEBUG - 2026-07-24 02:19:06 --> Session: Class initialized using 'CodeIgniter\Session\Handlers\DatabaseHandler' driver.
DEBUG - 2026-07-24 02:19:12 --> Session: Class initialized using 'CodeIgniter\Session\Handlers\DatabaseHandler' driver.
DEBUG - 2026-07-24 02:19:18 --> Session: Class initialized using 'CodeIgniter\Session\Handlers\DatabaseHandler' driver.
DEBUG - 2026-07-24 02:19:24 --> Session: Class initialized using 'CodeIgniter\Session\Handlers\DatabaseHandler' driver.
DEBUG - 2026-07-24 02:19:30 --> Session: Class initialized using 'CodeIgniter\Session\Handlers\DatabaseHandler' driver.
DEBUG - 2026-07-24 02:19:36 --> Session: Class initialized using 'CodeIgniter\Session\Handlers\DatabaseHandler' driver.
DEBUG - 2026-07-24 02:19:42 --> Session: Class initialized using 'CodeIgniter\Session\Handlers\DatabaseHandler' driver.
DEBUG - 2026-07-24 02:19:48 --> Session: Class initialized using 'CodeIgniter\Session\Handlers\DatabaseHandler' driver.
DEBUG - 2026-07-24 02:19:54 --> Session: Class initialized using 'CodeIgniter\Session\Handlers\DatabaseHandler' driver.
DEBUG - 2026-07-24 02:20:00 --> Session: Class initialized using 'CodeIgniter\Session\Handlers\DatabaseHandler' driver.
DEBUG - 2026-07-24 02:20:06 --> Session: Class initialized using 'CodeIgniter\Session\Handlers\DatabaseHandler' driver.
DEBUG - 2026-07-24 02:20:07 --> Session: Class initialized using 'CodeIgniter\Session\Handlers\DatabaseHandler' driver.
DEBUG - 2026-07-24 02:20:13 --> Session: Class initialized using 'CodeIgniter\Session\Handlers\DatabaseHandler' driver.
DEBUG - 2026-07-24 02:20:19 --> Session: Class initialized using 'CodeIgniter\Session\Handlers\DatabaseHandler' driver.
DEBUG - 2026-07-24 02:20:25 --> Session: Class initialized using 'CodeIgniter\Session\Handlers\DatabaseHandler' driver.
DEBUG - 2026-07-24 02:20:31 --> Session: Class initialized using 'CodeIgniter\Session\Handlers\DatabaseHandler' driver.
DEBUG - 2026-07-24 02:20:37 --> Session: Class initialized using 'CodeIgniter\Session\Handlers\DatabaseHandler' driver.
DEBUG - 2026-07-24 02:20:43 --> Session: Class initialized using 'CodeIgniter\Session\Handlers\DatabaseHandler' driver.
DEBUG - 2026-07-24 02:20:49 --> Session: Class initialized using 'CodeIgniter\Session\Handlers\DatabaseHandler' driver.
DEBUG - 2026-07-24 02:20:55 --> Session: Class initialized using 'CodeIgniter\Session\Handlers\DatabaseHandler' driver.
DEBUG - 2026-07-24 02:21:01 --> Session: Class initialized using 'CodeIgniter\Session\Handlers\DatabaseHandler' driver.
DEBUG - 2026-07-24 02:21:07 --> Session: Class initialized using 'CodeIgniter\Session\Handlers\DatabaseHandler' driver.
DEBUG - 2026-07-24 02:21:08 --> Session: Class initialized using 'CodeIgniter\Session\Handlers\DatabaseHandler' driver.
DEBUG - 2026-07-24 02:21:13 --> Session: Class initialized using 'CodeIgniter\Session\Handlers\DatabaseHandler' driver.
DEBUG - 2026-07-24 02:21:19 --> Session: Class initialized using 'CodeIgniter\Session\Handlers\DatabaseHandler' driver.
DEBUG - 2026-07-24 02:21:25 --> Session: Class initialized using 'CodeIgniter\Session\Handlers\DatabaseHandler' driver.
DEBUG - 2026-07-24 02:21:31 --> Session: Class initialized using 'CodeIgniter\Session\Handlers\DatabaseHandler' driver.
DEBUG - 2026-07-24 02:21:37 --> Session: Class initialized using 'CodeIgniter\Session\Handlers\DatabaseHandler' driver.
DEBUG - 2026-07-24 02:21:43 --> Session: Class initialized using 'CodeIgniter\Session\Handlers\DatabaseHandler' driver.
DEBUG - 2026-07-24 02:21:49 --> Session: Class initialized using 'CodeIgniter\Session\Handlers\DatabaseHandler' driver.
DEBUG - 2026-07-24 02:21:55 --> Session: Class initialized using 'CodeIgniter\Session\Handlers\DatabaseHandler' driver.
DEBUG - 2026-07-24 02:22:01 --> Session: Class initialized using 'CodeIgniter\Session\Handlers\DatabaseHandler' driver.
DEBUG - 2026-07-24 02:22:07 --> Session: Class initialized using 'CodeIgniter\Session\Handlers\DatabaseHandler' driver.
DEBUG - 2026-07-24 02:22:09 --> Session: Class initialized using 'CodeIgniter\Session\Handlers\DatabaseHandler' driver.
DEBUG - 2026-07-24 02:22:13 --> Session: Class initialized using 'CodeIgniter\Session\Handlers\DatabaseHandler' driver.
DEBUG - 2026-07-24 02:22:19 --> Session: Class initialized using 'CodeIgniter\Session\Handlers\DatabaseHandler' driver.
DEBUG - 2026-07-24 02:22:25 --> Session: Class initialized using 'CodeIgniter\Session\Handlers\DatabaseHandler' driver.
DEBUG - 2026-07-24 02:22:31 --> Session: Class initialized using 'CodeIgniter\Session\Handlers\DatabaseHandler' driver.
DEBUG - 2026-07-24 02:22:37 --> Session: Class initialized using 'CodeIgniter\Session\Handlers\DatabaseHandler' driver.
DEBUG - 2026-07-24 02:22:43 --> Session: Class initialized using 'CodeIgniter\Session\Handlers\DatabaseHandler' driver.
DEBUG - 2026-07-24 02:22:49 --> Session: Class initialized using 'CodeIgniter\Session\Handlers\DatabaseHandler' driver.
DEBUG - 2026-07-24 02:22:55 --> Session: Class initialized using 'CodeIgniter\Session\Handlers\DatabaseHandler' driver.
DEBUG - 2026-07-24 02:23:01 --> Session: Class initialized using 'CodeIgniter\Session\Handlers\DatabaseHandler' driver.
DEBUG - 2026-07-24 02:23:07 --> Session: Class initialized using 'CodeIgniter\Session\Handlers\DatabaseHandler' driver.
DEBUG - 2026-07-24 02:23:10 --> Session: Class initialized using 'CodeIgniter\Session\Handlers\DatabaseHandler' driver.
DEBUG - 2026-07-24 02:23:13 --> Session: Class initialized using 'CodeIgniter\Session\Handlers\DatabaseHandler' driver.
DEBUG - 2026-07-24 02:23:19 --> Session: Class initialized using 'CodeIgniter\Session\Handlers\DatabaseHandler' driver.
DEBUG - 2026-07-24 02:23:25 --> Session: Class initialized using 'CodeIgniter\Session\Handlers\DatabaseHandler' driver.
DEBUG - 2026-07-24 02:23:31 --> Session: Class initialized using 'CodeIgniter\Session\Handlers\DatabaseHandler' driver.
DEBUG - 2026-07-24 02:23:37 --> Session: Class initialized using 'CodeIgniter\Session\Handlers\DatabaseHandler' driver.
DEBUG - 2026-07-24 02:23:43 --> Session: Class initialized using 'CodeIgniter\Session\Handlers\DatabaseHandler' driver.
DEBUG - 2026-07-24 02:23:49 --> Session: Class initialized using 'CodeIgniter\Session\Handlers\DatabaseHandler' driver.
DEBUG - 2026-07-24 02:23:55 --> Session: Class initialized using 'CodeIgniter\Session\Handlers\DatabaseHandler' driver.
DEBUG - 2026-07-24 02:24:01 --> Session: Class initialized using 'CodeIgniter\Session\Handlers\DatabaseHandler' driver.
DEBUG - 2026-07-24 02:24:07 --> Session: Class initialized using 'CodeIgniter\Session\Handlers\DatabaseHandler' driver.
DEBUG - 2026-07-24 02:24:11 --> Session: Class initialized using 'CodeIgniter\Session\Handlers\DatabaseHandler' driver.
DEBUG - 2026-07-24 02:24:13 --> Session: Class initialized using 'CodeIgniter\Session\Handlers\DatabaseHandler' driver.
DEBUG - 2026-07-24 02:24:19 --> Session: Class initialized using 'CodeIgniter\Session\Handlers\DatabaseHandler' driver.
DEBUG - 2026-07-24 02:24:25 --> Session: Class initialized using 'CodeIgniter\Session\Handlers\DatabaseHandler' driver.
DEBUG - 2026-07-24 02:24:31 --> Session: Class initialized using 'CodeIgniter\Session\Handlers\DatabaseHandler' driver.
DEBUG - 2026-07-24 02:24:37 --> Session: Class initialized using 'CodeIgniter\Session\Handlers\DatabaseHandler' driver.
DEBUG - 2026-07-24 02:24:43 --> Session: Class initialized using 'CodeIgniter\Session\Handlers\DatabaseHandler' driver.
DEBUG - 2026-07-24 02:24:49 --> Session: Class initialized using 'CodeIgniter\Session\Handlers\DatabaseHandler' driver.
DEBUG - 2026-07-24 02:24:55 --> Session: Class initialized using 'CodeIgniter\Session\Handlers\DatabaseHandler' driver.
DEBUG - 2026-07-24 02:25:01 --> Session: Class initialized using 'CodeIgniter\Session\Handlers\DatabaseHandler' driver.
DEBUG - 2026-07-24 02:25:07 --> Session: Class initialized using 'CodeIgniter\Session\Handlers\DatabaseHandler' driver.
DEBUG - 2026-07-24 02:25:12 --> Session: Class initialized using 'CodeIgniter\Session\Handlers\DatabaseHandler' driver.
DEBUG - 2026-07-24 02:25:13 --> Session: Class initialized using 'CodeIgniter\Session\Handlers\DatabaseHandler' driver.
DEBUG - 2026-07-24 02:25:19 --> Session: Class initialized using 'CodeIgniter\Session\Handlers\DatabaseHandler' driver.
DEBUG - 2026-07-24 02:25:25 --> Session: Class initialized using 'CodeIgniter\Session\Handlers\DatabaseHandler' driver.
DEBUG - 2026-07-24 02:25:31 --> Session: Class initialized using 'CodeIgniter\Session\Handlers\DatabaseHandler' driver.
DEBUG - 2026-07-24 02:25:37 --> Session: Class initialized using 'CodeIgniter\Session\Handlers\DatabaseHandler' driver.
DEBUG - 2026-07-24 02:25:43 --> Session: Class initialized using 'CodeIgniter\Session\Handlers\DatabaseHandler' driver.
DEBUG - 2026-07-24 02:25:49 --> Session: Class initialized using 'CodeIgniter\Session\Handlers\DatabaseHandler' driver.
DEBUG - 2026-07-24 02:25:55 --> Session: Class initialized using 'CodeIgniter\Session\Handlers\DatabaseHandler' driver.
DEBUG - 2026-07-24 02:26:01 --> Session: Class initialized using 'CodeIgniter\Session\Handlers\DatabaseHandler' driver.
DEBUG - 2026-07-24 02:26:07 --> Session: Class initialized using 'CodeIgniter\Session\Handlers\DatabaseHandler' driver.
DEBUG - 2026-07-24 02:26:13 --> Session: Class initialized using 'CodeIgniter\Session\Handlers\DatabaseHandler' driver.
DEBUG - 2026-07-24 02:26:14 --> Session: Class initialized using 'CodeIgniter\Session\Handlers\DatabaseHandler' driver.
DEBUG - 2026-07-24 02:26:19 --> Session: Class initialized using 'CodeIgniter\Session\Handlers\DatabaseHandler' driver.
DEBUG - 2026-07-24 02:26:25 --> Session: Class initialized using 'CodeIgniter\Session\Handlers\DatabaseHandler' driver.
DEBUG - 2026-07-24 02:26:31 --> Session: Class initialized using 'CodeIgniter\Session\Handlers\DatabaseHandler' driver.
DEBUG - 2026-07-24 02:26:37 --> Session: Class initialized using 'CodeIgniter\Session\Handlers\DatabaseHandler' driver.
DEBUG - 2026-07-24 02:26:43 --> Session: Class initialized using 'CodeIgniter\Session\Handlers\DatabaseHandler' driver.
DEBUG - 2026-07-24 02:26:49 --> Session: Class initialized using 'CodeIgniter\Session\Handlers\DatabaseHandler' driver.
DEBUG - 2026-07-24 02:26:55 --> Session: Class initialized using 'CodeIgniter\Session\Handlers\DatabaseHandler' driver.
DEBUG - 2026-07-24 02:27:01 --> Session: Class initialized using 'CodeIgniter\Session\Handlers\DatabaseHandler' driver.
DEBUG - 2026-07-24 02:27:07 --> Session: Class initialized using 'CodeIgniter\Session\Handlers\DatabaseHandler' driver.
DEBUG - 2026-07-24 02:27:13 --> Session: Class initialized using 'CodeIgniter\Session\Handlers\DatabaseHandler' driver.
DEBUG - 2026-07-24 02:27:15 --> Session: Class initialized using 'CodeIgniter\Session\Handlers\DatabaseHandler' driver.
DEBUG - 2026-07-24 02:27:19 --> Session: Class initialized using 'CodeIgniter\Session\Handlers\DatabaseHandler' driver.
DEBUG - 2026-07-24 02:27:25 --> Session: Class initialized using 'CodeIgniter\Session\Handlers\DatabaseHandler' driver.
DEBUG - 2026-07-24 02:27:31 --> Session: Class initialized using 'CodeIgniter\Session\Handlers\DatabaseHandler' driver.
DEBUG - 2026-07-24 02:27:37 --> Session: Class initialized using 'CodeIgniter\Session\Handlers\DatabaseHandler' driver.
DEBUG - 2026-07-24 02:27:43 --> Session: Class initialized using 'CodeIgniter\Session\Handlers\DatabaseHandler' driver.
DEBUG - 2026-07-24 02:27:49 --> Session: Class initialized using 'CodeIgniter\Session\Handlers\DatabaseHandler' driver.
DEBUG - 2026-07-24 02:27:55 --> Session: Class initialized using 'CodeIgniter\Session\Handlers\DatabaseHandler' driver.
DEBUG - 2026-07-24 02:28:01 --> Session: Class initialized using 'CodeIgniter\Session\Handlers\DatabaseHandler' driver.
DEBUG - 2026-07-24 02:28:07 --> Session: Class initialized using 'CodeIgniter\Session\Handlers\DatabaseHandler' driver.
DEBUG - 2026-07-24 02:28:13 --> Session: Class initialized using 'CodeIgniter\Session\Handlers\DatabaseHandler' driver.
DEBUG - 2026-07-24 02:28:16 --> Session: Class initialized using 'CodeIgniter\Session\Handlers\DatabaseHandler' driver.
DEBUG - 2026-07-24 02:28:19 --> Session: Class initialized using 'CodeIgniter\Session\Handlers\DatabaseHandler' driver.
DEBUG - 2026-07-24 02:28:25 --> Session: Class initialized using 'CodeIgniter\Session\Handlers\DatabaseHandler' driver.
DEBUG - 2026-07-24 02:28:31 --> Session: Class initialized using 'CodeIgniter\Session\Handlers\DatabaseHandler' driver.
DEBUG - 2026-07-24 02:28:37 --> Session: Class initialized using 'CodeIgniter\Session\Handlers\DatabaseHandler' driver.
DEBUG - 2026-07-24 02:28:43 --> Session: Class initialized using 'CodeIgniter\Session\Handlers\DatabaseHandler' driver.
DEBUG - 2026-07-24 02:28:49 --> Session: Class initialized using 'CodeIgniter\Session\Handlers\DatabaseHandler' driver.
DEBUG - 2026-07-24 02:28:55 --> Session: Class initialized using 'CodeIgniter\Session\Handlers\DatabaseHandler' driver.
DEBUG - 2026-07-24 02:29:01 --> Session: Class initialized using 'CodeIgniter\Session\Handlers\DatabaseHandler' driver.
DEBUG - 2026-07-24 02:29:07 --> Session: Class initialized using 'CodeIgniter\Session\Handlers\DatabaseHandler' driver.
DEBUG - 2026-07-24 02:29:13 --> Session: Class initialized using 'CodeIgniter\Session\Handlers\DatabaseHandler' driver.
DEBUG - 2026-07-24 02:29:17 --> Session: Class initialized using 'CodeIgniter\Session\Handlers\DatabaseHandler' driver.
DEBUG - 2026-07-24 02:29:19 --> Session: Class initialized using 'CodeIgniter\Session\Handlers\DatabaseHandler' driver.
DEBUG - 2026-07-24 02:29:25 --> Session: Class initialized using 'CodeIgniter\Session\Handlers\DatabaseHandler' driver.
DEBUG - 2026-07-24 02:29:31 --> Session: Class initialized using 'CodeIgniter\Session\Handlers\DatabaseHandler' driver.
DEBUG - 2026-07-24 02:29:37 --> Session: Class initialized using 'CodeIgniter\Session\Handlers\DatabaseHandler' driver.
DEBUG - 2026-07-24 02:29:43 --> Session: Class initialized using 'CodeIgniter\Session\Handlers\DatabaseHandler' driver.
DEBUG - 2026-07-24 02:29:49 --> Session: Class initialized using 'CodeIgniter\Session\Handlers\DatabaseHandler' driver.
DEBUG - 2026-07-24 02:29:55 --> Session: Class initialized using 'CodeIgniter\Session\Handlers\DatabaseHandler' driver.
DEBUG - 2026-07-24 02:30:01 --> Session: Class initialized using 'CodeIgniter\Session\Handlers\DatabaseHandler' driver.
DEBUG - 2026-07-24 02:30:07 --> Session: Class initialized using 'CodeIgniter\Session\Handlers\DatabaseHandler' driver.
DEBUG - 2026-07-24 02:30:13 --> Session: Class initialized using 'CodeIgniter\Session\Handlers\DatabaseHandler' driver.
DEBUG - 2026-07-24 02:30:18 --> Session: Class initialized using 'CodeIgniter\Session\Handlers\DatabaseHandler' driver.
DEBUG - 2026-07-24 02:30:19 --> Session: Class initialized using 'CodeIgniter\Session\Handlers\DatabaseHandler' driver.
DEBUG - 2026-07-24 02:30:25 --> Session: Class initialized using 'CodeIgniter\Session\Handlers\DatabaseHandler' driver.
DEBUG - 2026-07-24 02:30:31 --> Session: Class initialized using 'CodeIgniter\Session\Handlers\DatabaseHandler' driver.
DEBUG - 2026-07-24 02:30:37 --> Session: Class initialized using 'CodeIgniter\Session\Handlers\DatabaseHandler' driver.
DEBUG - 2026-07-24 02:30:43 --> Session: Class initialized using 'CodeIgniter\Session\Handlers\DatabaseHandler' driver.
DEBUG - 2026-07-24 02:30:49 --> Session: Class initialized using 'CodeIgniter\Session\Handlers\DatabaseHandler' driver.
DEBUG - 2026-07-24 02:30:55 --> Session: Class initialized using 'CodeIgniter\Session\Handlers\DatabaseHandler' driver.
DEBUG - 2026-07-24 02:31:01 --> Session: Class initialized using 'CodeIgniter\Session\Handlers\DatabaseHandler' driver.
DEBUG - 2026-07-24 02:31:07 --> Session: Class initialized using 'CodeIgniter\Session\Handlers\DatabaseHandler' driver.
DEBUG - 2026-07-24 02:31:13 --> Session: Class initialized using 'CodeIgniter\Session\Handlers\DatabaseHandler' driver.
DEBUG - 2026-07-24 02:31:19 --> Session: Class initialized using 'CodeIgniter\Session\Handlers\DatabaseHandler' driver.
DEBUG - 2026-07-24 02:31:20 --> Session: Class initialized using 'CodeIgniter\Session\Handlers\DatabaseHandler' driver.
DEBUG - 2026-07-24 02:31:25 --> Session: Class initialized using 'CodeIgniter\Session\Handlers\DatabaseHandler' driver.
DEBUG - 2026-07-24 02:31:31 --> Session: Class initialized using 'CodeIgniter\Session\Handlers\DatabaseHandler' driver.
DEBUG - 2026-07-24 02:31:37 --> Session: Class initialized using 'CodeIgniter\Session\Handlers\DatabaseHandler' driver.
DEBUG - 2026-07-24 02:31:43 --> Session: Class initialized using 'CodeIgniter\Session\Handlers\DatabaseHandler' driver.
DEBUG - 2026-07-24 02:31:49 --> Session: Class initialized using 'CodeIgniter\Session\Handlers\DatabaseHandler' driver.
DEBUG - 2026-07-24 02:31:55 --> Session: Class initialized using 'CodeIgniter\Session\Handlers\DatabaseHandler' driver.
DEBUG - 2026-07-24 02:32:01 --> Session: Class initialized using 'CodeIgniter\Session\Handlers\DatabaseHandler' driver.
DEBUG - 2026-07-24 02:32:07 --> Session: Class initialized using 'CodeIgniter\Session\Handlers\DatabaseHandler' driver.
DEBUG - 2026-07-24 02:32:13 --> Session: Class initialized using 'CodeIgniter\Session\Handlers\DatabaseHandler' driver.
DEBUG - 2026-07-24 02:32:19 --> Session: Class initialized using 'CodeIgniter\Session\Handlers\DatabaseHandler' driver.
DEBUG - 2026-07-24 02:32:21 --> Session: Class initialized using 'CodeIgniter\Session\Handlers\DatabaseHandler' driver.
DEBUG - 2026-07-24 02:32:25 --> Session: Class initialized using 'CodeIgniter\Session\Handlers\DatabaseHandler' driver.
DEBUG - 2026-07-24 02:32:31 --> Session: Class initialized using 'CodeIgniter\Session\Handlers\DatabaseHandler' driver.
DEBUG - 2026-07-24 02:32:37 --> Session: Class initialized using 'CodeIgniter\Session\Handlers\DatabaseHandler' driver.
DEBUG - 2026-07-24 02:32:43 --> Session: Class initialized using 'CodeIgniter\Session\Handlers\DatabaseHandler' driver.
DEBUG - 2026-07-24 02:32:49 --> Session: Class initialized using 'CodeIgniter\Session\Handlers\DatabaseHandler' driver.
DEBUG - 2026-07-24 02:32:55 --> Session: Class initialized using 'CodeIgniter\Session\Handlers\DatabaseHandler' driver.
DEBUG - 2026-07-24 02:33:01 --> Session: Class initialized using 'CodeIgniter\Session\Handlers\DatabaseHandler' driver.
DEBUG - 2026-07-24 02:33:07 --> Session: Class initialized using 'CodeIgniter\Session\Handlers\DatabaseHandler' driver.
DEBUG - 2026-07-24 02:33:13 --> Session: Class initialized using 'CodeIgniter\Session\Handlers\DatabaseHandler' driver.
DEBUG - 2026-07-24 02:33:19 --> Session: Class initialized using 'CodeIgniter\Session\Handlers\DatabaseHandler' driver.
DEBUG - 2026-07-24 02:33:22 --> Session: Class initialized using 'CodeIgniter\Session\Handlers\DatabaseHandler' driver.
DEBUG - 2026-07-24 02:33:25 --> Session: Class initialized using 'CodeIgniter\Session\Handlers\DatabaseHandler' driver.
DEBUG - 2026-07-24 02:33:31 --> Session: Class initialized using 'CodeIgniter\Session\Handlers\DatabaseHandler' driver.
DEBUG - 2026-07-24 02:33:37 --> Session: Class initialized using 'CodeIgniter\Session\Handlers\DatabaseHandler' driver.
DEBUG - 2026-07-24 02:33:43 --> Session: Class initialized using 'CodeIgniter\Session\Handlers\DatabaseHandler' driver.
DEBUG - 2026-07-24 02:33:49 --> Session: Class initialized using 'CodeIgniter\Session\Handlers\DatabaseHandler' driver.
DEBUG - 2026-07-24 02:33:55 --> Session: Class initialized using 'CodeIgniter\Session\Handlers\DatabaseHandler' driver.
DEBUG - 2026-07-24 02:34:01 --> Session: Class initialized using 'CodeIgniter\Session\Handlers\DatabaseHandler' driver.
DEBUG - 2026-07-24 02:34:07 --> Session: Class initialized using 'CodeIgniter\Session\Handlers\DatabaseHandler' driver.
DEBUG - 2026-07-24 02:34:13 --> Session: Class initialized using 'CodeIgniter\Session\Handlers\DatabaseHandler' driver.
DEBUG - 2026-07-24 02:34:19 --> Session: Class initialized using 'CodeIgniter\Session\Handlers\DatabaseHandler' driver.
DEBUG - 2026-07-24 02:34:23 --> Session: Class initialized using 'CodeIgniter\Session\Handlers\DatabaseHandler' driver.
DEBUG - 2026-07-24 02:34:25 --> Session: Class initialized using 'CodeIgniter\Session\Handlers\DatabaseHandler' driver.
DEBUG - 2026-07-24 02:34:31 --> Session: Class initialized using 'CodeIgniter\Session\Handlers\DatabaseHandler' driver.
DEBUG - 2026-07-24 02:34:37 --> Session: Class initialized using 'CodeIgniter\Session\Handlers\DatabaseHandler' driver.
DEBUG - 2026-07-24 02:34:43 --> Session: Class initialized using 'CodeIgniter\Session\Handlers\DatabaseHandler' driver.
DEBUG - 2026-07-24 02:34:49 --> Session: Class initialized using 'CodeIgniter\Session\Handlers\DatabaseHandler' driver.
DEBUG - 2026-07-24 02:34:55 --> Session: Class initialized using 'CodeIgniter\Session\Handlers\DatabaseHandler' driver.
DEBUG - 2026-07-24 02:35:01 --> Session: Class initialized using 'CodeIgniter\Session\Handlers\DatabaseHandler' driver.
DEBUG - 2026-07-24 02:35:07 --> Session: Class initialized using 'CodeIgniter\Session\Handlers\DatabaseHandler' driver.
DEBUG - 2026-07-24 02:35:13 --> Session: Class initialized using 'CodeIgniter\Session\Handlers\DatabaseHandler' driver.
DEBUG - 2026-07-24 02:35:19 --> Session: Class initialized using 'CodeIgniter\Session\Handlers\DatabaseHandler' driver.
DEBUG - 2026-07-24 02:35:24 --> Session: Class initialized using 'CodeIgniter\Session\Handlers\DatabaseHandler' driver.
DEBUG - 2026-07-24 02:35:25 --> Session: Class initialized using 'CodeIgniter\Session\Handlers\DatabaseHandler' driver.
DEBUG - 2026-07-24 02:35:31 --> Session: Class initialized using 'CodeIgniter\Session\Handlers\DatabaseHandler' driver.
DEBUG - 2026-07-24 02:35:37 --> Session: Class initialized using 'CodeIgniter\Session\Handlers\DatabaseHandler' driver.
DEBUG - 2026-07-24 02:35:43 --> Session: Class initialized using 'CodeIgniter\Session\Handlers\DatabaseHandler' driver.
DEBUG - 2026-07-24 02:35:49 --> Session: Class initialized using 'CodeIgniter\Session\Handlers\DatabaseHandler' driver.
DEBUG - 2026-07-24 02:35:55 --> Session: Class initialized using 'CodeIgniter\Session\Handlers\DatabaseHandler' driver.
DEBUG - 2026-07-24 02:36:01 --> Session: Class initialized using 'CodeIgniter\Session\Handlers\DatabaseHandler' driver.
DEBUG - 2026-07-24 02:36:07 --> Session: Class initialized using 'CodeIgniter\Session\Handlers\DatabaseHandler' driver.
DEBUG - 2026-07-24 02:36:13 --> Session: Class initialized using 'CodeIgniter\Session\Handlers\DatabaseHandler' driver.
DEBUG - 2026-07-24 02:36:19 --> Session: Class initialized using 'CodeIgniter\Session\Handlers\DatabaseHandler' driver.
DEBUG - 2026-07-24 02:36:25 --> Session: Class initialized using 'CodeIgniter\Session\Handlers\DatabaseHandler' driver.
DEBUG - 2026-07-24 02:36:26 --> Session: Class initialized using 'CodeIgniter\Session\Handlers\DatabaseHandler' driver.
DEBUG - 2026-07-24 02:36:31 --> Session: Class initialized using 'CodeIgniter\Session\Handlers\DatabaseHandler' driver.
DEBUG - 2026-07-24 02:36:37 --> Session: Class initialized using 'CodeIgniter\Session\Handlers\DatabaseHandler' driver.
DEBUG - 2026-07-24 02:36:43 --> Session: Class initialized using 'CodeIgniter\Session\Handlers\DatabaseHandler' driver.
DEBUG - 2026-07-24 02:36:49 --> Session: Class initialized using 'CodeIgniter\Session\Handlers\DatabaseHandler' driver.
DEBUG - 2026-07-24 02:36:55 --> Session: Class initialized using 'CodeIgniter\Session\Handlers\DatabaseHandler' driver.
DEBUG - 2026-07-24 02:37:01 --> Session: Class initialized using 'CodeIgniter\Session\Handlers\DatabaseHandler' driver.
DEBUG - 2026-07-24 02:37:07 --> Session: Class initialized using 'CodeIgniter\Session\Handlers\DatabaseHandler' driver.
DEBUG - 2026-07-24 02:37:13 --> Session: Class initialized using 'CodeIgniter\Session\Handlers\DatabaseHandler' driver.
DEBUG - 2026-07-24 02:37:19 --> Session: Class initialized using 'CodeIgniter\Session\Handlers\DatabaseHandler' driver.
DEBUG - 2026-07-24 02:37:25 --> Session: Class initialized using 'CodeIgniter\Session\Handlers\DatabaseHandler' driver.
DEBUG - 2026-07-24 02:37:27 --> Session: Class initialized using 'CodeIgniter\Session\Handlers\DatabaseHandler' driver.
DEBUG - 2026-07-24 02:37:31 --> Session: Class initialized using 'CodeIgniter\Session\Handlers\DatabaseHandler' driver.
DEBUG - 2026-07-24 02:37:37 --> Session: Class initialized using 'CodeIgniter\Session\Handlers\DatabaseHandler' driver.
DEBUG - 2026-07-24 02:37:43 --> Session: Class initialized using 'CodeIgniter\Session\Handlers\DatabaseHandler' driver.
DEBUG - 2026-07-24 02:37:49 --> Session: Class initialized using 'CodeIgniter\Session\Handlers\DatabaseHandler' driver.
DEBUG - 2026-07-24 02:37:55 --> Session: Class initialized using 'CodeIgniter\Session\Handlers\DatabaseHandler' driver.
DEBUG - 2026-07-24 02:38:01 --> Session: Class initialized using 'CodeIgniter\Session\Handlers\DatabaseHandler' driver.
DEBUG - 2026-07-24 02:38:07 --> Session: Class initialized using 'CodeIgniter\Session\Handlers\DatabaseHandler' driver.
DEBUG - 2026-07-24 02:38:13 --> Session: Class initialized using 'CodeIgniter\Session\Handlers\DatabaseHandler' driver.
DEBUG - 2026-07-24 02:38:19 --> Session: Class initialized using 'CodeIgniter\Session\Handlers\DatabaseHandler' driver.
DEBUG - 2026-07-24 02:38:25 --> Session: Class initialized using 'CodeIgniter\Session\Handlers\DatabaseHandler' driver.
DEBUG - 2026-07-24 02:38:28 --> Session: Class initialized using 'CodeIgniter\Session\Handlers\DatabaseHandler' driver.
DEBUG - 2026-07-24 02:38:31 --> Session: Class initialized using 'CodeIgniter\Session\Handlers\DatabaseHandler' driver.
DEBUG - 2026-07-24 02:38:37 --> Session: Class initialized using 'CodeIgniter\Session\Handlers\DatabaseHandler' driver.
DEBUG - 2026-07-24 02:38:43 --> Session: Class initialized using 'CodeIgniter\Session\Handlers\DatabaseHandler' driver.
DEBUG - 2026-07-24 02:38:49 --> Session: Class initialized using 'CodeIgniter\Session\Handlers\DatabaseHandler' driver.
DEBUG - 2026-07-24 02:38:55 --> Session: Class initialized using 'CodeIgniter\Session\Handlers\DatabaseHandler' driver.
DEBUG - 2026-07-24 02:39:01 --> Session: Class initialized using 'CodeIgniter\Session\Handlers\DatabaseHandler' driver.
DEBUG - 2026-07-24 02:39:07 --> Session: Class initialized using 'CodeIgniter\Session\Handlers\DatabaseHandler' driver.
DEBUG - 2026-07-24 02:39:13 --> Session: Class initialized using 'CodeIgniter\Session\Handlers\DatabaseHandler' driver.
DEBUG - 2026-07-24 02:39:19 --> Session: Class initialized using 'CodeIgniter\Session\Handlers\DatabaseHandler' driver.
DEBUG - 2026-07-24 02:39:25 --> Session: Class initialized using 'CodeIgniter\Session\Handlers\DatabaseHandler' driver.
DEBUG - 2026-07-24 02:39:29 --> Session: Class initialized using 'CodeIgniter\Session\Handlers\DatabaseHandler' driver.
DEBUG - 2026-07-24 02:39:31 --> Session: Class initialized using 'CodeIgniter\Session\Handlers\DatabaseHandler' driver.
DEBUG - 2026-07-24 02:39:37 --> Session: Class initialized using 'CodeIgniter\Session\Handlers\DatabaseHandler' driver.
DEBUG - 2026-07-24 02:39:43 --> Session: Class initialized using 'CodeIgniter\Session\Handlers\DatabaseHandler' driver.
DEBUG - 2026-07-24 02:39:49 --> Session: Class initialized using 'CodeIgniter\Session\Handlers\DatabaseHandler' driver.
DEBUG - 2026-07-24 02:39:55 --> Session: Class initialized using 'CodeIgniter\Session\Handlers\DatabaseHandler' driver.
DEBUG - 2026-07-24 02:40:01 --> Session: Class initialized using 'CodeIgniter\Session\Handlers\DatabaseHandler' driver.
DEBUG - 2026-07-24 02:40:07 --> Session: Class initialized using 'CodeIgniter\Session\Handlers\DatabaseHandler' driver.
DEBUG - 2026-07-24 02:40:13 --> Session: Class initialized using 'CodeIgniter\Session\Handlers\DatabaseHandler' driver.
DEBUG - 2026-07-24 02:40:19 --> Session: Class initialized using 'CodeIgniter\Session\Handlers\DatabaseHandler' driver.
DEBUG - 2026-07-24 02:40:25 --> Session: Class initialized using 'CodeIgniter\Session\Handlers\DatabaseHandler' driver.
DEBUG - 2026-07-24 02:40:30 --> Session: Class initialized using 'CodeIgniter\Session\Handlers\DatabaseHandler' driver.
DEBUG - 2026-07-24 02:40:31 --> Session: Class initialized using 'CodeIgniter\Session\Handlers\DatabaseHandler' driver.
DEBUG - 2026-07-24 02:40:37 --> Session: Class initialized using 'CodeIgniter\Session\Handlers\DatabaseHandler' driver.
DEBUG - 2026-07-24 02:40:43 --> Session: Class initialized using 'CodeIgniter\Session\Handlers\DatabaseHandler' driver.
DEBUG - 2026-07-24 02:40:49 --> Session: Class initialized using 'CodeIgniter\Session\Handlers\DatabaseHandler' driver.
DEBUG - 2026-07-24 02:40:55 --> Session: Class initialized using 'CodeIgniter\Session\Handlers\DatabaseHandler' driver.
DEBUG - 2026-07-24 02:41:01 --> Session: Class initialized using 'CodeIgniter\Session\Handlers\DatabaseHandler' driver.
DEBUG - 2026-07-24 02:41:07 --> Session: Class initialized using 'CodeIgniter\Session\Handlers\DatabaseHandler' driver.
DEBUG - 2026-07-24 02:41:13 --> Session: Class initialized using 'CodeIgniter\Session\Handlers\DatabaseHandler' driver.
DEBUG - 2026-07-24 02:41:19 --> Session: Class initialized using 'CodeIgniter\Session\Handlers\DatabaseHandler' driver.
DEBUG - 2026-07-24 02:41:25 --> Session: Class initialized using 'CodeIgniter\Session\Handlers\DatabaseHandler' driver.
DEBUG - 2026-07-24 02:41:31 --> Session: Class initialized using 'CodeIgniter\Session\Handlers\DatabaseHandler' driver.
DEBUG - 2026-07-24 02:41:32 --> Session: Class initialized using 'CodeIgniter\Session\Handlers\DatabaseHandler' driver.
DEBUG - 2026-07-24 02:41:38 --> Session: Class initialized using 'CodeIgniter\Session\Handlers\DatabaseHandler' driver.
DEBUG - 2026-07-24 02:41:44 --> Session: Class initialized using 'CodeIgniter\Session\Handlers\DatabaseHandler' driver.
DEBUG - 2026-07-24 02:41:50 --> Session: Class initialized using 'CodeIgniter\Session\Handlers\DatabaseHandler' driver.
DEBUG - 2026-07-24 02:41:56 --> Session: Class initialized using 'CodeIgniter\Session\Handlers\DatabaseHandler' driver.
DEBUG - 2026-07-24 02:42:02 --> Session: Class initialized using 'CodeIgniter\Session\Handlers\DatabaseHandler' driver.
DEBUG - 2026-07-24 02:42:08 --> Session: Class initialized using 'CodeIgniter\Session\Handlers\DatabaseHandler' driver.
DEBUG - 2026-07-24 02:42:14 --> Session: Class initialized using 'CodeIgniter\Session\Handlers\DatabaseHandler' driver.
DEBUG - 2026-07-24 02:42:20 --> Session: Class initialized using 'CodeIgniter\Session\Handlers\DatabaseHandler' driver.
DEBUG - 2026-07-24 02:42:26 --> Session: Class initialized using 'CodeIgniter\Session\Handlers\DatabaseHandler' driver.
DEBUG - 2026-07-24 02:42:32 --> Session: Class initialized using 'CodeIgniter\Session\Handlers\DatabaseHandler' driver.
DEBUG - 2026-07-24 02:42:33 --> Session: Class initialized using 'CodeIgniter\Session\Handlers\DatabaseHandler' driver.
DEBUG - 2026-07-24 02:42:38 --> Session: Class initialized using 'CodeIgniter\Session\Handlers\DatabaseHandler' driver.
DEBUG - 2026-07-24 02:42:44 --> Session: Class initialized using 'CodeIgniter\Session\Handlers\DatabaseHandler' driver.
DEBUG - 2026-07-24 02:42:50 --> Session: Class initialized using 'CodeIgniter\Session\Handlers\DatabaseHandler' driver.
DEBUG - 2026-07-24 02:42:56 --> Session: Class initialized using 'CodeIgniter\Session\Handlers\DatabaseHandler' driver.
DEBUG - 2026-07-24 02:43:02 --> Session: Class initialized using 'CodeIgniter\Session\Handlers\DatabaseHandler' driver.
DEBUG - 2026-07-24 02:43:08 --> Session: Class initialized using 'CodeIgniter\Session\Handlers\DatabaseHandler' driver.
DEBUG - 2026-07-24 02:43:14 --> Session: Class initialized using 'CodeIgniter\Session\Handlers\DatabaseHandler' driver.
DEBUG - 2026-07-24 02:43:20 --> Session: Class initialized using 'CodeIgniter\Session\Handlers\DatabaseHandler' driver.
DEBUG - 2026-07-24 02:43:26 --> Session: Class initialized using 'CodeIgniter\Session\Handlers\DatabaseHandler' driver.
DEBUG - 2026-07-24 02:43:32 --> Session: Class initialized using 'CodeIgniter\Session\Handlers\DatabaseHandler' driver.
DEBUG - 2026-07-24 02:43:34 --> Session: Class initialized using 'CodeIgniter\Session\Handlers\DatabaseHandler' driver.
DEBUG - 2026-07-24 02:43:38 --> Session: Class initialized using 'CodeIgniter\Session\Handlers\DatabaseHandler' driver.
DEBUG - 2026-07-24 02:43:44 --> Session: Class initialized using 'CodeIgniter\Session\Handlers\DatabaseHandler' driver.
DEBUG - 2026-07-24 02:43:50 --> Session: Class initialized using 'CodeIgniter\Session\Handlers\DatabaseHandler' driver.
DEBUG - 2026-07-24 02:43:56 --> Session: Class initialized using 'CodeIgniter\Session\Handlers\DatabaseHandler' driver.
DEBUG - 2026-07-24 02:44:02 --> Session: Class initialized using 'CodeIgniter\Session\Handlers\DatabaseHandler' driver.
DEBUG - 2026-07-24 02:44:08 --> Session: Class initialized using 'CodeIgniter\Session\Handlers\DatabaseHandler' driver.
DEBUG - 2026-07-24 02:44:14 --> Session: Class initialized using 'CodeIgniter\Session\Handlers\DatabaseHandler' driver.
DEBUG - 2026-07-24 02:44:20 --> Session: Class initialized using 'CodeIgniter\Session\Handlers\DatabaseHandler' driver.
DEBUG - 2026-07-24 02:44:26 --> Session: Class initialized using 'CodeIgniter\Session\Handlers\DatabaseHandler' driver.
DEBUG - 2026-07-24 02:44:32 --> Session: Class initialized using 'CodeIgniter\Session\Handlers\DatabaseHandler' driver.
DEBUG - 2026-07-24 02:44:35 --> Session: Class initialized using 'CodeIgniter\Session\Handlers\DatabaseHandler' driver.
DEBUG - 2026-07-24 02:44:38 --> Session: Class initialized using 'CodeIgniter\Session\Handlers\DatabaseHandler' driver.
DEBUG - 2026-07-24 02:44:44 --> Session: Class initialized using 'CodeIgniter\Session\Handlers\DatabaseHandler' driver.
DEBUG - 2026-07-24 02:44:50 --> Session: Class initialized using 'CodeIgniter\Session\Handlers\DatabaseHandler' driver.
DEBUG - 2026-07-24 02:44:56 --> Session: Class initialized using 'CodeIgniter\Session\Handlers\DatabaseHandler' driver.
DEBUG - 2026-07-24 02:45:02 --> Session: Class initialized using 'CodeIgniter\Session\Handlers\DatabaseHandler' driver.
DEBUG - 2026-07-24 02:45:08 --> Session: Class initialized using 'CodeIgniter\Session\Handlers\DatabaseHandler' driver.
DEBUG - 2026-07-24 02:45:14 --> Session: Class initialized using 'CodeIgniter\Session\Handlers\DatabaseHandler' driver.
DEBUG - 2026-07-24 02:45:20 --> Session: Class initialized using 'CodeIgniter\Session\Handlers\DatabaseHandler' driver.
DEBUG - 2026-07-24 02:45:26 --> Session: Class initialized using 'CodeIgniter\Session\Handlers\DatabaseHandler' driver.
DEBUG - 2026-07-24 02:45:32 --> Session: Class initialized using 'CodeIgniter\Session\Handlers\DatabaseHandler' driver.
DEBUG - 2026-07-24 02:45:36 --> Session: Class initialized using 'CodeIgniter\Session\Handlers\DatabaseHandler' driver.
DEBUG - 2026-07-24 02:45:38 --> Session: Class initialized using 'CodeIgniter\Session\Handlers\DatabaseHandler' driver.
DEBUG - 2026-07-24 02:45:44 --> Session: Class initialized using 'CodeIgniter\Session\Handlers\DatabaseHandler' driver.
DEBUG - 2026-07-24 02:45:50 --> Session: Class initialized using 'CodeIgniter\Session\Handlers\DatabaseHandler' driver.
DEBUG - 2026-07-24 02:45:56 --> Session: Class initialized using 'CodeIgniter\Session\Handlers\DatabaseHandler' driver.
DEBUG - 2026-07-24 02:46:02 --> Session: Class initialized using 'CodeIgniter\Session\Handlers\DatabaseHandler' driver.
DEBUG - 2026-07-24 02:46:08 --> Session: Class initialized using 'CodeIgniter\Session\Handlers\DatabaseHandler' driver.
DEBUG - 2026-07-24 02:46:14 --> Session: Class initialized using 'CodeIgniter\Session\Handlers\DatabaseHandler' driver.
DEBUG - 2026-07-24 02:46:20 --> Session: Class initialized using 'CodeIgniter\Session\Handlers\DatabaseHandler' driver.
DEBUG - 2026-07-24 02:46:26 --> Session: Class initialized using 'CodeIgniter\Session\Handlers\DatabaseHandler' driver.
DEBUG - 2026-07-24 02:46:32 --> Session: Class initialized using 'CodeIgniter\Session\Handlers\DatabaseHandler' driver.
DEBUG - 2026-07-24 02:46:37 --> Session: Class initialized using 'CodeIgniter\Session\Handlers\DatabaseHandler' driver.
DEBUG - 2026-07-24 02:46:38 --> Session: Class initialized using 'CodeIgniter\Session\Handlers\DatabaseHandler' driver.
DEBUG - 2026-07-24 02:46:44 --> Session: Class initialized using 'CodeIgniter\Session\Handlers\DatabaseHandler' driver.
DEBUG - 2026-07-24 02:46:50 --> Session: Class initialized using 'CodeIgniter\Session\Handlers\DatabaseHandler' driver.
DEBUG - 2026-07-24 02:46:56 --> Session: Class initialized using 'CodeIgniter\Session\Handlers\DatabaseHandler' driver.
DEBUG - 2026-07-24 02:47:02 --> Session: Class initialized using 'CodeIgniter\Session\Handlers\DatabaseHandler' driver.
DEBUG - 2026-07-24 02:47:08 --> Session: Class initialized using 'CodeIgniter\Session\Handlers\DatabaseHandler' driver.
DEBUG - 2026-07-24 02:47:14 --> Session: Class initialized using 'CodeIgniter\Session\Handlers\DatabaseHandler' driver.
DEBUG - 2026-07-24 02:47:20 --> Session: Class initialized using 'CodeIgniter\Session\Handlers\DatabaseHandler' driver.
DEBUG - 2026-07-24 02:47:26 --> Session: Class initialized using 'CodeIgniter\Session\Handlers\DatabaseHandler' driver.
DEBUG - 2026-07-24 02:47:32 --> Session: Class initialized using 'CodeIgniter\Session\Handlers\DatabaseHandler' driver.
DEBUG - 2026-07-24 02:47:38 --> Session: Class initialized using 'CodeIgniter\Session\Handlers\DatabaseHandler' driver.
DEBUG - 2026-07-24 02:47:39 --> Session: Class initialized using 'CodeIgniter\Session\Handlers\DatabaseHandler' driver.
DEBUG - 2026-07-24 02:47:45 --> Session: Class initialized using 'CodeIgniter\Session\Handlers\DatabaseHandler' driver.
DEBUG - 2026-07-24 02:47:51 --> Session: Class initialized using 'CodeIgniter\Session\Handlers\DatabaseHandler' driver.
DEBUG - 2026-07-24 02:47:57 --> Session: Class initialized using 'CodeIgniter\Session\Handlers\DatabaseHandler' driver.
DEBUG - 2026-07-24 02:48:03 --> Session: Class initialized using 'CodeIgniter\Session\Handlers\DatabaseHandler' driver.
DEBUG - 2026-07-24 02:48:09 --> Session: Class initialized using 'CodeIgniter\Session\Handlers\DatabaseHandler' driver.
DEBUG - 2026-07-24 02:48:15 --> Session: Class initialized using 'CodeIgniter\Session\Handlers\DatabaseHandler' driver.
DEBUG - 2026-07-24 02:48:21 --> Session: Class initialized using 'CodeIgniter\Session\Handlers\DatabaseHandler' driver.
DEBUG - 2026-07-24 02:48:27 --> Session: Class initialized using 'CodeIgniter\Session\Handlers\DatabaseHandler' driver.
DEBUG - 2026-07-24 02:48:33 --> Session: Class initialized using 'CodeIgniter\Session\Handlers\DatabaseHandler' driver.
DEBUG - 2026-07-24 02:48:39 --> Session: Class initialized using 'CodeIgniter\Session\Handlers\DatabaseHandler' driver.
DEBUG - 2026-07-24 02:48:40 --> Session: Class initialized using 'CodeIgniter\Session\Handlers\DatabaseHandler' driver.
DEBUG - 2026-07-24 02:48:45 --> Session: Class initialized using 'CodeIgniter\Session\Handlers\DatabaseHandler' driver.
DEBUG - 2026-07-24 02:48:51 --> Session: Class initialized using 'CodeIgniter\Session\Handlers\DatabaseHandler' driver.
DEBUG - 2026-07-24 02:48:57 --> Session: Class initialized using 'CodeIgniter\Session\Handlers\DatabaseHandler' driver.
DEBUG - 2026-07-24 02:49:03 --> Session: Class initialized using 'CodeIgniter\Session\Handlers\DatabaseHandler' driver.
DEBUG - 2026-07-24 02:49:09 --> Session: Class initialized using 'CodeIgniter\Session\Handlers\DatabaseHandler' driver.
DEBUG - 2026-07-24 02:49:15 --> Session: Class initialized using 'CodeIgniter\Session\Handlers\DatabaseHandler' driver.
DEBUG - 2026-07-24 02:49:21 --> Session: Class initialized using 'CodeIgniter\Session\Handlers\DatabaseHandler' driver.
DEBUG - 2026-07-24 02:49:27 --> Session: Class initialized using 'CodeIgniter\Session\Handlers\DatabaseHandler' driver.
DEBUG - 2026-07-24 02:49:33 --> Session: Class initialized using 'CodeIgniter\Session\Handlers\DatabaseHandler' driver.
DEBUG - 2026-07-24 02:49:39 --> Session: Class initialized using 'CodeIgniter\Session\Handlers\DatabaseHandler' driver.
DEBUG - 2026-07-24 02:49:41 --> Session: Class initialized using 'CodeIgniter\Session\Handlers\DatabaseHandler' driver.
DEBUG - 2026-07-24 02:49:45 --> Session: Class initialized using 'CodeIgniter\Session\Handlers\DatabaseHandler' driver.
DEBUG - 2026-07-24 02:49:51 --> Session: Class initialized using 'CodeIgniter\Session\Handlers\DatabaseHandler' driver.
DEBUG - 2026-07-24 02:49:57 --> Session: Class initialized using 'CodeIgniter\Session\Handlers\DatabaseHandler' driver.
DEBUG - 2026-07-24 02:50:03 --> Session: Class initialized using 'CodeIgniter\Session\Handlers\DatabaseHandler' driver.
DEBUG - 2026-07-24 02:50:09 --> Session: Class initialized using 'CodeIgniter\Session\Handlers\DatabaseHandler' driver.
DEBUG - 2026-07-24 02:50:15 --> Session: Class initialized using 'CodeIgniter\Session\Handlers\DatabaseHandler' driver.
DEBUG - 2026-07-24 02:50:21 --> Session: Class initialized using 'CodeIgniter\Session\Handlers\DatabaseHandler' driver.
DEBUG - 2026-07-24 02:50:27 --> Session: Class initialized using 'CodeIgniter\Session\Handlers\DatabaseHandler' driver.
DEBUG - 2026-07-24 02:50:33 --> Session: Class initialized using 'CodeIgniter\Session\Handlers\DatabaseHandler' driver.
DEBUG - 2026-07-24 02:50:39 --> Session: Class initialized using 'CodeIgniter\Session\Handlers\DatabaseHandler' driver.
DEBUG - 2026-07-24 02:50:42 --> Session: Class initialized using 'CodeIgniter\Session\Handlers\DatabaseHandler' driver.
DEBUG - 2026-07-24 02:50:45 --> Session: Class initialized using 'CodeIgniter\Session\Handlers\DatabaseHandler' driver.
DEBUG - 2026-07-24 02:50:51 --> Session: Class initialized using 'CodeIgniter\Session\Handlers\DatabaseHandler' driver.
DEBUG - 2026-07-24 02:50:57 --> Session: Class initialized using 'CodeIgniter\Session\Handlers\DatabaseHandler' driver.
DEBUG - 2026-07-24 02:51:03 --> Session: Class initialized using 'CodeIgniter\Session\Handlers\DatabaseHandler' driver.
DEBUG - 2026-07-24 02:51:09 --> Session: Class initialized using 'CodeIgniter\Session\Handlers\DatabaseHandler' driver.
DEBUG - 2026-07-24 02:51:15 --> Session: Class initialized using 'CodeIgniter\Session\Handlers\DatabaseHandler' driver.
DEBUG - 2026-07-24 02:51:21 --> Session: Class initialized using 'CodeIgniter\Session\Handlers\DatabaseHandler' driver.
DEBUG - 2026-07-24 02:51:27 --> Session: Class initialized using 'CodeIgniter\Session\Handlers\DatabaseHandler' driver.
DEBUG - 2026-07-24 02:51:33 --> Session: Class initialized using 'CodeIgniter\Session\Handlers\DatabaseHandler' driver.
DEBUG - 2026-07-24 02:51:39 --> Session: Class initialized using 'CodeIgniter\Session\Handlers\DatabaseHandler' driver.
DEBUG - 2026-07-24 02:51:43 --> Session: Class initialized using 'CodeIgniter\Session\Handlers\DatabaseHandler' driver.
DEBUG - 2026-07-24 02:51:45 --> Session: Class initialized using 'CodeIgniter\Session\Handlers\DatabaseHandler' driver.
DEBUG - 2026-07-24 02:51:51 --> Session: Class initialized using 'CodeIgniter\Session\Handlers\DatabaseHandler' driver.
DEBUG - 2026-07-24 02:51:57 --> Session: Class initialized using 'CodeIgniter\Session\Handlers\DatabaseHandler' driver.
DEBUG - 2026-07-24 02:52:03 --> Session: Class initialized using 'CodeIgniter\Session\Handlers\DatabaseHandler' driver.
DEBUG - 2026-07-24 02:52:09 --> Session: Class initialized using 'CodeIgniter\Session\Handlers\DatabaseHandler' driver.
DEBUG - 2026-07-24 02:52:15 --> Session: Class initialized using 'CodeIgniter\Session\Handlers\DatabaseHandler' driver.
DEBUG - 2026-07-24 02:52:21 --> Session: Class initialized using 'CodeIgniter\Session\Handlers\DatabaseHandler' driver.
DEBUG - 2026-07-24 02:52:27 --> Session: Class initialized using 'CodeIgniter\Session\Handlers\DatabaseHandler' driver.
DEBUG - 2026-07-24 02:52:33 --> Session: Class initialized using 'CodeIgniter\Session\Handlers\DatabaseHandler' driver.
DEBUG - 2026-07-24 02:52:39 --> Session: Class initialized using 'CodeIgniter\Session\Handlers\DatabaseHandler' driver.
DEBUG - 2026-07-24 02:52:44 --> Session: Class initialized using 'CodeIgniter\Session\Handlers\DatabaseHandler' driver.
DEBUG - 2026-07-24 02:52:45 --> Session: Class initialized using 'CodeIgniter\Session\Handlers\DatabaseHandler' driver.
DEBUG - 2026-07-24 02:52:51 --> Session: Class initialized using 'CodeIgniter\Session\Handlers\DatabaseHandler' driver.
DEBUG - 2026-07-24 02:52:57 --> Session: Class initialized using 'CodeIgniter\Session\Handlers\DatabaseHandler' driver.
DEBUG - 2026-07-24 02:53:03 --> Session: Class initialized using 'CodeIgniter\Session\Handlers\DatabaseHandler' driver.
DEBUG - 2026-07-24 02:53:09 --> Session: Class initialized using 'CodeIgniter\Session\Handlers\DatabaseHandler' driver.
DEBUG - 2026-07-24 02:53:15 --> Session: Class initialized using 'CodeIgniter\Session\Handlers\DatabaseHandler' driver.
DEBUG - 2026-07-24 02:53:21 --> Session: Class initialized using 'CodeIgniter\Session\Handlers\DatabaseHandler' driver.
DEBUG - 2026-07-24 02:53:27 --> Session: Class initialized using 'CodeIgniter\Session\Handlers\DatabaseHandler' driver.
DEBUG - 2026-07-24 02:53:33 --> Session: Class initialized using 'CodeIgniter\Session\Handlers\DatabaseHandler' driver.
DEBUG - 2026-07-24 02:53:39 --> Session: Class initialized using 'CodeIgniter\Session\Handlers\DatabaseHandler' driver.
DEBUG - 2026-07-24 02:53:45 --> Session: Class initialized using 'CodeIgniter\Session\Handlers\DatabaseHandler' driver.
DEBUG - 2026-07-24 02:53:46 --> Session: Class initialized using 'CodeIgniter\Session\Handlers\DatabaseHandler' driver.
DEBUG - 2026-07-24 02:53:52 --> Session: Class initialized using 'CodeIgniter\Session\Handlers\DatabaseHandler' driver.
DEBUG - 2026-07-24 02:53:58 --> Session: Class initialized using 'CodeIgniter\Session\Handlers\DatabaseHandler' driver.
DEBUG - 2026-07-24 02:54:04 --> Session: Class initialized using 'CodeIgniter\Session\Handlers\DatabaseHandler' driver.
DEBUG - 2026-07-24 02:54:10 --> Session: Class initialized using 'CodeIgniter\Session\Handlers\DatabaseHandler' driver.
DEBUG - 2026-07-24 02:54:16 --> Session: Class initialized using 'CodeIgniter\Session\Handlers\DatabaseHandler' driver.
DEBUG - 2026-07-24 02:54:22 --> Session: Class initialized using 'CodeIgniter\Session\Handlers\DatabaseHandler' driver.
DEBUG - 2026-07-24 02:54:28 --> Session: Class initialized using 'CodeIgniter\Session\Handlers\DatabaseHandler' driver.
DEBUG - 2026-07-24 02:54:34 --> Session: Class initialized using 'CodeIgniter\Session\Handlers\DatabaseHandler' driver.
DEBUG - 2026-07-24 02:54:40 --> Session: Class initialized using 'CodeIgniter\Session\Handlers\DatabaseHandler' driver.
DEBUG - 2026-07-24 02:54:46 --> Session: Class initialized using 'CodeIgniter\Session\Handlers\DatabaseHandler' driver.
DEBUG - 2026-07-24 02:54:47 --> Session: Class initialized using 'CodeIgniter\Session\Handlers\DatabaseHandler' driver.
DEBUG - 2026-07-24 02:54:52 --> Session: Class initialized using 'CodeIgniter\Session\Handlers\DatabaseHandler' driver.
DEBUG - 2026-07-24 02:54:58 --> Session: Class initialized using 'CodeIgniter\Session\Handlers\DatabaseHandler' driver.
DEBUG - 2026-07-24 02:55:04 --> Session: Class initialized using 'CodeIgniter\Session\Handlers\DatabaseHandler' driver.
DEBUG - 2026-07-24 02:55:10 --> Session: Class initialized using 'CodeIgniter\Session\Handlers\DatabaseHandler' driver.
DEBUG - 2026-07-24 02:55:16 --> Session: Class initialized using 'CodeIgniter\Session\Handlers\DatabaseHandler' driver.
DEBUG - 2026-07-24 02:55:22 --> Session: Class initialized using 'CodeIgniter\Session\Handlers\DatabaseHandler' driver.
DEBUG - 2026-07-24 02:55:28 --> Session: Class initialized using 'CodeIgniter\Session\Handlers\DatabaseHandler' driver.
DEBUG - 2026-07-24 02:55:34 --> Session: Class initialized using 'CodeIgniter\Session\Handlers\DatabaseHandler' driver.
DEBUG - 2026-07-24 02:55:40 --> Session: Class initialized using 'CodeIgniter\Session\Handlers\DatabaseHandler' driver.
DEBUG - 2026-07-24 02:55:46 --> Session: Class initialized using 'CodeIgniter\Session\Handlers\DatabaseHandler' driver.
DEBUG - 2026-07-24 02:55:48 --> Session: Class initialized using 'CodeIgniter\Session\Handlers\DatabaseHandler' driver.
DEBUG - 2026-07-24 02:55:52 --> Session: Class initialized using 'CodeIgniter\Session\Handlers\DatabaseHandler' driver.
DEBUG - 2026-07-24 02:55:58 --> Session: Class initialized using 'CodeIgniter\Session\Handlers\DatabaseHandler' driver.
DEBUG - 2026-07-24 02:56:04 --> Session: Class initialized using 'CodeIgniter\Session\Handlers\DatabaseHandler' driver.
DEBUG - 2026-07-24 02:56:10 --> Session: Class initialized using 'CodeIgniter\Session\Handlers\DatabaseHandler' driver.
DEBUG - 2026-07-24 02:56:16 --> Session: Class initialized using 'CodeIgniter\Session\Handlers\DatabaseHandler' driver.
DEBUG - 2026-07-24 02:56:22 --> Session: Class initialized using 'CodeIgniter\Session\Handlers\DatabaseHandler' driver.
DEBUG - 2026-07-24 02:56:28 --> Session: Class initialized using 'CodeIgniter\Session\Handlers\DatabaseHandler' driver.
DEBUG - 2026-07-24 02:56:34 --> Session: Class initialized using 'CodeIgniter\Session\Handlers\DatabaseHandler' driver.
DEBUG - 2026-07-24 02:56:40 --> Session: Class initialized using 'CodeIgniter\Session\Handlers\DatabaseHandler' driver.
DEBUG - 2026-07-24 02:56:46 --> Session: Class initialized using 'CodeIgniter\Session\Handlers\DatabaseHandler' driver.
DEBUG - 2026-07-24 02:56:49 --> Session: Class initialized using 'CodeIgniter\Session\Handlers\DatabaseHandler' driver.
DEBUG - 2026-07-24 02:56:52 --> Session: Class initialized using 'CodeIgniter\Session\Handlers\DatabaseHandler' driver.
DEBUG - 2026-07-24 02:56:58 --> Session: Class initialized using 'CodeIgniter\Session\Handlers\DatabaseHandler' driver.
DEBUG - 2026-07-24 02:57:04 --> Session: Class initialized using 'CodeIgniter\Session\Handlers\DatabaseHandler' driver.
DEBUG - 2026-07-24 02:57:10 --> Session: Class initialized using 'CodeIgniter\Session\Handlers\DatabaseHandler' driver.
DEBUG - 2026-07-24 02:57:16 --> Session: Class initialized using 'CodeIgniter\Session\Handlers\DatabaseHandler' driver.
DEBUG - 2026-07-24 02:57:22 --> Session: Class initialized using 'CodeIgniter\Session\Handlers\DatabaseHandler' driver.
DEBUG - 2026-07-24 02:57:28 --> Session: Class initialized using 'CodeIgniter\Session\Handlers\DatabaseHandler' driver.
DEBUG - 2026-07-24 02:57:34 --> Session: Class initialized using 'CodeIgniter\Session\Handlers\DatabaseHandler' driver.
DEBUG - 2026-07-24 02:57:40 --> Session: Class initialized using 'CodeIgniter\Session\Handlers\DatabaseHandler' driver.
DEBUG - 2026-07-24 02:57:46 --> Session: Class initialized using 'CodeIgniter\Session\Handlers\DatabaseHandler' driver.
DEBUG - 2026-07-24 02:57:50 --> Session: Class initialized using 'CodeIgniter\Session\Handlers\DatabaseHandler' driver.
DEBUG - 2026-07-24 02:57:52 --> Session: Class initialized using 'CodeIgniter\Session\Handlers\DatabaseHandler' driver.
DEBUG - 2026-07-24 02:57:58 --> Session: Class initialized using 'CodeIgniter\Session\Handlers\DatabaseHandler' driver.
DEBUG - 2026-07-24 02:58:04 --> Session: Class initialized using 'CodeIgniter\Session\Handlers\DatabaseHandler' driver.
DEBUG - 2026-07-24 02:58:10 --> Session: Class initialized using 'CodeIgniter\Session\Handlers\DatabaseHandler' driver.
DEBUG - 2026-07-24 02:58:16 --> Session: Class initialized using 'CodeIgniter\Session\Handlers\DatabaseHandler' driver.
DEBUG - 2026-07-24 02:58:22 --> Session: Class initialized using 'CodeIgniter\Session\Handlers\DatabaseHandler' driver.
DEBUG - 2026-07-24 02:58:28 --> Session: Class initialized using 'CodeIgniter\Session\Handlers\DatabaseHandler' driver.
DEBUG - 2026-07-24 02:58:34 --> Session: Class initialized using 'CodeIgniter\Session\Handlers\DatabaseHandler' driver.
DEBUG - 2026-07-24 02:58:40 --> Session: Class initialized using 'CodeIgniter\Session\Handlers\DatabaseHandler' driver.
DEBUG - 2026-07-24 02:58:46 --> Session: Class initialized using 'CodeIgniter\Session\Handlers\DatabaseHandler' driver.
DEBUG - 2026-07-24 02:58:51 --> Session: Class initialized using 'CodeIgniter\Session\Handlers\DatabaseHandler' driver.
DEBUG - 2026-07-24 02:58:52 --> Session: Class initialized using 'CodeIgniter\Session\Handlers\DatabaseHandler' driver.
DEBUG - 2026-07-24 02:58:58 --> Session: Class initialized using 'CodeIgniter\Session\Handlers\DatabaseHandler' driver.
DEBUG - 2026-07-24 02:59:04 --> Session: Class initialized using 'CodeIgniter\Session\Handlers\DatabaseHandler' driver.
DEBUG - 2026-07-24 02:59:10 --> Session: Class initialized using 'CodeIgniter\Session\Handlers\DatabaseHandler' driver.
DEBUG - 2026-07-24 02:59:16 --> Session: Class initialized using 'CodeIgniter\Session\Handlers\DatabaseHandler' driver.
DEBUG - 2026-07-24 02:59:22 --> Session: Class initialized using 'CodeIgniter\Session\Handlers\DatabaseHandler' driver.
DEBUG - 2026-07-24 02:59:28 --> Session: Class initialized using 'CodeIgniter\Session\Handlers\DatabaseHandler' driver.
DEBUG - 2026-07-24 02:59:34 --> Session: Class initialized using 'CodeIgniter\Session\Handlers\DatabaseHandler' driver.
DEBUG - 2026-07-24 02:59:40 --> Session: Class initialized using 'CodeIgniter\Session\Handlers\DatabaseHandler' driver.
DEBUG - 2026-07-24 02:59:46 --> Session: Class initialized using 'CodeIgniter\Session\Handlers\DatabaseHandler' driver.
DEBUG - 2026-07-24 02:59:52 --> Session: Class initialized using 'CodeIgniter\Session\Handlers\DatabaseHandler' driver.
DEBUG - 2026-07-24 02:59:53 --> Session: Class initialized using 'CodeIgniter\Session\Handlers\DatabaseHandler' driver.
DEBUG - 2026-07-24 02:59:58 --> Session: Class initialized using 'CodeIgniter\Session\Handlers\DatabaseHandler' driver.
DEBUG - 2026-07-24 03:00:04 --> Session: Class initialized using 'CodeIgniter\Session\Handlers\DatabaseHandler' driver.
DEBUG - 2026-07-24 03:00:10 --> Session: Class initialized using 'CodeIgniter\Session\Handlers\DatabaseHandler' driver.
DEBUG - 2026-07-24 03:00:16 --> Session: Class initialized using 'CodeIgniter\Session\Handlers\DatabaseHandler' driver.
DEBUG - 2026-07-24 03:00:22 --> Session: Class initialized using 'CodeIgniter\Session\Handlers\DatabaseHandler' driver.
DEBUG - 2026-07-24 03:00:28 --> Session: Class initialized using 'CodeIgniter\Session\Handlers\DatabaseHandler' driver.
DEBUG - 2026-07-24 03:00:34 --> Session: Class initialized using 'CodeIgniter\Session\Handlers\DatabaseHandler' driver.
DEBUG - 2026-07-24 03:00:40 --> Session: Class initialized using 'CodeIgniter\Session\Handlers\DatabaseHandler' driver.
DEBUG - 2026-07-24 03:00:46 --> Session: Class initialized using 'CodeIgniter\Session\Handlers\DatabaseHandler' driver.
DEBUG - 2026-07-24 03:00:52 --> Session: Class initialized using 'CodeIgniter\Session\Handlers\DatabaseHandler' driver.
DEBUG - 2026-07-24 03:00:54 --> Session: Class initialized using 'CodeIgniter\Session\Handlers\DatabaseHandler' driver.
DEBUG - 2026-07-24 03:00:58 --> Session: Class initialized using 'CodeIgniter\Session\Handlers\DatabaseHandler' driver.
DEBUG - 2026-07-24 03:01:04 --> Session: Class initialized using 'CodeIgniter\Session\Handlers\DatabaseHandler' driver.
DEBUG - 2026-07-24 03:01:10 --> Session: Class initialized using 'CodeIgniter\Session\Handlers\DatabaseHandler' driver.
DEBUG - 2026-07-24 03:01:16 --> Session: Class initialized using 'CodeIgniter\Session\Handlers\DatabaseHandler' driver.
DEBUG - 2026-07-24 03:01:22 --> Session: Class initialized using 'CodeIgniter\Session\Handlers\DatabaseHandler' driver.
DEBUG - 2026-07-24 03:01:28 --> Session: Class initialized using 'CodeIgniter\Session\Handlers\DatabaseHandler' driver.
DEBUG - 2026-07-24 03:01:34 --> Session: Class initialized using 'CodeIgniter\Session\Handlers\DatabaseHandler' driver.
DEBUG - 2026-07-24 03:01:40 --> Session: Class initialized using 'CodeIgniter\Session\Handlers\DatabaseHandler' driver.
DEBUG - 2026-07-24 03:01:46 --> Session: Class initialized using 'CodeIgniter\Session\Handlers\DatabaseHandler' driver.
DEBUG - 2026-07-24 03:01:52 --> Session: Class initialized using 'CodeIgniter\Session\Handlers\DatabaseHandler' driver.
DEBUG - 2026-07-24 03:01:55 --> Session: Class initialized using 'CodeIgniter\Session\Handlers\DatabaseHandler' driver.
DEBUG - 2026-07-24 03:01:58 --> Session: Class initialized using 'CodeIgniter\Session\Handlers\DatabaseHandler' driver.
DEBUG - 2026-07-24 03:02:04 --> Session: Class initialized using 'CodeIgniter\Session\Handlers\DatabaseHandler' driver.
DEBUG - 2026-07-24 03:02:10 --> Session: Class initialized using 'CodeIgniter\Session\Handlers\DatabaseHandler' driver.
DEBUG - 2026-07-24 03:02:16 --> Session: Class initialized using 'CodeIgniter\Session\Handlers\DatabaseHandler' driver.
DEBUG - 2026-07-24 03:02:22 --> Session: Class initialized using 'CodeIgniter\Session\Handlers\DatabaseHandler' driver.
DEBUG - 2026-07-24 03:02:28 --> Session: Class initialized using 'CodeIgniter\Session\Handlers\DatabaseHandler' driver.
DEBUG - 2026-07-24 03:02:34 --> Session: Class initialized using 'CodeIgniter\Session\Handlers\DatabaseHandler' driver.
DEBUG - 2026-07-24 03:02:40 --> Session: Class initialized using 'CodeIgniter\Session\Handlers\DatabaseHandler' driver.
DEBUG - 2026-07-24 03:02:46 --> Session: Class initialized using 'CodeIgniter\Session\Handlers\DatabaseHandler' driver.
DEBUG - 2026-07-24 03:02:52 --> Session: Class initialized using 'CodeIgniter\Session\Handlers\DatabaseHandler' driver.
DEBUG - 2026-07-24 03:02:56 --> Session: Class initialized using 'CodeIgniter\Session\Handlers\DatabaseHandler' driver.
DEBUG - 2026-07-24 03:02:58 --> Session: Class initialized using 'CodeIgniter\Session\Handlers\DatabaseHandler' driver.
DEBUG - 2026-07-24 03:03:04 --> Session: Class initialized using 'CodeIgniter\Session\Handlers\DatabaseHandler' driver.
DEBUG - 2026-07-24 03:03:10 --> Session: Class initialized using 'CodeIgniter\Session\Handlers\DatabaseHandler' driver.
DEBUG - 2026-07-24 03:03:16 --> Session: Class initialized using 'CodeIgniter\Session\Handlers\DatabaseHandler' driver.
DEBUG - 2026-07-24 03:03:22 --> Session: Class initialized using 'CodeIgniter\Session\Handlers\DatabaseHandler' driver.
DEBUG - 2026-07-24 03:03:28 --> Session: Class initialized using 'CodeIgniter\Session\Handlers\DatabaseHandler' driver.
DEBUG - 2026-07-24 03:03:34 --> Session: Class initialized using 'CodeIgniter\Session\Handlers\DatabaseHandler' driver.
DEBUG - 2026-07-24 03:03:40 --> Session: Class initialized using 'CodeIgniter\Session\Handlers\DatabaseHandler' driver.
DEBUG - 2026-07-24 03:03:46 --> Session: Class initialized using 'CodeIgniter\Session\Handlers\DatabaseHandler' driver.
DEBUG - 2026-07-24 03:03:52 --> Session: Class initialized using 'CodeIgniter\Session\Handlers\DatabaseHandler' driver.
DEBUG - 2026-07-24 03:03:57 --> Session: Class initialized using 'CodeIgniter\Session\Handlers\DatabaseHandler' driver.
DEBUG - 2026-07-24 03:03:58 --> Session: Class initialized using 'CodeIgniter\Session\Handlers\DatabaseHandler' driver.
DEBUG - 2026-07-24 03:04:04 --> Session: Class initialized using 'CodeIgniter\Session\Handlers\DatabaseHandler' driver.
DEBUG - 2026-07-24 03:04:10 --> Session: Class initialized using 'CodeIgniter\Session\Handlers\DatabaseHandler' driver.
DEBUG - 2026-07-24 03:04:16 --> Session: Class initialized using 'CodeIgniter\Session\Handlers\DatabaseHandler' driver.
DEBUG - 2026-07-24 03:04:22 --> Session: Class initialized using 'CodeIgniter\Session\Handlers\DatabaseHandler' driver.
DEBUG - 2026-07-24 03:04:28 --> Session: Class initialized using 'CodeIgniter\Session\Handlers\DatabaseHandler' driver.
DEBUG - 2026-07-24 03:04:34 --> Session: Class initialized using 'CodeIgniter\Session\Handlers\DatabaseHandler' driver.
DEBUG - 2026-07-24 03:04:40 --> Session: Class initialized using 'CodeIgniter\Session\Handlers\DatabaseHandler' driver.
DEBUG - 2026-07-24 03:04:46 --> Session: Class initialized using 'CodeIgniter\Session\Handlers\DatabaseHandler' driver.
DEBUG - 2026-07-24 03:04:52 --> Session: Class initialized using 'CodeIgniter\Session\Handlers\DatabaseHandler' driver.
DEBUG - 2026-07-24 03:04:58 --> Session: Class initialized using 'CodeIgniter\Session\Handlers\DatabaseHandler' driver.
DEBUG - 2026-07-24 03:04:59 --> Session: Class initialized using 'CodeIgniter\Session\Handlers\DatabaseHandler' driver.
DEBUG - 2026-07-24 03:05:04 --> Session: Class initialized using 'CodeIgniter\Session\Handlers\DatabaseHandler' driver.
DEBUG - 2026-07-24 03:05:10 --> Session: Class initialized using 'CodeIgniter\Session\Handlers\DatabaseHandler' driver.
DEBUG - 2026-07-24 03:05:16 --> Session: Class initialized using 'CodeIgniter\Session\Handlers\DatabaseHandler' driver.
DEBUG - 2026-07-24 03:05:22 --> Session: Class initialized using 'CodeIgniter\Session\Handlers\DatabaseHandler' driver.
DEBUG - 2026-07-24 03:05:28 --> Session: Class initialized using 'CodeIgniter\Session\Handlers\DatabaseHandler' driver.
DEBUG - 2026-07-24 03:05:34 --> Session: Class initialized using 'CodeIgniter\Session\Handlers\DatabaseHandler' driver.
DEBUG - 2026-07-24 03:05:40 --> Session: Class initialized using 'CodeIgniter\Session\Handlers\DatabaseHandler' driver.
DEBUG - 2026-07-24 03:05:46 --> Session: Class initialized using 'CodeIgniter\Session\Handlers\DatabaseHandler' driver.
DEBUG - 2026-07-24 03:05:52 --> Session: Class initialized using 'CodeIgniter\Session\Handlers\DatabaseHandler' driver.
DEBUG - 2026-07-24 03:05:58 --> Session: Class initialized using 'CodeIgniter\Session\Handlers\DatabaseHandler' driver.
DEBUG - 2026-07-24 03:06:00 --> Session: Class initialized using 'CodeIgniter\Session\Handlers\DatabaseHandler' driver.
DEBUG - 2026-07-24 03:06:04 --> Session: Class initialized using 'CodeIgniter\Session\Handlers\DatabaseHandler' driver.
DEBUG - 2026-07-24 03:06:10 --> Session: Class initialized using 'CodeIgniter\Session\Handlers\DatabaseHandler' driver.
DEBUG - 2026-07-24 03:06:16 --> Session: Class initialized using 'CodeIgniter\Session\Handlers\DatabaseHandler' driver.
DEBUG - 2026-07-24 03:06:22 --> Session: Class initialized using 'CodeIgniter\Session\Handlers\DatabaseHandler' driver.
DEBUG - 2026-07-24 03:06:28 --> Session: Class initialized using 'CodeIgniter\Session\Handlers\DatabaseHandler' driver.
DEBUG - 2026-07-24 03:06:34 --> Session: Class initialized using 'CodeIgniter\Session\Handlers\DatabaseHandler' driver.
DEBUG - 2026-07-24 03:06:40 --> Session: Class initialized using 'CodeIgniter\Session\Handlers\DatabaseHandler' driver.
DEBUG - 2026-07-24 03:06:46 --> Session: Class initialized using 'CodeIgniter\Session\Handlers\DatabaseHandler' driver.
DEBUG - 2026-07-24 03:06:52 --> Session: Class initialized using 'CodeIgniter\Session\Handlers\DatabaseHandler' driver.
DEBUG - 2026-07-24 03:06:58 --> Session: Class initialized using 'CodeIgniter\Session\Handlers\DatabaseHandler' driver.
DEBUG - 2026-07-24 03:07:01 --> Session: Class initialized using 'CodeIgniter\Session\Handlers\DatabaseHandler' driver.
DEBUG - 2026-07-24 03:07:04 --> Session: Class initialized using 'CodeIgniter\Session\Handlers\DatabaseHandler' driver.
DEBUG - 2026-07-24 03:07:10 --> Session: Class initialized using 'CodeIgniter\Session\Handlers\DatabaseHandler' driver.
DEBUG - 2026-07-24 03:07:16 --> Session: Class initialized using 'CodeIgniter\Session\Handlers\DatabaseHandler' driver.
DEBUG - 2026-07-24 03:07:22 --> Session: Class initialized using 'CodeIgniter\Session\Handlers\DatabaseHandler' driver.
DEBUG - 2026-07-24 03:07:28 --> Session: Class initialized using 'CodeIgniter\Session\Handlers\DatabaseHandler' driver.
DEBUG - 2026-07-24 03:07:34 --> Session: Class initialized using 'CodeIgniter\Session\Handlers\DatabaseHandler' driver.
DEBUG - 2026-07-24 03:07:40 --> Session: Class initialized using 'CodeIgniter\Session\Handlers\DatabaseHandler' driver.
DEBUG - 2026-07-24 03:07:46 --> Session: Class initialized using 'CodeIgniter\Session\Handlers\DatabaseHandler' driver.
DEBUG - 2026-07-24 03:07:52 --> Session: Class initialized using 'CodeIgniter\Session\Handlers\DatabaseHandler' driver.
DEBUG - 2026-07-24 03:07:58 --> Session: Class initialized using 'CodeIgniter\Session\Handlers\DatabaseHandler' driver.
DEBUG - 2026-07-24 03:08:02 --> Session: Class initialized using 'CodeIgniter\Session\Handlers\DatabaseHandler' driver.
DEBUG - 2026-07-24 03:08:04 --> Session: Class initialized using 'CodeIgniter\Session\Handlers\DatabaseHandler' driver.
DEBUG - 2026-07-24 03:08:10 --> Session: Class initialized using 'CodeIgniter\Session\Handlers\DatabaseHandler' driver.
DEBUG - 2026-07-24 03:08:16 --> Session: Class initialized using 'CodeIgniter\Session\Handlers\DatabaseHandler' driver.
DEBUG - 2026-07-24 03:08:22 --> Session: Class initialized using 'CodeIgniter\Session\Handlers\DatabaseHandler' driver.
DEBUG - 2026-07-24 03:08:28 --> Session: Class initialized using 'CodeIgniter\Session\Handlers\DatabaseHandler' driver.
DEBUG - 2026-07-24 03:08:34 --> Session: Class initialized using 'CodeIgniter\Session\Handlers\DatabaseHandler' driver.
DEBUG - 2026-07-24 03:08:40 --> Session: Class initialized using 'CodeIgniter\Session\Handlers\DatabaseHandler' driver.
DEBUG - 2026-07-24 03:08:46 --> Session: Class initialized using 'CodeIgniter\Session\Handlers\DatabaseHandler' driver.
DEBUG - 2026-07-24 03:08:52 --> Session: Class initialized using 'CodeIgniter\Session\Handlers\DatabaseHandler' driver.
DEBUG - 2026-07-24 03:08:58 --> Session: Class initialized using 'CodeIgniter\Session\Handlers\DatabaseHandler' driver.
DEBUG - 2026-07-24 03:09:03 --> Session: Class initialized using 'CodeIgniter\Session\Handlers\DatabaseHandler' driver.
DEBUG - 2026-07-24 03:09:04 --> Session: Class initialized using 'CodeIgniter\Session\Handlers\DatabaseHandler' driver.
DEBUG - 2026-07-24 03:09:10 --> Session: Class initialized using 'CodeIgniter\Session\Handlers\DatabaseHandler' driver.
DEBUG - 2026-07-24 03:09:16 --> Session: Class initialized using 'CodeIgniter\Session\Handlers\DatabaseHandler' driver.
DEBUG - 2026-07-24 03:09:22 --> Session: Class initialized using 'CodeIgniter\Session\Handlers\DatabaseHandler' driver.
DEBUG - 2026-07-24 03:09:28 --> Session: Class initialized using 'CodeIgniter\Session\Handlers\DatabaseHandler' driver.
DEBUG - 2026-07-24 03:09:34 --> Session: Class initialized using 'CodeIgniter\Session\Handlers\DatabaseHandler' driver.
DEBUG - 2026-07-24 03:09:40 --> Session: Class initialized using 'CodeIgniter\Session\Handlers\DatabaseHandler' driver.
DEBUG - 2026-07-24 03:09:46 --> Session: Class initialized using 'CodeIgniter\Session\Handlers\DatabaseHandler' driver.
DEBUG - 2026-07-24 03:09:52 --> Session: Class initialized using 'CodeIgniter\Session\Handlers\DatabaseHandler' driver.
DEBUG - 2026-07-24 03:09:58 --> Session: Class initialized using 'CodeIgniter\Session\Handlers\DatabaseHandler' driver.
DEBUG - 2026-07-24 03:10:04 --> Session: Class initialized using 'CodeIgniter\Session\Handlers\DatabaseHandler' driver.
DEBUG - 2026-07-24 03:10:05 --> Session: Class initialized using 'CodeIgniter\Session\Handlers\DatabaseHandler' driver.
DEBUG - 2026-07-24 03:10:11 --> Session: Class initialized using 'CodeIgniter\Session\Handlers\DatabaseHandler' driver.
DEBUG - 2026-07-24 03:10:17 --> Session: Class initialized using 'CodeIgniter\Session\Handlers\DatabaseHandler' driver.
DEBUG - 2026-07-24 03:17:21 --> Session: Class initialized using 'CodeIgniter\Session\Handlers\DatabaseHandler' driver.
DEBUG - 2026-07-24 03:17:24 --> Session: Class initialized using 'CodeIgniter\Session\Handlers\DatabaseHandler' driver.
DEBUG - 2026-07-24 03:17:27 --> Session: Class initialized using 'CodeIgniter\Session\Handlers\DatabaseHandler' driver.
DEBUG - 2026-07-24 03:17:33 --> Session: Class initialized using 'CodeIgniter\Session\Handlers\DatabaseHandler' driver.
DEBUG - 2026-07-24 03:17:39 --> Session: Class initialized using 'CodeIgniter\Session\Handlers\DatabaseHandler' driver.
DEBUG - 2026-07-24 03:17:45 --> Session: Class initialized using 'CodeIgniter\Session\Handlers\DatabaseHandler' driver.
DEBUG - 2026-07-24 03:17:51 --> Session: Class initialized using 'CodeIgniter\Session\Handlers\DatabaseHandler' driver.
DEBUG - 2026-07-24 03:17:57 --> Session: Class initialized using 'CodeIgniter\Session\Handlers\DatabaseHandler' driver.
DEBUG - 2026-07-24 03:18:03 --> Session: Class initialized using 'CodeIgniter\Session\Handlers\DatabaseHandler' driver.
DEBUG - 2026-07-24 03:18:09 --> Session: Class initialized using 'CodeIgniter\Session\Handlers\DatabaseHandler' driver.
DEBUG - 2026-07-24 03:18:15 --> Session: Class initialized using 'CodeIgniter\Session\Handlers\DatabaseHandler' driver.
DEBUG - 2026-07-24 03:18:21 --> Session: Class initialized using 'CodeIgniter\Session\Handlers\DatabaseHandler' driver.
DEBUG - 2026-07-24 03:18:25 --> Session: Class initialized using 'CodeIgniter\Session\Handlers\DatabaseHandler' driver.
DEBUG - 2026-07-24 03:18:27 --> Session: Class initialized using 'CodeIgniter\Session\Handlers\DatabaseHandler' driver.
DEBUG - 2026-07-24 03:18:33 --> Session: Class initialized using 'CodeIgniter\Session\Handlers\DatabaseHandler' driver.
DEBUG - 2026-07-24 03:18:39 --> Session: Class initialized using 'CodeIgniter\Session\Handlers\DatabaseHandler' driver.
DEBUG - 2026-07-24 03:18:45 --> Session: Class initialized using 'CodeIgniter\Session\Handlers\DatabaseHandler' driver.
DEBUG - 2026-07-24 03:18:51 --> Session: Class initialized using 'CodeIgniter\Session\Handlers\DatabaseHandler' driver.
DEBUG - 2026-07-24 03:18:57 --> Session: Class initialized using 'CodeIgniter\Session\Handlers\DatabaseHandler' driver.
DEBUG - 2026-07-24 03:19:03 --> Session: Class initialized using 'CodeIgniter\Session\Handlers\DatabaseHandler' driver.
DEBUG - 2026-07-24 03:19:09 --> Session: Class initialized using 'CodeIgniter\Session\Handlers\DatabaseHandler' driver.
DEBUG - 2026-07-24 03:19:15 --> Session: Class initialized using 'CodeIgniter\Session\Handlers\DatabaseHandler' driver.
DEBUG - 2026-07-24 03:19:21 --> Session: Class initialized using 'CodeIgniter\Session\Handlers\DatabaseHandler' driver.
DEBUG - 2026-07-24 03:19:26 --> Session: Class initialized using 'CodeIgniter\Session\Handlers\DatabaseHandler' driver.
DEBUG - 2026-07-24 03:19:27 --> Session: Class initialized using 'CodeIgniter\Session\Handlers\DatabaseHandler' driver.
DEBUG - 2026-07-24 03:19:33 --> Session: Class initialized using 'CodeIgniter\Session\Handlers\DatabaseHandler' driver.
DEBUG - 2026-07-24 03:19:39 --> Session: Class initialized using 'CodeIgniter\Session\Handlers\DatabaseHandler' driver.
DEBUG - 2026-07-24 03:19:45 --> Session: Class initialized using 'CodeIgniter\Session\Handlers\DatabaseHandler' driver.
DEBUG - 2026-07-24 03:19:51 --> Session: Class initialized using 'CodeIgniter\Session\Handlers\DatabaseHandler' driver.
DEBUG - 2026-07-24 03:19:57 --> Session: Class initialized using 'CodeIgniter\Session\Handlers\DatabaseHandler' driver.
DEBUG - 2026-07-24 03:20:03 --> Session: Class initialized using 'CodeIgniter\Session\Handlers\DatabaseHandler' driver.
DEBUG - 2026-07-24 03:20:09 --> Session: Class initialized using 'CodeIgniter\Session\Handlers\DatabaseHandler' driver.
DEBUG - 2026-07-24 03:20:15 --> Session: Class initialized using 'CodeIgniter\Session\Handlers\DatabaseHandler' driver.
DEBUG - 2026-07-24 03:20:21 --> Session: Class initialized using 'CodeIgniter\Session\Handlers\DatabaseHandler' driver.
DEBUG - 2026-07-24 03:20:27 --> Session: Class initialized using 'CodeIgniter\Session\Handlers\DatabaseHandler' driver.
DEBUG - 2026-07-24 03:20:28 --> Session: Class initialized using 'CodeIgniter\Session\Handlers\DatabaseHandler' driver.
DEBUG - 2026-07-24 03:20:33 --> Session: Class initialized using 'CodeIgniter\Session\Handlers\DatabaseHandler' driver.
DEBUG - 2026-07-24 03:20:39 --> Session: Class initialized using 'CodeIgniter\Session\Handlers\DatabaseHandler' driver.
DEBUG - 2026-07-24 03:20:45 --> Session: Class initialized using 'CodeIgniter\Session\Handlers\DatabaseHandler' driver.
DEBUG - 2026-07-24 03:20:51 --> Session: Class initialized using 'CodeIgniter\Session\Handlers\DatabaseHandler' driver.
DEBUG - 2026-07-24 03:20:57 --> Session: Class initialized using 'CodeIgniter\Session\Handlers\DatabaseHandler' driver.
DEBUG - 2026-07-24 03:21:03 --> Session: Class initialized using 'CodeIgniter\Session\Handlers\DatabaseHandler' driver.
DEBUG - 2026-07-24 03:21:09 --> Session: Class initialized using 'CodeIgniter\Session\Handlers\DatabaseHandler' driver.
DEBUG - 2026-07-24 03:21:15 --> Session: Class initialized using 'CodeIgniter\Session\Handlers\DatabaseHandler' driver.
DEBUG - 2026-07-24 03:21:21 --> Session: Class initialized using 'CodeIgniter\Session\Handlers\DatabaseHandler' driver.
DEBUG - 2026-07-24 03:21:27 --> Session: Class initialized using 'CodeIgniter\Session\Handlers\DatabaseHandler' driver.
DEBUG - 2026-07-24 03:21:29 --> Session: Class initialized using 'CodeIgniter\Session\Handlers\DatabaseHandler' driver.
DEBUG - 2026-07-24 03:21:33 --> Session: Class initialized using 'CodeIgniter\Session\Handlers\DatabaseHandler' driver.
DEBUG - 2026-07-24 03:21:39 --> Session: Class initialized using 'CodeIgniter\Session\Handlers\DatabaseHandler' driver.
DEBUG - 2026-07-24 03:21:45 --> Session: Class initialized using 'CodeIgniter\Session\Handlers\DatabaseHandler' driver.
DEBUG - 2026-07-24 03:21:51 --> Session: Class initialized using 'CodeIgniter\Session\Handlers\DatabaseHandler' driver.
DEBUG - 2026-07-24 03:21:57 --> Session: Class initialized using 'CodeIgniter\Session\Handlers\DatabaseHandler' driver.
DEBUG - 2026-07-24 03:22:03 --> Session: Class initialized using 'CodeIgniter\Session\Handlers\DatabaseHandler' driver.
DEBUG - 2026-07-24 03:22:09 --> Session: Class initialized using 'CodeIgniter\Session\Handlers\DatabaseHandler' driver.
DEBUG - 2026-07-24 03:22:15 --> Session: Class initialized using 'CodeIgniter\Session\Handlers\DatabaseHandler' driver.
DEBUG - 2026-07-24 03:22:21 --> Session: Class initialized using 'CodeIgniter\Session\Handlers\DatabaseHandler' driver.
DEBUG - 2026-07-24 03:22:27 --> Session: Class initialized using 'CodeIgniter\Session\Handlers\DatabaseHandler' driver.
DEBUG - 2026-07-24 03:22:30 --> Session: Class initialized using 'CodeIgniter\Session\Handlers\DatabaseHandler' driver.
DEBUG - 2026-07-24 03:22:33 --> Session: Class initialized using 'CodeIgniter\Session\Handlers\DatabaseHandler' driver.
DEBUG - 2026-07-24 03:22:39 --> Session: Class initialized using 'CodeIgniter\Session\Handlers\DatabaseHandler' driver.
DEBUG - 2026-07-24 03:22:45 --> Session: Class initialized using 'CodeIgniter\Session\Handlers\DatabaseHandler' driver.
DEBUG - 2026-07-24 03:22:51 --> Session: Class initialized using 'CodeIgniter\Session\Handlers\DatabaseHandler' driver.
DEBUG - 2026-07-24 03:22:57 --> Session: Class initialized using 'CodeIgniter\Session\Handlers\DatabaseHandler' driver.
DEBUG - 2026-07-24 03:23:03 --> Session: Class initialized using 'CodeIgniter\Session\Handlers\DatabaseHandler' driver.
DEBUG - 2026-07-24 03:23:09 --> Session: Class initialized using 'CodeIgniter\Session\Handlers\DatabaseHandler' driver.
DEBUG - 2026-07-24 03:23:15 --> Session: Class initialized using 'CodeIgniter\Session\Handlers\DatabaseHandler' driver.
DEBUG - 2026-07-24 03:23:21 --> Session: Class initialized using 'CodeIgniter\Session\Handlers\DatabaseHandler' driver.
DEBUG - 2026-07-24 03:23:27 --> Session: Class initialized using 'CodeIgniter\Session\Handlers\DatabaseHandler' driver.
DEBUG - 2026-07-24 03:23:31 --> Session: Class initialized using 'CodeIgniter\Session\Handlers\DatabaseHandler' driver.
DEBUG - 2026-07-24 03:23:33 --> Session: Class initialized using 'CodeIgniter\Session\Handlers\DatabaseHandler' driver.
DEBUG - 2026-07-24 03:23:39 --> Session: Class initialized using 'CodeIgniter\Session\Handlers\DatabaseHandler' driver.
DEBUG - 2026-07-24 03:23:45 --> Session: Class initialized using 'CodeIgniter\Session\Handlers\DatabaseHandler' driver.
DEBUG - 2026-07-24 03:23:51 --> Session: Class initialized using 'CodeIgniter\Session\Handlers\DatabaseHandler' driver.
DEBUG - 2026-07-24 03:23:57 --> Session: Class initialized using 'CodeIgniter\Session\Handlers\DatabaseHandler' driver.
DEBUG - 2026-07-24 03:24:03 --> Session: Class initialized using 'CodeIgniter\Session\Handlers\DatabaseHandler' driver.
DEBUG - 2026-07-24 03:24:09 --> Session: Class initialized using 'CodeIgniter\Session\Handlers\DatabaseHandler' driver.
DEBUG - 2026-07-24 03:24:15 --> Session: Class initialized using 'CodeIgniter\Session\Handlers\DatabaseHandler' driver.
DEBUG - 2026-07-24 03:24:21 --> Session: Class initialized using 'CodeIgniter\Session\Handlers\DatabaseHandler' driver.
DEBUG - 2026-07-24 03:24:27 --> Session: Class initialized using 'CodeIgniter\Session\Handlers\DatabaseHandler' driver.
DEBUG - 2026-07-24 03:24:32 --> Session: Class initialized using 'CodeIgniter\Session\Handlers\DatabaseHandler' driver.
DEBUG - 2026-07-24 03:24:33 --> Session: Class initialized using 'CodeIgniter\Session\Handlers\DatabaseHandler' driver.
DEBUG - 2026-07-24 03:24:39 --> Session: Class initialized using 'CodeIgniter\Session\Handlers\DatabaseHandler' driver.
DEBUG - 2026-07-24 03:24:45 --> Session: Class initialized using 'CodeIgniter\Session\Handlers\DatabaseHandler' driver.
DEBUG - 2026-07-24 03:24:51 --> Session: Class initialized using 'CodeIgniter\Session\Handlers\DatabaseHandler' driver.
DEBUG - 2026-07-24 03:24:57 --> Session: Class initialized using 'CodeIgniter\Session\Handlers\DatabaseHandler' driver.
DEBUG - 2026-07-24 03:25:03 --> Session: Class initialized using 'CodeIgniter\Session\Handlers\DatabaseHandler' driver.
DEBUG - 2026-07-24 03:25:09 --> Session: Class initialized using 'CodeIgniter\Session\Handlers\DatabaseHandler' driver.
DEBUG - 2026-07-24 03:25:15 --> Session: Class initialized using 'CodeIgniter\Session\Handlers\DatabaseHandler' driver.
DEBUG - 2026-07-24 03:25:21 --> Session: Class initialized using 'CodeIgniter\Session\Handlers\DatabaseHandler' driver.
DEBUG - 2026-07-24 03:25:27 --> Session: Class initialized using 'CodeIgniter\Session\Handlers\DatabaseHandler' driver.
DEBUG - 2026-07-24 03:25:33 --> Session: Class initialized using 'CodeIgniter\Session\Handlers\DatabaseHandler' driver.
DEBUG - 2026-07-24 03:25:34 --> Session: Class initialized using 'CodeIgniter\Session\Handlers\DatabaseHandler' driver.
DEBUG - 2026-07-24 03:25:40 --> Session: Class initialized using 'CodeIgniter\Session\Handlers\DatabaseHandler' driver.
DEBUG - 2026-07-24 03:25:46 --> Session: Class initialized using 'CodeIgniter\Session\Handlers\DatabaseHandler' driver.
DEBUG - 2026-07-24 03:25:52 --> Session: Class initialized using 'CodeIgniter\Session\Handlers\DatabaseHandler' driver.
DEBUG - 2026-07-24 03:25:58 --> Session: Class initialized using 'CodeIgniter\Session\Handlers\DatabaseHandler' driver.
DEBUG - 2026-07-24 03:26:04 --> Session: Class initialized using 'CodeIgniter\Session\Handlers\DatabaseHandler' driver.
DEBUG - 2026-07-24 03:26:10 --> Session: Class initialized using 'CodeIgniter\Session\Handlers\DatabaseHandler' driver.
DEBUG - 2026-07-24 03:26:16 --> Session: Class initialized using 'CodeIgniter\Session\Handlers\DatabaseHandler' driver.
DEBUG - 2026-07-24 03:26:22 --> Session: Class initialized using 'CodeIgniter\Session\Handlers\DatabaseHandler' driver.
DEBUG - 2026-07-24 03:26:28 --> Session: Class initialized using 'CodeIgniter\Session\Handlers\DatabaseHandler' driver.
DEBUG - 2026-07-24 03:26:34 --> Session: Class initialized using 'CodeIgniter\Session\Handlers\DatabaseHandler' driver.
DEBUG - 2026-07-24 03:26:35 --> Session: Class initialized using 'CodeIgniter\Session\Handlers\DatabaseHandler' driver.
DEBUG - 2026-07-24 03:26:40 --> Session: Class initialized using 'CodeIgniter\Session\Handlers\DatabaseHandler' driver.
DEBUG - 2026-07-24 03:26:46 --> Session: Class initialized using 'CodeIgniter\Session\Handlers\DatabaseHandler' driver.
DEBUG - 2026-07-24 03:26:52 --> Session: Class initialized using 'CodeIgniter\Session\Handlers\DatabaseHandler' driver.
DEBUG - 2026-07-24 03:26:58 --> Session: Class initialized using 'CodeIgniter\Session\Handlers\DatabaseHandler' driver.
DEBUG - 2026-07-24 03:27:04 --> Session: Class initialized using 'CodeIgniter\Session\Handlers\DatabaseHandler' driver.
DEBUG - 2026-07-24 03:27:10 --> Session: Class initialized using 'CodeIgniter\Session\Handlers\DatabaseHandler' driver.
DEBUG - 2026-07-24 03:27:16 --> Session: Class initialized using 'CodeIgniter\Session\Handlers\DatabaseHandler' driver.
DEBUG - 2026-07-24 03:27:23 --> Session: Class initialized using 'CodeIgniter\Session\Handlers\DatabaseHandler' driver.
DEBUG - 2026-07-24 03:27:28 --> Session: Class initialized using 'CodeIgniter\Session\Handlers\DatabaseHandler' driver.
DEBUG - 2026-07-24 03:27:34 --> Session: Class initialized using 'CodeIgniter\Session\Handlers\DatabaseHandler' driver.
DEBUG - 2026-07-24 03:27:36 --> Session: Class initialized using 'CodeIgniter\Session\Handlers\DatabaseHandler' driver.
DEBUG - 2026-07-24 03:27:40 --> Session: Class initialized using 'CodeIgniter\Session\Handlers\DatabaseHandler' driver.
DEBUG - 2026-07-24 03:27:46 --> Session: Class initialized using 'CodeIgniter\Session\Handlers\DatabaseHandler' driver.
DEBUG - 2026-07-24 03:27:52 --> Session: Class initialized using 'CodeIgniter\Session\Handlers\DatabaseHandler' driver.
DEBUG - 2026-07-24 03:27:58 --> Session: Class initialized using 'CodeIgniter\Session\Handlers\DatabaseHandler' driver.
DEBUG - 2026-07-24 03:28:04 --> Session: Class initialized using 'CodeIgniter\Session\Handlers\DatabaseHandler' driver.
DEBUG - 2026-07-24 03:28:10 --> Session: Class initialized using 'CodeIgniter\Session\Handlers\DatabaseHandler' driver.
DEBUG - 2026-07-24 03:28:16 --> Session: Class initialized using 'CodeIgniter\Session\Handlers\DatabaseHandler' driver.
DEBUG - 2026-07-24 03:28:26 --> Session: Class initialized using 'CodeIgniter\Session\Handlers\DatabaseHandler' driver.
DEBUG - 2026-07-24 03:28:32 --> Session: Class initialized using 'CodeIgniter\Session\Handlers\DatabaseHandler' driver.
DEBUG - 2026-07-24 03:28:37 --> Session: Class initialized using 'CodeIgniter\Session\Handlers\DatabaseHandler' driver.
DEBUG - 2026-07-24 03:28:38 --> Session: Class initialized using 'CodeIgniter\Session\Handlers\DatabaseHandler' driver.
DEBUG - 2026-07-24 03:28:44 --> Session: Class initialized using 'CodeIgniter\Session\Handlers\DatabaseHandler' driver.
DEBUG - 2026-07-24 03:28:50 --> Session: Class initialized using 'CodeIgniter\Session\Handlers\DatabaseHandler' driver.
DEBUG - 2026-07-24 03:28:56 --> Session: Class initialized using 'CodeIgniter\Session\Handlers\DatabaseHandler' driver.
DEBUG - 2026-07-24 03:29:02 --> Session: Class initialized using 'CodeIgniter\Session\Handlers\DatabaseHandler' driver.
DEBUG - 2026-07-24 03:29:08 --> Session: Class initialized using 'CodeIgniter\Session\Handlers\DatabaseHandler' driver.
DEBUG - 2026-07-24 03:29:14 --> Session: Class initialized using 'CodeIgniter\Session\Handlers\DatabaseHandler' driver.
DEBUG - 2026-07-24 03:29:20 --> Session: Class initialized using 'CodeIgniter\Session\Handlers\DatabaseHandler' driver.
DEBUG - 2026-07-24 03:29:26 --> Session: Class initialized using 'CodeIgniter\Session\Handlers\DatabaseHandler' driver.
DEBUG - 2026-07-24 03:29:32 --> Session: Class initialized using 'CodeIgniter\Session\Handlers\DatabaseHandler' driver.
DEBUG - 2026-07-24 03:29:38 --> Session: Class initialized using 'CodeIgniter\Session\Handlers\DatabaseHandler' driver.
DEBUG - 2026-07-24 03:29:39 --> Session: Class initialized using 'CodeIgniter\Session\Handlers\DatabaseHandler' driver.
DEBUG - 2026-07-24 03:29:45 --> Session: Class initialized using 'CodeIgniter\Session\Handlers\DatabaseHandler' driver.
DEBUG - 2026-07-24 03:29:51 --> Session: Class initialized using 'CodeIgniter\Session\Handlers\DatabaseHandler' driver.
DEBUG - 2026-07-24 03:29:57 --> Session: Class initialized using 'CodeIgniter\Session\Handlers\DatabaseHandler' driver.
DEBUG - 2026-07-24 03:30:03 --> Session: Class initialized using 'CodeIgniter\Session\Handlers\DatabaseHandler' driver.
DEBUG - 2026-07-24 03:30:09 --> Session: Class initialized using 'CodeIgniter\Session\Handlers\DatabaseHandler' driver.
DEBUG - 2026-07-24 03:30:15 --> Session: Class initialized using 'CodeIgniter\Session\Handlers\DatabaseHandler' driver.
DEBUG - 2026-07-24 03:30:21 --> Session: Class initialized using 'CodeIgniter\Session\Handlers\DatabaseHandler' driver.
DEBUG - 2026-07-24 03:30:27 --> Session: Class initialized using 'CodeIgniter\Session\Handlers\DatabaseHandler' driver.
DEBUG - 2026-07-24 03:30:33 --> Session: Class initialized using 'CodeIgniter\Session\Handlers\DatabaseHandler' driver.
DEBUG - 2026-07-24 03:30:39 --> Session: Class initialized using 'CodeIgniter\Session\Handlers\DatabaseHandler' driver.
DEBUG - 2026-07-24 03:30:40 --> Session: Class initialized using 'CodeIgniter\Session\Handlers\DatabaseHandler' driver.
DEBUG - 2026-07-24 03:30:45 --> Session: Class initialized using 'CodeIgniter\Session\Handlers\DatabaseHandler' driver.
DEBUG - 2026-07-24 03:30:51 --> Session: Class initialized using 'CodeIgniter\Session\Handlers\DatabaseHandler' driver.
DEBUG - 2026-07-24 03:30:59 --> Session: Class initialized using 'CodeIgniter\Session\Handlers\DatabaseHandler' driver.
DEBUG - 2026-07-24 03:31:05 --> Session: Class initialized using 'CodeIgniter\Session\Handlers\DatabaseHandler' driver.
DEBUG - 2026-07-24 03:31:11 --> Session: Class initialized using 'CodeIgniter\Session\Handlers\DatabaseHandler' driver.
DEBUG - 2026-07-24 03:31:17 --> Session: Class initialized using 'CodeIgniter\Session\Handlers\DatabaseHandler' driver.
DEBUG - 2026-07-24 03:31:23 --> Session: Class initialized using 'CodeIgniter\Session\Handlers\DatabaseHandler' driver.
DEBUG - 2026-07-24 03:31:29 --> Session: Class initialized using 'CodeIgniter\Session\Handlers\DatabaseHandler' driver.
DEBUG - 2026-07-24 03:31:35 --> Session: Class initialized using 'CodeIgniter\Session\Handlers\DatabaseHandler' driver.
DEBUG - 2026-07-24 03:31:41 --> Session: Class initialized using 'CodeIgniter\Session\Handlers\DatabaseHandler' driver.
DEBUG - 2026-07-24 03:31:42 --> Session: Class initialized using 'CodeIgniter\Session\Handlers\DatabaseHandler' driver.
DEBUG - 2026-07-24 03:31:47 --> Session: Class initialized using 'CodeIgniter\Session\Handlers\DatabaseHandler' driver.
DEBUG - 2026-07-24 03:31:53 --> Session: Class initialized using 'CodeIgniter\Session\Handlers\DatabaseHandler' driver.
DEBUG - 2026-07-24 03:32:05 --> Session: Class initialized using 'CodeIgniter\Session\Handlers\DatabaseHandler' driver.
DEBUG - 2026-07-24 03:32:11 --> Session: Class initialized using 'CodeIgniter\Session\Handlers\DatabaseHandler' driver.
DEBUG - 2026-07-24 03:32:17 --> Session: Class initialized using 'CodeIgniter\Session\Handlers\DatabaseHandler' driver.
DEBUG - 2026-07-24 03:32:23 --> Session: Class initialized using 'CodeIgniter\Session\Handlers\DatabaseHandler' driver.
DEBUG - 2026-07-24 03:32:29 --> Session: Class initialized using 'CodeIgniter\Session\Handlers\DatabaseHandler' driver.
DEBUG - 2026-07-24 03:32:35 --> Session: Class initialized using 'CodeIgniter\Session\Handlers\DatabaseHandler' driver.
DEBUG - 2026-07-24 03:32:41 --> Session: Class initialized using 'CodeIgniter\Session\Handlers\DatabaseHandler' driver.
DEBUG - 2026-07-24 03:32:43 --> Session: Class initialized using 'CodeIgniter\Session\Handlers\DatabaseHandler' driver.
DEBUG - 2026-07-24 03:32:47 --> Session: Class initialized using 'CodeIgniter\Session\Handlers\DatabaseHandler' driver.
DEBUG - 2026-07-24 03:32:53 --> Session: Class initialized using 'CodeIgniter\Session\Handlers\DatabaseHandler' driver.
DEBUG - 2026-07-24 03:33:03 --> Session: Class initialized using 'CodeIgniter\Session\Handlers\DatabaseHandler' driver.
DEBUG - 2026-07-24 03:34:50 --> Session: Class initialized using 'CodeIgniter\Session\Handlers\DatabaseHandler' driver.
DEBUG - 2026-07-24 03:34:51 --> Session: Class initialized using 'CodeIgniter\Session\Handlers\DatabaseHandler' driver.
DEBUG - 2026-07-24 03:34:56 --> Session: Class initialized using 'CodeIgniter\Session\Handlers\DatabaseHandler' driver.
DEBUG - 2026-07-24 03:35:02 --> Session: Class initialized using 'CodeIgniter\Session\Handlers\DatabaseHandler' driver.
DEBUG - 2026-07-24 03:35:08 --> Session: Class initialized using 'CodeIgniter\Session\Handlers\DatabaseHandler' driver.
DEBUG - 2026-07-24 03:35:14 --> Session: Class initialized using 'CodeIgniter\Session\Handlers\DatabaseHandler' driver.
DEBUG - 2026-07-24 03:35:20 --> Session: Class initialized using 'CodeIgniter\Session\Handlers\DatabaseHandler' driver.
DEBUG - 2026-07-24 03:35:26 --> Session: Class initialized using 'CodeIgniter\Session\Handlers\DatabaseHandler' driver.
DEBUG - 2026-07-24 03:35:32 --> Session: Class initialized using 'CodeIgniter\Session\Handlers\DatabaseHandler' driver.
DEBUG - 2026-07-24 03:35:38 --> Session: Class initialized using 'CodeIgniter\Session\Handlers\DatabaseHandler' driver.
DEBUG - 2026-07-24 03:35:44 --> Session: Class initialized using 'CodeIgniter\Session\Handlers\DatabaseHandler' driver.
DEBUG - 2026-07-24 03:35:50 --> Session: Class initialized using 'CodeIgniter\Session\Handlers\DatabaseHandler' driver.
DEBUG - 2026-07-24 03:35:52 --> Session: Class initialized using 'CodeIgniter\Session\Handlers\DatabaseHandler' driver.
DEBUG - 2026-07-24 03:35:56 --> Session: Class initialized using 'CodeIgniter\Session\Handlers\DatabaseHandler' driver.
DEBUG - 2026-07-24 03:36:02 --> Session: Class initialized using 'CodeIgniter\Session\Handlers\DatabaseHandler' driver.
DEBUG - 2026-07-24 03:36:08 --> Session: Class initialized using 'CodeIgniter\Session\Handlers\DatabaseHandler' driver.
DEBUG - 2026-07-24 03:36:19 --> Session: Class initialized using 'CodeIgniter\Session\Handlers\DatabaseHandler' driver.
DEBUG - 2026-07-24 03:36:25 --> Session: Class initialized using 'CodeIgniter\Session\Handlers\DatabaseHandler' driver.
DEBUG - 2026-07-24 03:36:31 --> Session: Class initialized using 'CodeIgniter\Session\Handlers\DatabaseHandler' driver.
DEBUG - 2026-07-24 03:36:37 --> Session: Class initialized using 'CodeIgniter\Session\Handlers\DatabaseHandler' driver.
DEBUG - 2026-07-24 03:36:43 --> Session: Class initialized using 'CodeIgniter\Session\Handlers\DatabaseHandler' driver.
DEBUG - 2026-07-24 03:36:49 --> Session: Class initialized using 'CodeIgniter\Session\Handlers\DatabaseHandler' driver.
DEBUG - 2026-07-24 03:36:53 --> Session: Class initialized using 'CodeIgniter\Session\Handlers\DatabaseHandler' driver.
DEBUG - 2026-07-24 03:36:55 --> Session: Class initialized using 'CodeIgniter\Session\Handlers\DatabaseHandler' driver.
DEBUG - 2026-07-24 03:37:01 --> Session: Class initialized using 'CodeIgniter\Session\Handlers\DatabaseHandler' driver.
DEBUG - 2026-07-24 03:37:07 --> Session: Class initialized using 'CodeIgniter\Session\Handlers\DatabaseHandler' driver.
DEBUG - 2026-07-24 03:37:13 --> Session: Class initialized using 'CodeIgniter\Session\Handlers\DatabaseHandler' driver.
DEBUG - 2026-07-24 03:37:19 --> Session: Class initialized using 'CodeIgniter\Session\Handlers\DatabaseHandler' driver.
CRITICAL - 2026-07-24 05:37:24 --> TypeError: CodeIgniter\Database\Forge::addKey(): Argument #2 ($primary) must be of type bool, string given, called in C:\xampp\htdocs\ikontrol2\ikon2.0\app\Database\Migrations\2026-07-29-090700_CreateFiscalBinaryArtifacts.php on line 34
[Method: GET, Route: /]
in SYSTEMPATH\Database\Forge.php on line 327.
 1 APPPATH\Database\Migrations\2026-07-29-090700_CreateFiscalBinaryArtifacts.php(34): CodeIgniter\Database\Forge->addKey('stamp_attempt_id', 'idx_fiscal_binary_attempt')
 2 SYSTEMPATH\Database\MigrationRunner.php(876): App\Database\Migrations\CreateFiscalBinaryArtifacts->up()
 3 SYSTEMPATH\Database\MigrationRunner.php(182): CodeIgniter\Database\MigrationRunner->migrate('up', Object(stdClass))
 4 FCPATH\tests\Increment08\database_integration.php(8): CodeIgniter\Database\MigrationRunner->latest()
DEBUG - 2026-07-24 03:37:25 --> Session: Class initialized using 'CodeIgniter\Session\Handlers\DatabaseHandler' driver.
DEBUG - 2026-07-24 03:37:31 --> Session: Class initialized using 'CodeIgniter\Session\Handlers\DatabaseHandler' driver.
DEBUG - 2026-07-24 03:37:37 --> Session: Class initialized using 'CodeIgniter\Session\Handlers\DatabaseHandler' driver.
DEBUG - 2026-07-24 03:37:43 --> Session: Class initialized using 'CodeIgniter\Session\Handlers\DatabaseHandler' driver.
DEBUG - 2026-07-24 03:37:49 --> Session: Class initialized using 'CodeIgniter\Session\Handlers\DatabaseHandler' driver.
DEBUG - 2026-07-24 05:37:50 --> Session: Class initialized using 'CodeIgniter\Session\Handlers\DatabaseHandler' driver.
DEBUG - 2026-07-24 03:37:54 --> Session: Class initialized using 'CodeIgniter\Session\Handlers\DatabaseHandler' driver.
DEBUG - 2026-07-24 03:37:55 --> Session: Class initialized using 'CodeIgniter\Session\Handlers\DatabaseHandler' driver.
DEBUG - 2026-07-24 03:38:01 --> Session: Class initialized using 'CodeIgniter\Session\Handlers\DatabaseHandler' driver.
DEBUG - 2026-07-24 03:38:08 --> Session: Class initialized using 'CodeIgniter\Session\Handlers\DatabaseHandler' driver.
DEBUG - 2026-07-24 03:38:13 --> Session: Class initialized using 'CodeIgniter\Session\Handlers\DatabaseHandler' driver.
DEBUG - 2026-07-24 03:38:19 --> Session: Class initialized using 'CodeIgniter\Session\Handlers\DatabaseHandler' driver.
DEBUG - 2026-07-24 03:38:25 --> Session: Class initialized using 'CodeIgniter\Session\Handlers\DatabaseHandler' driver.
DEBUG - 2026-07-24 03:38:31 --> Session: Class initialized using 'CodeIgniter\Session\Handlers\DatabaseHandler' driver.
DEBUG - 2026-07-24 03:38:37 --> Session: Class initialized using 'CodeIgniter\Session\Handlers\DatabaseHandler' driver.
DEBUG - 2026-07-24 03:38:43 --> Session: Class initialized using 'CodeIgniter\Session\Handlers\DatabaseHandler' driver.
DEBUG - 2026-07-24 03:38:49 --> Session: Class initialized using 'CodeIgniter\Session\Handlers\DatabaseHandler' driver.
DEBUG - 2026-07-24 03:38:55 --> Session: Class initialized using 'CodeIgniter\Session\Handlers\DatabaseHandler' driver.
DEBUG - 2026-07-24 03:38:58 --> Session: Class initialized using 'CodeIgniter\Session\Handlers\DatabaseHandler' driver.
DEBUG - 2026-07-24 03:39:01 --> Session: Class initialized using 'CodeIgniter\Session\Handlers\DatabaseHandler' driver.
DEBUG - 2026-07-24 03:39:07 --> Session: Class initialized using 'CodeIgniter\Session\Handlers\DatabaseHandler' driver.
DEBUG - 2026-07-24 05:39:08 --> Session: Class initialized using 'CodeIgniter\Session\Handlers\DatabaseHandler' driver.
DEBUG - 2026-07-24 03:39:13 --> Session: Class initialized using 'CodeIgniter\Session\Handlers\DatabaseHandler' driver.
DEBUG - 2026-07-24 03:39:19 --> Session: Class initialized using 'CodeIgniter\Session\Handlers\DatabaseHandler' driver.
DEBUG - 2026-07-24 03:39:25 --> Session: Class initialized using 'CodeIgniter\Session\Handlers\DatabaseHandler' driver.
DEBUG - 2026-07-24 03:39:31 --> Session: Class initialized using 'CodeIgniter\Session\Handlers\DatabaseHandler' driver.
DEBUG - 2026-07-24 03:39:40 --> Session: Class initialized using 'CodeIgniter\Session\Handlers\DatabaseHandler' driver.
DEBUG - 2026-07-24 03:39:46 --> Session: Class initialized using 'CodeIgniter\Session\Handlers\DatabaseHandler' driver.
DEBUG - 2026-07-24 03:39:52 --> Session: Class initialized using 'CodeIgniter\Session\Handlers\DatabaseHandler' driver.
DEBUG - 2026-07-24 03:39:58 --> Session: Class initialized using 'CodeIgniter\Session\Handlers\DatabaseHandler' driver.
DEBUG - 2026-07-24 03:39:59 --> Session: Class initialized using 'CodeIgniter\Session\Handlers\DatabaseHandler' driver.
DEBUG - 2026-07-24 03:40:04 --> Session: Class initialized using 'CodeIgniter\Session\Handlers\DatabaseHandler' driver.
DEBUG - 2026-07-24 03:40:10 --> Session: Class initialized using 'CodeIgniter\Session\Handlers\DatabaseHandler' driver.
DEBUG - 2026-07-24 03:40:16 --> Session: Class initialized using 'CodeIgniter\Session\Handlers\DatabaseHandler' driver.
DEBUG - 2026-07-24 03:40:22 --> Session: Class initialized using 'CodeIgniter\Session\Handlers\DatabaseHandler' driver.
DEBUG - 2026-07-24 03:40:28 --> Session: Class initialized using 'CodeIgniter\Session\Handlers\DatabaseHandler' driver.
DEBUG - 2026-07-24 03:40:34 --> Session: Class initialized using 'CodeIgniter\Session\Handlers\DatabaseHandler' driver.
DEBUG - 2026-07-24 03:40:40 --> Session: Class initialized using 'CodeIgniter\Session\Handlers\DatabaseHandler' driver.
DEBUG - 2026-07-24 03:40:46 --> Session: Class initialized using 'CodeIgniter\Session\Handlers\DatabaseHandler' driver.
DEBUG - 2026-07-24 03:40:52 --> Session: Class initialized using 'CodeIgniter\Session\Handlers\DatabaseHandler' driver.
DEBUG - 2026-07-24 03:40:58 --> Session: Class initialized using 'CodeIgniter\Session\Handlers\DatabaseHandler' driver.
DEBUG - 2026-07-24 03:41:00 --> Session: Class initialized using 'CodeIgniter\Session\Handlers\DatabaseHandler' driver.
DEBUG - 2026-07-24 03:41:04 --> Session: Class initialized using 'CodeIgniter\Session\Handlers\DatabaseHandler' driver.
DEBUG - 2026-07-24 03:41:10 --> Session: Class initialized using 'CodeIgniter\Session\Handlers\DatabaseHandler' driver.
DEBUG - 2026-07-24 03:41:16 --> Session: Class initialized using 'CodeIgniter\Session\Handlers\DatabaseHandler' driver.
DEBUG - 2026-07-24 03:41:22 --> Session: Class initialized using 'CodeIgniter\Session\Handlers\DatabaseHandler' driver.
DEBUG - 2026-07-24 03:41:28 --> Session: Class initialized using 'CodeIgniter\Session\Handlers\DatabaseHandler' driver.
DEBUG - 2026-07-24 03:41:34 --> Session: Class initialized using 'CodeIgniter\Session\Handlers\DatabaseHandler' driver.
DEBUG - 2026-07-24 03:41:40 --> Session: Class initialized using 'CodeIgniter\Session\Handlers\DatabaseHandler' driver.
DEBUG - 2026-07-24 03:41:46 --> Session: Class initialized using 'CodeIgniter\Session\Handlers\DatabaseHandler' driver.
DEBUG - 2026-07-24 03:41:52 --> Session: Class initialized using 'CodeIgniter\Session\Handlers\DatabaseHandler' driver.
DEBUG - 2026-07-24 03:41:58 --> Session: Class initialized using 'CodeIgniter\Session\Handlers\DatabaseHandler' driver.
DEBUG - 2026-07-24 03:42:01 --> Session: Class initialized using 'CodeIgniter\Session\Handlers\DatabaseHandler' driver.
DEBUG - 2026-07-24 03:42:05 --> Session: Class initialized using 'CodeIgniter\Session\Handlers\DatabaseHandler' driver.
DEBUG - 2026-07-24 03:42:11 --> Session: Class initialized using 'CodeIgniter\Session\Handlers\DatabaseHandler' driver.
DEBUG - 2026-07-24 03:42:17 --> Session: Class initialized using 'CodeIgniter\Session\Handlers\DatabaseHandler' driver.
DEBUG - 2026-07-24 03:42:23 --> Session: Class initialized using 'CodeIgniter\Session\Handlers\DatabaseHandler' driver.
DEBUG - 2026-07-24 03:42:29 --> Session: Class initialized using 'CodeIgniter\Session\Handlers\DatabaseHandler' driver.
DEBUG - 2026-07-24 03:42:35 --> Session: Class initialized using 'CodeIgniter\Session\Handlers\DatabaseHandler' driver.
DEBUG - 2026-07-24 03:42:41 --> Session: Class initialized using 'CodeIgniter\Session\Handlers\DatabaseHandler' driver.
DEBUG - 2026-07-24 05:42:42 --> Session: Class initialized using 'CodeIgniter\Session\Handlers\DatabaseHandler' driver.
ERROR - 2026-07-24 05:42:42 --> Atomic estimate acceptance failed estimate=54: Injected item failure FCPATH\tests\Increment02\database_integration.php:108
INFO - 2026-07-24 05:42:42 --> Reused existing invoice=52 estimate=54; no duplicate.
DEBUG - 2026-07-24 03:42:47 --> Session: Class initialized using 'CodeIgniter\Session\Handlers\DatabaseHandler' driver.
DEBUG - 2026-07-24 05:42:49 --> Session: Class initialized using 'CodeIgniter\Session\Handlers\DatabaseHandler' driver.
INFO - 2026-07-24 05:42:49 --> Reused existing invoice=54 estimate=55; no duplicate.
ERROR - 2026-07-24 05:42:49 --> Atomic estimate acceptance failed estimate=58: La cotización no contiene partidas; no se puede crear una venta vacía. APPPATH\Services\EstimateToInvoiceService.php:51
ERROR - 2026-07-24 05:42:49 --> Complete invoice creation failed: Object of class stdClass could not be converted to string SYSTEMPATH\Database\Query.php:339
DEBUG - 2026-07-24 03:42:53 --> Session: Class initialized using 'CodeIgniter\Session\Handlers\DatabaseHandler' driver.
DEBUG - 2026-07-24 05:42:54 --> Session: Class initialized using 'CodeIgniter\Session\Handlers\DatabaseHandler' driver.
DEBUG - 2026-07-24 05:42:54 --> Invoice list filters user=1 type=- status=- start=- end=- currency=- own_creator=0 own_client=0
DEBUG - 2026-07-24 05:42:54 --> Invoice list filters user=1 type=- status=- start=2026-07-01 end=2026-07-31 currency=- own_creator=0 own_client=0
DEBUG - 2026-07-24 03:42:59 --> Session: Class initialized using 'CodeIgniter\Session\Handlers\DatabaseHandler' driver.
DEBUG - 2026-07-24 05:43:00 --> Session: Class initialized using 'CodeIgniter\Session\Handlers\DatabaseHandler' driver.
DEBUG - 2026-07-24 03:43:02 --> Session: Class initialized using 'CodeIgniter\Session\Handlers\DatabaseHandler' driver.
DEBUG - 2026-07-24 03:43:05 --> Session: Class initialized using 'CodeIgniter\Session\Handlers\DatabaseHandler' driver.
DEBUG - 2026-07-24 05:43:05 --> Session: Class initialized using 'CodeIgniter\Session\Handlers\DatabaseHandler' driver.
INFO - 2026-07-24 05:43:05 --> Reused existing invoice=52 estimate=54; no duplicate.
DEBUG - 2026-07-24 03:43:11 --> Session: Class initialized using 'CodeIgniter\Session\Handlers\DatabaseHandler' driver.
DEBUG - 2026-07-24 05:43:12 --> Session: Class initialized using 'CodeIgniter\Session\Handlers\DatabaseHandler' driver.
DEBUG - 2026-07-24 03:43:17 --> Session: Class initialized using 'CodeIgniter\Session\Handlers\DatabaseHandler' driver.
DEBUG - 2026-07-24 05:43:22 --> Session: Class initialized using 'CodeIgniter\Session\Handlers\DatabaseHandler' driver.
WARNING - 2026-07-24 05:43:22 --> Fiscal item form rejected missing item id=99999999
ERROR - 2026-07-24 05:43:22 --> Fiscal item save failed item=1: RuntimeException No se permite seleccionar el mismo impuesto más de una vez. APPPATH\Controllers\Fiscal\ItemSettings.php:67
DEBUG - 2026-07-24 03:43:23 --> Session: Class initialized using 'CodeIgniter\Session\Handlers\DatabaseHandler' driver.
DEBUG - 2026-07-24 03:43:29 --> Session: Class initialized using 'CodeIgniter\Session\Handlers\DatabaseHandler' driver.
DEBUG - 2026-07-24 05:43:31 --> Session: Class initialized using 'CodeIgniter\Session\Handlers\DatabaseHandler' driver.
DEBUG - 2026-07-24 03:43:35 --> Session: Class initialized using 'CodeIgniter\Session\Handlers\DatabaseHandler' driver.
DEBUG - 2026-07-24 05:43:37 --> Session: Class initialized using 'CodeIgniter\Session\Handlers\DatabaseHandler' driver.
DEBUG - 2026-07-24 03:43:41 --> Session: Class initialized using 'CodeIgniter\Session\Handlers\DatabaseHandler' driver.
DEBUG - 2026-07-24 05:43:44 --> Session: Class initialized using 'CodeIgniter\Session\Handlers\DatabaseHandler' driver.
DEBUG - 2026-07-24 03:43:47 --> Session: Class initialized using 'CodeIgniter\Session\Handlers\DatabaseHandler' driver.
DEBUG - 2026-07-24 05:43:51 --> Session: Class initialized using 'CodeIgniter\Session\Handlers\DatabaseHandler' driver.
WARNING - 2026-07-24 05:43:51 --> PAC status unavailable while rendering fiscal document: RuntimeException
WARNING - 2026-07-24 05:43:51 --> Fiscal draft viewer requested a missing document id: 999999999.
WARNING - 2026-07-24 05:43:51 --> Fiscal draft not found.
WARNING - 2026-07-24 05:43:51 --> PAC status unavailable while rendering fiscal document: RuntimeException
WARNING - 2026-07-24 05:43:51 --> PAC status unavailable while rendering fiscal document: RuntimeException
WARNING - 2026-07-24 05:43:51 --> PAC status unavailable while rendering fiscal document: RuntimeException
WARNING - 2026-07-24 05:43:51 --> PAC status unavailable while rendering fiscal document: RuntimeException
WARNING - 2026-07-24 05:43:51 --> PAC status unavailable while rendering fiscal document: RuntimeException
WARNING - 2026-07-24 05:43:51 --> Fiscal draft viewer requested a missing document id: 52.
WARNING - 2026-07-24 05:43:51 --> Fiscal draft not found.
WARNING - 2026-07-24 05:43:51 --> Fiscal draft access denied.
DEBUG - 2026-07-24 03:43:53 --> Session: Class initialized using 'CodeIgniter\Session\Handlers\DatabaseHandler' driver.
DEBUG - 2026-07-24 05:43:58 --> Session: Class initialized using 'CodeIgniter\Session\Handlers\DatabaseHandler' driver.
DEBUG - 2026-07-24 03:43:59 --> Session: Class initialized using 'CodeIgniter\Session\Handlers\DatabaseHandler' driver.
DEBUG - 2026-07-24 03:44:03 --> Session: Class initialized using 'CodeIgniter\Session\Handlers\DatabaseHandler' driver.
DEBUG - 2026-07-24 05:44:05 --> Session: Class initialized using 'CodeIgniter\Session\Handlers\DatabaseHandler' driver.
DEBUG - 2026-07-24 03:44:05 --> Session: Class initialized using 'CodeIgniter\Session\Handlers\DatabaseHandler' driver.
DEBUG - 2026-07-24 03:44:11 --> Session: Class initialized using 'CodeIgniter\Session\Handlers\DatabaseHandler' driver.
DEBUG - 2026-07-24 03:44:17 --> Session: Class initialized using 'CodeIgniter\Session\Handlers\DatabaseHandler' driver.
DEBUG - 2026-07-24 03:44:23 --> Session: Class initialized using 'CodeIgniter\Session\Handlers\DatabaseHandler' driver.
DEBUG - 2026-07-24 03:44:29 --> Session: Class initialized using 'CodeIgniter\Session\Handlers\DatabaseHandler' driver.
DEBUG - 2026-07-24 03:44:35 --> Session: Class initialized using 'CodeIgniter\Session\Handlers\DatabaseHandler' driver.
DEBUG - 2026-07-24 03:44:41 --> Session: Class initialized using 'CodeIgniter\Session\Handlers\DatabaseHandler' driver.
DEBUG - 2026-07-24 03:44:47 --> Session: Class initialized using 'CodeIgniter\Session\Handlers\DatabaseHandler' driver.
DEBUG - 2026-07-24 03:44:53 --> Session: Class initialized using 'CodeIgniter\Session\Handlers\DatabaseHandler' driver.
DEBUG - 2026-07-24 03:44:59 --> Session: Class initialized using 'CodeIgniter\Session\Handlers\DatabaseHandler' driver.
DEBUG - 2026-07-24 03:45:04 --> Session: Class initialized using 'CodeIgniter\Session\Handlers\DatabaseHandler' driver.
DEBUG - 2026-07-24 03:45:05 --> Session: Class initialized using 'CodeIgniter\Session\Handlers\DatabaseHandler' driver.
DEBUG - 2026-07-24 03:45:11 --> Session: Class initialized using 'CodeIgniter\Session\Handlers\DatabaseHandler' driver.
DEBUG - 2026-07-24 03:45:17 --> Session: Class initialized using 'CodeIgniter\Session\Handlers\DatabaseHandler' driver.
DEBUG - 2026-07-24 03:45:23 --> Session: Class initialized using 'CodeIgniter\Session\Handlers\DatabaseHandler' driver.
DEBUG - 2026-07-24 03:45:29 --> Session: Class initialized using 'CodeIgniter\Session\Handlers\DatabaseHandler' driver.
DEBUG - 2026-07-24 03:45:35 --> Session: Class initialized using 'CodeIgniter\Session\Handlers\DatabaseHandler' driver.
DEBUG - 2026-07-24 03:45:41 --> Session: Class initialized using 'CodeIgniter\Session\Handlers\DatabaseHandler' driver.
DEBUG - 2026-07-24 03:45:47 --> Session: Class initialized using 'CodeIgniter\Session\Handlers\DatabaseHandler' driver.
DEBUG - 2026-07-24 03:45:53 --> Session: Class initialized using 'CodeIgniter\Session\Handlers\DatabaseHandler' driver.
DEBUG - 2026-07-24 03:45:59 --> Session: Class initialized using 'CodeIgniter\Session\Handlers\DatabaseHandler' driver.
DEBUG - 2026-07-24 03:46:05 --> Session: Class initialized using 'CodeIgniter\Session\Handlers\DatabaseHandler' driver.
DEBUG - 2026-07-24 03:46:06 --> Session: Class initialized using 'CodeIgniter\Session\Handlers\DatabaseHandler' driver.
DEBUG - 2026-07-24 03:46:12 --> Session: Class initialized using 'CodeIgniter\Session\Handlers\DatabaseHandler' driver.
DEBUG - 2026-07-24 03:46:18 --> Session: Class initialized using 'CodeIgniter\Session\Handlers\DatabaseHandler' driver.
DEBUG - 2026-07-24 03:46:24 --> Session: Class initialized using 'CodeIgniter\Session\Handlers\DatabaseHandler' driver.
DEBUG - 2026-07-24 03:46:30 --> Session: Class initialized using 'CodeIgniter\Session\Handlers\DatabaseHandler' driver.
DEBUG - 2026-07-24 03:46:36 --> Session: Class initialized using 'CodeIgniter\Session\Handlers\DatabaseHandler' driver.
DEBUG - 2026-07-24 03:46:42 --> Session: Class initialized using 'CodeIgniter\Session\Handlers\DatabaseHandler' driver.
DEBUG - 2026-07-24 03:46:48 --> Session: Class initialized using 'CodeIgniter\Session\Handlers\DatabaseHandler' driver.
DEBUG - 2026-07-24 03:46:54 --> Session: Class initialized using 'CodeIgniter\Session\Handlers\DatabaseHandler' driver.
DEBUG - 2026-07-24 03:47:00 --> Session: Class initialized using 'CodeIgniter\Session\Handlers\DatabaseHandler' driver.
DEBUG - 2026-07-24 03:47:06 --> Session: Class initialized using 'CodeIgniter\Session\Handlers\DatabaseHandler' driver.
DEBUG - 2026-07-24 03:47:07 --> Session: Class initialized using 'CodeIgniter\Session\Handlers\DatabaseHandler' driver.
DEBUG - 2026-07-24 03:47:16 --> Session: Class initialized using 'CodeIgniter\Session\Handlers\DatabaseHandler' driver.
DEBUG - 2026-07-24 03:47:21 --> Session: Class initialized using 'CodeIgniter\Session\Handlers\DatabaseHandler' driver.
DEBUG - 2026-07-24 03:47:27 --> Session: Class initialized using 'CodeIgniter\Session\Handlers\DatabaseHandler' driver.
DEBUG - 2026-07-24 03:47:33 --> Session: Class initialized using 'CodeIgniter\Session\Handlers\DatabaseHandler' driver.
DEBUG - 2026-07-24 03:47:39 --> Session: Class initialized using 'CodeIgniter\Session\Handlers\DatabaseHandler' driver.
DEBUG - 2026-07-24 03:47:45 --> Session: Class initialized using 'CodeIgniter\Session\Handlers\DatabaseHandler' driver.
DEBUG - 2026-07-24 03:47:51 --> Session: Class initialized using 'CodeIgniter\Session\Handlers\DatabaseHandler' driver.
DEBUG - 2026-07-24 03:47:57 --> Session: Class initialized using 'CodeIgniter\Session\Handlers\DatabaseHandler' driver.
DEBUG - 2026-07-24 03:48:07 --> Session: Class initialized using 'CodeIgniter\Session\Handlers\DatabaseHandler' driver.
DEBUG - 2026-07-24 03:48:08 --> Session: Class initialized using 'CodeIgniter\Session\Handlers\DatabaseHandler' driver.
DEBUG - 2026-07-24 03:48:13 --> Session: Class initialized using 'CodeIgniter\Session\Handlers\DatabaseHandler' driver.
DEBUG - 2026-07-24 03:48:21 --> Session: Class initialized using 'CodeIgniter\Session\Handlers\DatabaseHandler' driver.
DEBUG - 2026-07-24 03:48:27 --> Session: Class initialized using 'CodeIgniter\Session\Handlers\DatabaseHandler' driver.
DEBUG - 2026-07-24 03:48:33 --> Session: Class initialized using 'CodeIgniter\Session\Handlers\DatabaseHandler' driver.
DEBUG - 2026-07-24 03:48:39 --> Session: Class initialized using 'CodeIgniter\Session\Handlers\DatabaseHandler' driver.
DEBUG - 2026-07-24 05:48:42 --> Session: Class initialized using 'CodeIgniter\Session\Handlers\DatabaseHandler' driver.
ERROR - 2026-07-24 05:48:42 --> Atomic estimate acceptance failed estimate=54: Injected item failure FCPATH\tests\Increment02\database_integration.php:108
INFO - 2026-07-24 05:48:42 --> Reused existing invoice=52 estimate=54; no duplicate.
DEBUG - 2026-07-24 03:48:45 --> Session: Class initialized using 'CodeIgniter\Session\Handlers\DatabaseHandler' driver.
DEBUG - 2026-07-24 05:48:48 --> Session: Class initialized using 'CodeIgniter\Session\Handlers\DatabaseHandler' driver.
INFO - 2026-07-24 05:48:48 --> Reused existing invoice=52 estimate=54; no duplicate.
DEBUG - 2026-07-24 03:48:51 --> Session: Class initialized using 'CodeIgniter\Session\Handlers\DatabaseHandler' driver.
DEBUG - 2026-07-24 05:48:54 --> Session: Class initialized using 'CodeIgniter\Session\Handlers\DatabaseHandler' driver.
INFO - 2026-07-24 05:48:54 --> Reused existing invoice=54 estimate=55; no duplicate.
ERROR - 2026-07-24 05:48:54 --> Atomic estimate acceptance failed estimate=58: La cotización no contiene partidas; no se puede crear una venta vacía. APPPATH\Services\EstimateToInvoiceService.php:51
ERROR - 2026-07-24 05:48:54 --> Complete invoice creation failed: Object of class stdClass could not be converted to string SYSTEMPATH\Database\Query.php:339
DEBUG - 2026-07-24 03:48:57 --> Session: Class initialized using 'CodeIgniter\Session\Handlers\DatabaseHandler' driver.
DEBUG - 2026-07-24 05:49:00 --> Session: Class initialized using 'CodeIgniter\Session\Handlers\DatabaseHandler' driver.
DEBUG - 2026-07-24 05:49:00 --> Invoice list filters user=1 type=- status=- start=- end=- currency=- own_creator=0 own_client=0
DEBUG - 2026-07-24 05:49:00 --> Invoice list filters user=1 type=- status=- start=2026-07-01 end=2026-07-31 currency=- own_creator=0 own_client=0
DEBUG - 2026-07-24 03:49:03 --> Session: Class initialized using 'CodeIgniter\Session\Handlers\DatabaseHandler' driver.
DEBUG - 2026-07-24 05:49:06 --> Session: Class initialized using 'CodeIgniter\Session\Handlers\DatabaseHandler' driver.
DEBUG - 2026-07-24 03:49:09 --> Session: Class initialized using 'CodeIgniter\Session\Handlers\DatabaseHandler' driver.
DEBUG - 2026-07-24 03:49:10 --> Session: Class initialized using 'CodeIgniter\Session\Handlers\DatabaseHandler' driver.
DEBUG - 2026-07-24 05:49:12 --> Session: Class initialized using 'CodeIgniter\Session\Handlers\DatabaseHandler' driver.
WARNING - 2026-07-24 05:49:12 --> Fiscal item form rejected missing item id=99999999
ERROR - 2026-07-24 05:49:12 --> Fiscal item save failed item=1: RuntimeException No se permite seleccionar el mismo impuesto más de una vez. APPPATH\Controllers\Fiscal\ItemSettings.php:67
DEBUG - 2026-07-24 03:49:15 --> Session: Class initialized using 'CodeIgniter\Session\Handlers\DatabaseHandler' driver.
DEBUG - 2026-07-24 05:49:20 --> Session: Class initialized using 'CodeIgniter\Session\Handlers\DatabaseHandler' driver.
DEBUG - 2026-07-24 03:49:21 --> Session: Class initialized using 'CodeIgniter\Session\Handlers\DatabaseHandler' driver.
DEBUG - 2026-07-24 03:49:27 --> Session: Class initialized using 'CodeIgniter\Session\Handlers\DatabaseHandler' driver.
DEBUG - 2026-07-24 05:49:29 --> Session: Class initialized using 'CodeIgniter\Session\Handlers\DatabaseHandler' driver.
DEBUG - 2026-07-24 03:49:33 --> Session: Class initialized using 'CodeIgniter\Session\Handlers\DatabaseHandler' driver.
DEBUG - 2026-07-24 05:49:35 --> Session: Class initialized using 'CodeIgniter\Session\Handlers\DatabaseHandler' driver.
DEBUG - 2026-07-24 03:49:39 --> Session: Class initialized using 'CodeIgniter\Session\Handlers\DatabaseHandler' driver.
DEBUG - 2026-07-24 05:49:40 --> Session: Class initialized using 'CodeIgniter\Session\Handlers\DatabaseHandler' driver.
DEBUG - 2026-07-24 03:49:45 --> Session: Class initialized using 'CodeIgniter\Session\Handlers\DatabaseHandler' driver.
DEBUG - 2026-07-24 05:49:46 --> Session: Class initialized using 'CodeIgniter\Session\Handlers\DatabaseHandler' driver.
WARNING - 2026-07-24 05:49:47 --> PAC status unavailable while rendering fiscal document: RuntimeException
WARNING - 2026-07-24 05:49:47 --> Fiscal draft viewer requested a missing document id: 999999999.
WARNING - 2026-07-24 05:49:47 --> Fiscal draft not found.
WARNING - 2026-07-24 05:49:47 --> PAC status unavailable while rendering fiscal document: RuntimeException
WARNING - 2026-07-24 05:49:47 --> PAC status unavailable while rendering fiscal document: RuntimeException
WARNING - 2026-07-24 05:49:47 --> PAC status unavailable while rendering fiscal document: RuntimeException
WARNING - 2026-07-24 05:49:47 --> PAC status unavailable while rendering fiscal document: RuntimeException
WARNING - 2026-07-24 05:49:47 --> PAC status unavailable while rendering fiscal document: RuntimeException
WARNING - 2026-07-24 05:49:47 --> Fiscal draft viewer requested a missing document id: 52.
WARNING - 2026-07-24 05:49:47 --> Fiscal draft not found.
WARNING - 2026-07-24 05:49:47 --> Fiscal draft access denied.
DEBUG - 2026-07-24 03:49:51 --> Session: Class initialized using 'CodeIgniter\Session\Handlers\DatabaseHandler' driver.
DEBUG - 2026-07-24 05:49:53 --> Session: Class initialized using 'CodeIgniter\Session\Handlers\DatabaseHandler' driver.
DEBUG - 2026-07-24 03:49:57 --> Session: Class initialized using 'CodeIgniter\Session\Handlers\DatabaseHandler' driver.
DEBUG - 2026-07-24 05:50:00 --> Session: Class initialized using 'CodeIgniter\Session\Handlers\DatabaseHandler' driver.
DEBUG - 2026-07-24 03:50:03 --> Session: Class initialized using 'CodeIgniter\Session\Handlers\DatabaseHandler' driver.
DEBUG - 2026-07-24 03:50:09 --> Session: Class initialized using 'CodeIgniter\Session\Handlers\DatabaseHandler' driver.
DEBUG - 2026-07-24 03:50:11 --> Session: Class initialized using 'CodeIgniter\Session\Handlers\DatabaseHandler' driver.
DEBUG - 2026-07-24 03:50:15 --> Session: Class initialized using 'CodeIgniter\Session\Handlers\DatabaseHandler' driver.
DEBUG - 2026-07-24 03:50:21 --> Session: Class initialized using 'CodeIgniter\Session\Handlers\DatabaseHandler' driver.
DEBUG - 2026-07-24 03:50:27 --> Session: Class initialized using 'CodeIgniter\Session\Handlers\DatabaseHandler' driver.
DEBUG - 2026-07-24 03:50:33 --> Session: Class initialized using 'CodeIgniter\Session\Handlers\DatabaseHandler' driver.
DEBUG - 2026-07-24 03:50:39 --> Session: Class initialized using 'CodeIgniter\Session\Handlers\DatabaseHandler' driver.
DEBUG - 2026-07-24 03:50:45 --> Session: Class initialized using 'CodeIgniter\Session\Handlers\DatabaseHandler' driver.
DEBUG - 2026-07-24 03:50:51 --> Session: Class initialized using 'CodeIgniter\Session\Handlers\DatabaseHandler' driver.
DEBUG - 2026-07-24 03:50:57 --> Session: Class initialized using 'CodeIgniter\Session\Handlers\DatabaseHandler' driver.
DEBUG - 2026-07-24 03:51:03 --> Session: Class initialized using 'CodeIgniter\Session\Handlers\DatabaseHandler' driver.
DEBUG - 2026-07-24 03:51:09 --> Session: Class initialized using 'CodeIgniter\Session\Handlers\DatabaseHandler' driver.
DEBUG - 2026-07-24 03:51:12 --> Session: Class initialized using 'CodeIgniter\Session\Handlers\DatabaseHandler' driver.
DEBUG - 2026-07-24 03:51:15 --> Session: Class initialized using 'CodeIgniter\Session\Handlers\DatabaseHandler' driver.
DEBUG - 2026-07-24 03:51:22 --> Session: Class initialized using 'CodeIgniter\Session\Handlers\DatabaseHandler' driver.
DEBUG - 2026-07-24 03:51:28 --> Session: Class initialized using 'CodeIgniter\Session\Handlers\DatabaseHandler' driver.
DEBUG - 2026-07-24 03:51:34 --> Session: Class initialized using 'CodeIgniter\Session\Handlers\DatabaseHandler' driver.
DEBUG - 2026-07-24 03:51:40 --> Session: Class initialized using 'CodeIgniter\Session\Handlers\DatabaseHandler' driver.
DEBUG - 2026-07-24 03:51:46 --> Session: Class initialized using 'CodeIgniter\Session\Handlers\DatabaseHandler' driver.
CRITICAL - 2026-07-24 05:51:48 --> ErrorException: Uncaught CodeIgniter\Exceptions\CriticalError: The required PHP extension "sqlite3" is not loaded. Install and enable it to use "SQLite3" driver. in C:\xampp\htdocs\ikontrol2\ikon2.0\system\Database\Database.php:182
Stack trace:
#0 C:\xampp\htdocs\ikontrol2\ikon2.0\system\Database\Database.php(59): CodeIgniter\Database\Database->checkDbExtension('SQLite3')
#1 C:\xampp\htdocs\ikontrol2\ikon2.0\system\Database\Config.php(82): CodeIgniter\Database\Database->load(Array, 'tests')
#2 C:\xampp\htdocs\ikontrol2\ikon2.0\system\Common.php(363): CodeIgniter\Database\Config::connect('tests', true)
#3 Command line code(1): db_connect()
#4 {main}
  thrown
[Method: GET, Route: /]
in SYSTEMPATH\Database\Database.php on line 182.
 1 [internal function]: CodeIgniter\Debug\Exceptions->shutdownHandler()
DEBUG - 2026-07-24 03:51:52 --> Session: Class initialized using 'CodeIgniter\Session\Handlers\DatabaseHandler' driver.
DEBUG - 2026-07-24 03:51:58 --> Session: Class initialized using 'CodeIgniter\Session\Handlers\DatabaseHandler' driver.
DEBUG - 2026-07-24 03:52:04 --> Session: Class initialized using 'CodeIgniter\Session\Handlers\DatabaseHandler' driver.
DEBUG - 2026-07-24 03:52:10 --> Session: Class initialized using 'CodeIgniter\Session\Handlers\DatabaseHandler' driver.
DEBUG - 2026-07-24 03:52:13 --> Session: Class initialized using 'CodeIgniter\Session\Handlers\DatabaseHandler' driver.
DEBUG - 2026-07-24 03:52:16 --> Session: Class initialized using 'CodeIgniter\Session\Handlers\DatabaseHandler' driver.
DEBUG - 2026-07-24 03:52:22 --> Session: Class initialized using 'CodeIgniter\Session\Handlers\DatabaseHandler' driver.
DEBUG - 2026-07-24 03:52:28 --> Session: Class initialized using 'CodeIgniter\Session\Handlers\DatabaseHandler' driver.
DEBUG - 2026-07-24 03:52:34 --> Session: Class initialized using 'CodeIgniter\Session\Handlers\DatabaseHandler' driver.
DEBUG - 2026-07-24 03:52:40 --> Session: Class initialized using 'CodeIgniter\Session\Handlers\DatabaseHandler' driver.
DEBUG - 2026-07-24 03:52:46 --> Session: Class initialized using 'CodeIgniter\Session\Handlers\DatabaseHandler' driver.
DEBUG - 2026-07-24 03:52:52 --> Session: Class initialized using 'CodeIgniter\Session\Handlers\DatabaseHandler' driver.
DEBUG - 2026-07-24 03:52:58 --> Session: Class initialized using 'CodeIgniter\Session\Handlers\DatabaseHandler' driver.
DEBUG - 2026-07-24 03:53:04 --> Session: Class initialized using 'CodeIgniter\Session\Handlers\DatabaseHandler' driver.
DEBUG - 2026-07-24 03:53:10 --> Session: Class initialized using 'CodeIgniter\Session\Handlers\DatabaseHandler' driver.
DEBUG - 2026-07-24 03:53:14 --> Session: Class initialized using 'CodeIgniter\Session\Handlers\DatabaseHandler' driver.
DEBUG - 2026-07-24 03:53:16 --> Session: Class initialized using 'CodeIgniter\Session\Handlers\DatabaseHandler' driver.
DEBUG - 2026-07-24 03:53:22 --> Session: Class initialized using 'CodeIgniter\Session\Handlers\DatabaseHandler' driver.
DEBUG - 2026-07-24 03:53:28 --> Session: Class initialized using 'CodeIgniter\Session\Handlers\DatabaseHandler' driver.
DEBUG - 2026-07-24 03:53:34 --> Session: Class initialized using 'CodeIgniter\Session\Handlers\DatabaseHandler' driver.
DEBUG - 2026-07-24 03:53:40 --> Session: Class initialized using 'CodeIgniter\Session\Handlers\DatabaseHandler' driver.
DEBUG - 2026-07-24 03:53:46 --> Session: Class initialized using 'CodeIgniter\Session\Handlers\DatabaseHandler' driver.
DEBUG - 2026-07-24 03:53:52 --> Session: Class initialized using 'CodeIgniter\Session\Handlers\DatabaseHandler' driver.
DEBUG - 2026-07-24 03:53:58 --> Session: Class initialized using 'CodeIgniter\Session\Handlers\DatabaseHandler' driver.
DEBUG - 2026-07-24 03:54:04 --> Session: Class initialized using 'CodeIgniter\Session\Handlers\DatabaseHandler' driver.
DEBUG - 2026-07-24 03:54:10 --> Session: Class initialized using 'CodeIgniter\Session\Handlers\DatabaseHandler' driver.
DEBUG - 2026-07-24 03:54:15 --> Session: Class initialized using 'CodeIgniter\Session\Handlers\DatabaseHandler' driver.
DEBUG - 2026-07-24 03:54:16 --> Session: Class initialized using 'CodeIgniter\Session\Handlers\DatabaseHandler' driver.
DEBUG - 2026-07-24 03:54:22 --> Session: Class initialized using 'CodeIgniter\Session\Handlers\DatabaseHandler' driver.
DEBUG - 2026-07-24 03:54:28 --> Session: Class initialized using 'CodeIgniter\Session\Handlers\DatabaseHandler' driver.
DEBUG - 2026-07-24 03:54:34 --> Session: Class initialized using 'CodeIgniter\Session\Handlers\DatabaseHandler' driver.
DEBUG - 2026-07-24 03:54:40 --> Session: Class initialized using 'CodeIgniter\Session\Handlers\DatabaseHandler' driver.
DEBUG - 2026-07-24 03:54:46 --> Session: Class initialized using 'CodeIgniter\Session\Handlers\DatabaseHandler' driver.
DEBUG - 2026-07-24 03:54:52 --> Session: Class initialized using 'CodeIgniter\Session\Handlers\DatabaseHandler' driver.
DEBUG - 2026-07-24 03:54:58 --> Session: Class initialized using 'CodeIgniter\Session\Handlers\DatabaseHandler' driver.
DEBUG - 2026-07-24 03:55:04 --> Session: Class initialized using 'CodeIgniter\Session\Handlers\DatabaseHandler' driver.
DEBUG - 2026-07-24 03:55:10 --> Session: Class initialized using 'CodeIgniter\Session\Handlers\DatabaseHandler' driver.
DEBUG - 2026-07-24 03:55:16 --> Session: Class initialized using 'CodeIgniter\Session\Handlers\DatabaseHandler' driver.
DEBUG - 2026-07-24 03:55:17 --> Session: Class initialized using 'CodeIgniter\Session\Handlers\DatabaseHandler' driver.
DEBUG - 2026-07-24 03:55:23 --> Session: Class initialized using 'CodeIgniter\Session\Handlers\DatabaseHandler' driver.
DEBUG - 2026-07-24 03:55:29 --> Session: Class initialized using 'CodeIgniter\Session\Handlers\DatabaseHandler' driver.
DEBUG - 2026-07-24 03:55:35 --> Session: Class initialized using 'CodeIgniter\Session\Handlers\DatabaseHandler' driver.
DEBUG - 2026-07-24 03:55:41 --> Session: Class initialized using 'CodeIgniter\Session\Handlers\DatabaseHandler' driver.
DEBUG - 2026-07-24 03:55:47 --> Session: Class initialized using 'CodeIgniter\Session\Handlers\DatabaseHandler' driver.
DEBUG - 2026-07-24 03:55:53 --> Session: Class initialized using 'CodeIgniter\Session\Handlers\DatabaseHandler' driver.
DEBUG - 2026-07-24 03:55:59 --> Session: Class initialized using 'CodeIgniter\Session\Handlers\DatabaseHandler' driver.
DEBUG - 2026-07-24 03:56:05 --> Session: Class initialized using 'CodeIgniter\Session\Handlers\DatabaseHandler' driver.
DEBUG - 2026-07-24 03:56:11 --> Session: Class initialized using 'CodeIgniter\Session\Handlers\DatabaseHandler' driver.
DEBUG - 2026-07-24 03:56:17 --> Session: Class initialized using 'CodeIgniter\Session\Handlers\DatabaseHandler' driver.
DEBUG - 2026-07-24 03:56:18 --> Session: Class initialized using 'CodeIgniter\Session\Handlers\DatabaseHandler' driver.
DEBUG - 2026-07-24 03:56:23 --> Session: Class initialized using 'CodeIgniter\Session\Handlers\DatabaseHandler' driver.
DEBUG - 2026-07-24 03:56:29 --> Session: Class initialized using 'CodeIgniter\Session\Handlers\DatabaseHandler' driver.
DEBUG - 2026-07-24 03:56:35 --> Session: Class initialized using 'CodeIgniter\Session\Handlers\DatabaseHandler' driver.
DEBUG - 2026-07-24 03:56:41 --> Session: Class initialized using 'CodeIgniter\Session\Handlers\DatabaseHandler' driver.
DEBUG - 2026-07-24 03:56:47 --> Session: Class initialized using 'CodeIgniter\Session\Handlers\DatabaseHandler' driver.
DEBUG - 2026-07-24 03:56:53 --> Session: Class initialized using 'CodeIgniter\Session\Handlers\DatabaseHandler' driver.
DEBUG - 2026-07-24 03:56:59 --> Session: Class initialized using 'CodeIgniter\Session\Handlers\DatabaseHandler' driver.
DEBUG - 2026-07-24 03:57:05 --> Session: Class initialized using 'CodeIgniter\Session\Handlers\DatabaseHandler' driver.
DEBUG - 2026-07-24 03:57:11 --> Session: Class initialized using 'CodeIgniter\Session\Handlers\DatabaseHandler' driver.
DEBUG - 2026-07-24 03:57:17 --> Session: Class initialized using 'CodeIgniter\Session\Handlers\DatabaseHandler' driver.
DEBUG - 2026-07-24 03:57:19 --> Session: Class initialized using 'CodeIgniter\Session\Handlers\DatabaseHandler' driver.
DEBUG - 2026-07-24 03:57:23 --> Session: Class initialized using 'CodeIgniter\Session\Handlers\DatabaseHandler' driver.
DEBUG - 2026-07-24 03:57:29 --> Session: Class initialized using 'CodeIgniter\Session\Handlers\DatabaseHandler' driver.
DEBUG - 2026-07-24 03:57:35 --> Session: Class initialized using 'CodeIgniter\Session\Handlers\DatabaseHandler' driver.
DEBUG - 2026-07-24 03:57:41 --> Session: Class initialized using 'CodeIgniter\Session\Handlers\DatabaseHandler' driver.
DEBUG - 2026-07-24 03:57:47 --> Session: Class initialized using 'CodeIgniter\Session\Handlers\DatabaseHandler' driver.
DEBUG - 2026-07-24 03:57:53 --> Session: Class initialized using 'CodeIgniter\Session\Handlers\DatabaseHandler' driver.
DEBUG - 2026-07-24 03:57:59 --> Session: Class initialized using 'CodeIgniter\Session\Handlers\DatabaseHandler' driver.
DEBUG - 2026-07-24 03:58:05 --> Session: Class initialized using 'CodeIgniter\Session\Handlers\DatabaseHandler' driver.
DEBUG - 2026-07-24 03:58:11 --> Session: Class initialized using 'CodeIgniter\Session\Handlers\DatabaseHandler' driver.
DEBUG - 2026-07-24 03:58:17 --> Session: Class initialized using 'CodeIgniter\Session\Handlers\DatabaseHandler' driver.
DEBUG - 2026-07-24 03:58:20 --> Session: Class initialized using 'CodeIgniter\Session\Handlers\DatabaseHandler' driver.
DEBUG - 2026-07-24 03:58:23 --> Session: Class initialized using 'CodeIgniter\Session\Handlers\DatabaseHandler' driver.
DEBUG - 2026-07-24 03:58:29 --> Session: Class initialized using 'CodeIgniter\Session\Handlers\DatabaseHandler' driver.
DEBUG - 2026-07-24 03:58:35 --> Session: Class initialized using 'CodeIgniter\Session\Handlers\DatabaseHandler' driver.
DEBUG - 2026-07-24 03:58:41 --> Session: Class initialized using 'CodeIgniter\Session\Handlers\DatabaseHandler' driver.
DEBUG - 2026-07-24 03:58:47 --> Session: Class initialized using 'CodeIgniter\Session\Handlers\DatabaseHandler' driver.
DEBUG - 2026-07-24 03:58:53 --> Session: Class initialized using 'CodeIgniter\Session\Handlers\DatabaseHandler' driver.
DEBUG - 2026-07-24 03:58:59 --> Session: Class initialized using 'CodeIgniter\Session\Handlers\DatabaseHandler' driver.
DEBUG - 2026-07-24 03:59:05 --> Session: Class initialized using 'CodeIgniter\Session\Handlers\DatabaseHandler' driver.
DEBUG - 2026-07-24 03:59:11 --> Session: Class initialized using 'CodeIgniter\Session\Handlers\DatabaseHandler' driver.
DEBUG - 2026-07-24 03:59:17 --> Session: Class initialized using 'CodeIgniter\Session\Handlers\DatabaseHandler' driver.
DEBUG - 2026-07-24 03:59:21 --> Session: Class initialized using 'CodeIgniter\Session\Handlers\DatabaseHandler' driver.
DEBUG - 2026-07-24 03:59:23 --> Session: Class initialized using 'CodeIgniter\Session\Handlers\DatabaseHandler' driver.
DEBUG - 2026-07-24 03:59:29 --> Session: Class initialized using 'CodeIgniter\Session\Handlers\DatabaseHandler' driver.
DEBUG - 2026-07-24 03:59:35 --> Session: Class initialized using 'CodeIgniter\Session\Handlers\DatabaseHandler' driver.
DEBUG - 2026-07-24 03:59:41 --> Session: Class initialized using 'CodeIgniter\Session\Handlers\DatabaseHandler' driver.
DEBUG - 2026-07-24 03:59:47 --> Session: Class initialized using 'CodeIgniter\Session\Handlers\DatabaseHandler' driver.
DEBUG - 2026-07-24 03:59:53 --> Session: Class initialized using 'CodeIgniter\Session\Handlers\DatabaseHandler' driver.
DEBUG - 2026-07-24 03:59:59 --> Session: Class initialized using 'CodeIgniter\Session\Handlers\DatabaseHandler' driver.
DEBUG - 2026-07-24 04:00:05 --> Session: Class initialized using 'CodeIgniter\Session\Handlers\DatabaseHandler' driver.
DEBUG - 2026-07-24 04:00:11 --> Session: Class initialized using 'CodeIgniter\Session\Handlers\DatabaseHandler' driver.
DEBUG - 2026-07-24 04:00:17 --> Session: Class initialized using 'CodeIgniter\Session\Handlers\DatabaseHandler' driver.
DEBUG - 2026-07-24 04:00:21 --> Session: Class initialized using 'CodeIgniter\Session\Handlers\DatabaseHandler' driver.
DEBUG - 2026-07-24 04:00:22 --> Session: Class initialized using 'CodeIgniter\Session\Handlers\DatabaseHandler' driver.
DEBUG - 2026-07-24 04:00:22 --> Session: Class initialized using 'CodeIgniter\Session\Handlers\DatabaseHandler' driver.
DEBUG - 2026-07-24 04:00:23 --> Session: Class initialized using 'CodeIgniter\Session\Handlers\DatabaseHandler' driver.
DEBUG - 2026-07-24 04:00:23 --> Session: Class initialized using 'CodeIgniter\Session\Handlers\DatabaseHandler' driver.
DEBUG - 2026-07-24 04:00:23 --> Invoice list filters user=1 type=- status=- start=2026-07-01 end=2026-07-31 currency=- own_creator=0 own_client=0
DEBUG - 2026-07-24 04:00:25 --> Session: Class initialized using 'CodeIgniter\Session\Handlers\DatabaseHandler' driver.
DEBUG - 2026-07-24 04:00:31 --> Session: Class initialized using 'CodeIgniter\Session\Handlers\DatabaseHandler' driver.
DEBUG - 2026-07-24 04:00:33 --> Session: Class initialized using 'CodeIgniter\Session\Handlers\DatabaseHandler' driver.
DEBUG - 2026-07-24 04:00:33 --> Session: Class initialized using 'CodeIgniter\Session\Handlers\DatabaseHandler' driver.
DEBUG - 2026-07-24 04:00:34 --> Session: Class initialized using 'CodeIgniter\Session\Handlers\DatabaseHandler' driver.
DEBUG - 2026-07-24 04:00:34 --> Session: Class initialized using 'CodeIgniter\Session\Handlers\DatabaseHandler' driver.
DEBUG - 2026-07-24 04:00:34 --> Session: Class initialized using 'CodeIgniter\Session\Handlers\DatabaseHandler' driver.
DEBUG - 2026-07-24 04:00:34 --> Invoice list filters user=1 type=- status=- start=2026-07-01 end=2026-07-31 currency=- own_creator=0 own_client=0
DEBUG - 2026-07-24 04:00:36 --> Session: Class initialized using 'CodeIgniter\Session\Handlers\DatabaseHandler' driver.
DEBUG - 2026-07-24 04:00:36 --> Session: Class initialized using 'CodeIgniter\Session\Handlers\DatabaseHandler' driver.
DEBUG - 2026-07-24 04:00:39 --> Session: Class initialized using 'CodeIgniter\Session\Handlers\DatabaseHandler' driver.
WARNING - 2026-07-24 04:00:39 --> PAC status unavailable while rendering fiscal document: RuntimeException
DEBUG - 2026-07-24 04:00:44 --> Session: Class initialized using 'CodeIgniter\Session\Handlers\DatabaseHandler' driver.
DEBUG - 2026-07-24 04:00:44 --> Session: Class initialized using 'CodeIgniter\Session\Handlers\DatabaseHandler' driver.
DEBUG - 2026-07-24 04:00:49 --> Session: Class initialized using 'CodeIgniter\Session\Handlers\DatabaseHandler' driver.
DEBUG - 2026-07-24 04:00:52 --> Session: Class initialized using 'CodeIgniter\Session\Handlers\DatabaseHandler' driver.
DEBUG - 2026-07-24 04:00:52 --> Session: Class initialized using 'CodeIgniter\Session\Handlers\DatabaseHandler' driver.
DEBUG - 2026-07-24 04:00:53 --> Session: Class initialized using 'CodeIgniter\Session\Handlers\DatabaseHandler' driver.
DEBUG - 2026-07-24 04:00:54 --> Session: Class initialized using 'CodeIgniter\Session\Handlers\DatabaseHandler' driver.
DEBUG - 2026-07-24 04:01:02 --> Session: Class initialized using 'CodeIgniter\Session\Handlers\DatabaseHandler' driver.
DEBUG - 2026-07-24 04:01:03 --> Session: Class initialized using 'CodeIgniter\Session\Handlers\DatabaseHandler' driver.
DEBUG - 2026-07-24 04:01:03 --> Session: Class initialized using 'CodeIgniter\Session\Handlers\DatabaseHandler' driver.
DEBUG - 2026-07-24 04:01:04 --> Session: Class initialized using 'CodeIgniter\Session\Handlers\DatabaseHandler' driver.
DEBUG - 2026-07-24 04:01:04 --> Session: Class initialized using 'CodeIgniter\Session\Handlers\DatabaseHandler' driver.
DEBUG - 2026-07-24 04:01:05 --> Session: Class initialized using 'CodeIgniter\Session\Handlers\DatabaseHandler' driver.
DEBUG - 2026-07-24 04:01:09 --> Session: Class initialized using 'CodeIgniter\Session\Handlers\DatabaseHandler' driver.
DEBUG - 2026-07-24 04:01:11 --> Session: Class initialized using 'CodeIgniter\Session\Handlers\DatabaseHandler' driver.
DEBUG - 2026-07-24 04:01:11 --> Session: Class initialized using 'CodeIgniter\Session\Handlers\DatabaseHandler' driver.
DEBUG - 2026-07-24 04:01:11 --> Session: Class initialized using 'CodeIgniter\Session\Handlers\DatabaseHandler' driver.
DEBUG - 2026-07-24 04:01:13 --> Session: Class initialized using 'CodeIgniter\Session\Handlers\DatabaseHandler' driver.
DEBUG - 2026-07-24 04:01:14 --> Session: Class initialized using 'CodeIgniter\Session\Handlers\DatabaseHandler' driver.
DEBUG - 2026-07-24 04:01:14 --> Session: Class initialized using 'CodeIgniter\Session\Handlers\DatabaseHandler' driver.
DEBUG - 2026-07-24 04:01:14 --> Session: Class initialized using 'CodeIgniter\Session\Handlers\DatabaseHandler' driver.
DEBUG - 2026-07-24 04:01:16 --> Session: Class initialized using 'CodeIgniter\Session\Handlers\DatabaseHandler' driver.
DEBUG - 2026-07-24 04:01:18 --> Session: Class initialized using 'CodeIgniter\Session\Handlers\DatabaseHandler' driver.
DEBUG - 2026-07-24 04:01:18 --> Session: Class initialized using 'CodeIgniter\Session\Handlers\DatabaseHandler' driver.
DEBUG - 2026-07-24 04:01:18 --> Session: Class initialized using 'CodeIgniter\Session\Handlers\DatabaseHandler' driver.
DEBUG - 2026-07-24 04:01:20 --> Session: Class initialized using 'CodeIgniter\Session\Handlers\DatabaseHandler' driver.
DEBUG - 2026-07-24 04:01:25 --> Session: Class initialized using 'CodeIgniter\Session\Handlers\DatabaseHandler' driver.
DEBUG - 2026-07-24 04:01:25 --> Session: Class initialized using 'CodeIgniter\Session\Handlers\DatabaseHandler' driver.
DEBUG - 2026-07-24 04:01:25 --> Session: Class initialized using 'CodeIgniter\Session\Handlers\DatabaseHandler' driver.
DEBUG - 2026-07-24 04:01:27 --> Session: Class initialized using 'CodeIgniter\Session\Handlers\DatabaseHandler' driver.
DEBUG - 2026-07-24 04:01:28 --> Session: Class initialized using 'CodeIgniter\Session\Handlers\DatabaseHandler' driver.
DEBUG - 2026-07-24 04:01:35 --> Session: Class initialized using 'CodeIgniter\Session\Handlers\DatabaseHandler' driver.
DEBUG - 2026-07-24 04:01:36 --> Session: Class initialized using 'CodeIgniter\Session\Handlers\DatabaseHandler' driver.
DEBUG - 2026-07-24 04:01:39 --> Session: Class initialized using 'CodeIgniter\Session\Handlers\DatabaseHandler' driver.
DEBUG - 2026-07-24 04:01:40 --> Session: Class initialized using 'CodeIgniter\Session\Handlers\DatabaseHandler' driver.
DEBUG - 2026-07-24 04:01:41 --> Session: Class initialized using 'CodeIgniter\Session\Handlers\DatabaseHandler' driver.
DEBUG - 2026-07-24 04:01:41 --> Session: Class initialized using 'CodeIgniter\Session\Handlers\DatabaseHandler' driver.
DEBUG - 2026-07-24 04:01:42 --> Session: Class initialized using 'CodeIgniter\Session\Handlers\DatabaseHandler' driver.
DEBUG - 2026-07-24 04:01:44 --> Session: Class initialized using 'CodeIgniter\Session\Handlers\DatabaseHandler' driver.
DEBUG - 2026-07-24 04:01:50 --> Session: Class initialized using 'CodeIgniter\Session\Handlers\DatabaseHandler' driver.
DEBUG - 2026-07-24 04:01:50 --> Session: Class initialized using 'CodeIgniter\Session\Handlers\DatabaseHandler' driver.
DEBUG - 2026-07-24 04:01:55 --> Session: Class initialized using 'CodeIgniter\Session\Handlers\DatabaseHandler' driver.
DEBUG - 2026-07-24 04:01:55 --> Session: Class initialized using 'CodeIgniter\Session\Handlers\DatabaseHandler' driver.
DEBUG - 2026-07-24 04:01:56 --> Session: Class initialized using 'CodeIgniter\Session\Handlers\DatabaseHandler' driver.
DEBUG - 2026-07-24 04:01:58 --> Session: Class initialized using 'CodeIgniter\Session\Handlers\DatabaseHandler' driver.
DEBUG - 2026-07-24 04:01:58 --> Session: Class initialized using 'CodeIgniter\Session\Handlers\DatabaseHandler' driver.
DEBUG - 2026-07-24 04:02:00 --> Session: Class initialized using 'CodeIgniter\Session\Handlers\DatabaseHandler' driver.
DEBUG - 2026-07-24 04:02:06 --> Session: Class initialized using 'CodeIgniter\Session\Handlers\DatabaseHandler' driver.
DEBUG - 2026-07-24 04:02:10 --> Session: Class initialized using 'CodeIgniter\Session\Handlers\DatabaseHandler' driver.
DEBUG - 2026-07-24 04:02:11 --> Session: Class initialized using 'CodeIgniter\Session\Handlers\DatabaseHandler' driver.
DEBUG - 2026-07-24 04:02:17 --> Session: Class initialized using 'CodeIgniter\Session\Handlers\DatabaseHandler' driver.
DEBUG - 2026-07-24 04:02:23 --> Session: Class initialized using 'CodeIgniter\Session\Handlers\DatabaseHandler' driver.
DEBUG - 2026-07-24 04:02:29 --> Session: Class initialized using 'CodeIgniter\Session\Handlers\DatabaseHandler' driver.
DEBUG - 2026-07-24 04:02:35 --> Session: Class initialized using 'CodeIgniter\Session\Handlers\DatabaseHandler' driver.
DEBUG - 2026-07-24 04:02:41 --> Session: Class initialized using 'CodeIgniter\Session\Handlers\DatabaseHandler' driver.
DEBUG - 2026-07-24 04:02:47 --> Session: Class initialized using 'CodeIgniter\Session\Handlers\DatabaseHandler' driver.
DEBUG - 2026-07-24 04:02:51 --> Session: Class initialized using 'CodeIgniter\Session\Handlers\DatabaseHandler' driver.
DEBUG - 2026-07-24 04:02:53 --> Session: Class initialized using 'CodeIgniter\Session\Handlers\DatabaseHandler' driver.
DEBUG - 2026-07-24 04:02:59 --> Session: Class initialized using 'CodeIgniter\Session\Handlers\DatabaseHandler' driver.
DEBUG - 2026-07-24 04:03:05 --> Session: Class initialized using 'CodeIgniter\Session\Handlers\DatabaseHandler' driver.
DEBUG - 2026-07-24 04:03:11 --> Session: Class initialized using 'CodeIgniter\Session\Handlers\DatabaseHandler' driver.
DEBUG - 2026-07-24 04:03:17 --> Session: Class initialized using 'CodeIgniter\Session\Handlers\DatabaseHandler' driver.
DEBUG - 2026-07-24 04:03:23 --> Session: Class initialized using 'CodeIgniter\Session\Handlers\DatabaseHandler' driver.
DEBUG - 2026-07-24 04:03:29 --> Session: Class initialized using 'CodeIgniter\Session\Handlers\DatabaseHandler' driver.
DEBUG - 2026-07-24 04:03:35 --> Session: Class initialized using 'CodeIgniter\Session\Handlers\DatabaseHandler' driver.
DEBUG - 2026-07-24 04:03:41 --> Session: Class initialized using 'CodeIgniter\Session\Handlers\DatabaseHandler' driver.
DEBUG - 2026-07-24 04:03:47 --> Session: Class initialized using 'CodeIgniter\Session\Handlers\DatabaseHandler' driver.
DEBUG - 2026-07-24 04:03:52 --> Session: Class initialized using 'CodeIgniter\Session\Handlers\DatabaseHandler' driver.
DEBUG - 2026-07-24 04:03:53 --> Session: Class initialized using 'CodeIgniter\Session\Handlers\DatabaseHandler' driver.
DEBUG - 2026-07-24 04:03:59 --> Session: Class initialized using 'CodeIgniter\Session\Handlers\DatabaseHandler' driver.
DEBUG - 2026-07-24 04:04:05 --> Session: Class initialized using 'CodeIgniter\Session\Handlers\DatabaseHandler' driver.
DEBUG - 2026-07-24 04:04:11 --> Session: Class initialized using 'CodeIgniter\Session\Handlers\DatabaseHandler' driver.
DEBUG - 2026-07-24 04:04:17 --> Session: Class initialized using 'CodeIgniter\Session\Handlers\DatabaseHandler' driver.
DEBUG - 2026-07-24 04:04:23 --> Session: Class initialized using 'CodeIgniter\Session\Handlers\DatabaseHandler' driver.
DEBUG - 2026-07-24 04:04:29 --> Session: Class initialized using 'CodeIgniter\Session\Handlers\DatabaseHandler' driver.
DEBUG - 2026-07-24 04:04:35 --> Session: Class initialized using 'CodeIgniter\Session\Handlers\DatabaseHandler' driver.
DEBUG - 2026-07-24 04:04:40 --> Session: Class initialized using 'CodeIgniter\Session\Handlers\DatabaseHandler' driver.
DEBUG - 2026-07-24 04:04:41 --> Session: Class initialized using 'CodeIgniter\Session\Handlers\DatabaseHandler' driver.
DEBUG - 2026-07-24 04:04:42 --> Session: Class initialized using 'CodeIgniter\Session\Handlers\DatabaseHandler' driver.
DEBUG - 2026-07-24 04:04:42 --> Session: Class initialized using 'CodeIgniter\Session\Handlers\DatabaseHandler' driver.
DEBUG - 2026-07-24 04:04:42 --> Invoice list filters user=1 type=- status=- start=2026-07-01 end=2026-07-31 currency=- own_creator=0 own_client=0
DEBUG - 2026-07-24 04:04:43 --> Session: Class initialized using 'CodeIgniter\Session\Handlers\DatabaseHandler' driver.
DEBUG - 2026-07-24 04:04:44 --> Session: Class initialized using 'CodeIgniter\Session\Handlers\DatabaseHandler' driver.
DEBUG - 2026-07-24 04:04:47 --> Session: Class initialized using 'CodeIgniter\Session\Handlers\DatabaseHandler' driver.
WARNING - 2026-07-24 04:04:47 --> PAC status unavailable while rendering fiscal document: RuntimeException
DEBUG - 2026-07-24 04:04:52 --> Session: Class initialized using 'CodeIgniter\Session\Handlers\DatabaseHandler' driver.
DEBUG - 2026-07-24 04:04:52 --> Session: Class initialized using 'CodeIgniter\Session\Handlers\DatabaseHandler' driver.
DEBUG - 2026-07-24 04:04:57 --> Session: Class initialized using 'CodeIgniter\Session\Handlers\DatabaseHandler' driver.
DEBUG - 2026-07-24 04:05:02 --> Session: Class initialized using 'CodeIgniter\Session\Handlers\DatabaseHandler' driver.
DEBUG - 2026-07-24 04:05:07 --> Session: Class initialized using 'CodeIgniter\Session\Handlers\DatabaseHandler' driver.
DEBUG - 2026-07-24 04:05:12 --> Session: Class initialized using 'CodeIgniter\Session\Handlers\DatabaseHandler' driver.
DEBUG - 2026-07-24 04:05:13 --> Session: Class initialized using 'CodeIgniter\Session\Handlers\DatabaseHandler' driver.
DEBUG - 2026-07-24 04:05:19 --> Session: Class initialized using 'CodeIgniter\Session\Handlers\DatabaseHandler' driver.
DEBUG - 2026-07-24 04:05:25 --> Session: Class initialized using 'CodeIgniter\Session\Handlers\DatabaseHandler' driver.
DEBUG - 2026-07-24 04:05:31 --> Session: Class initialized using 'CodeIgniter\Session\Handlers\DatabaseHandler' driver.
DEBUG - 2026-07-24 04:05:37 --> Session: Class initialized using 'CodeIgniter\Session\Handlers\DatabaseHandler' driver.
DEBUG - 2026-07-24 04:05:43 --> Session: Class initialized using 'CodeIgniter\Session\Handlers\DatabaseHandler' driver.
DEBUG - 2026-07-24 04:05:49 --> Session: Class initialized using 'CodeIgniter\Session\Handlers\DatabaseHandler' driver.
DEBUG - 2026-07-24 04:05:53 --> Session: Class initialized using 'CodeIgniter\Session\Handlers\DatabaseHandler' driver.
DEBUG - 2026-07-24 04:05:55 --> Session: Class initialized using 'CodeIgniter\Session\Handlers\DatabaseHandler' driver.
DEBUG - 2026-07-24 04:06:01 --> Session: Class initialized using 'CodeIgniter\Session\Handlers\DatabaseHandler' driver.
DEBUG - 2026-07-24 04:06:07 --> Session: Class initialized using 'CodeIgniter\Session\Handlers\DatabaseHandler' driver.
DEBUG - 2026-07-24 04:06:13 --> Session: Class initialized using 'CodeIgniter\Session\Handlers\DatabaseHandler' driver.
DEBUG - 2026-07-24 04:06:19 --> Session: Class initialized using 'CodeIgniter\Session\Handlers\DatabaseHandler' driver.
DEBUG - 2026-07-24 04:06:25 --> Session: Class initialized using 'CodeIgniter\Session\Handlers\DatabaseHandler' driver.
DEBUG - 2026-07-24 04:06:32 --> Session: Class initialized using 'CodeIgniter\Session\Handlers\DatabaseHandler' driver.
DEBUG - 2026-07-24 04:06:38 --> Session: Class initialized using 'CodeIgniter\Session\Handlers\DatabaseHandler' driver.
DEBUG - 2026-07-24 04:06:44 --> Session: Class initialized using 'CodeIgniter\Session\Handlers\DatabaseHandler' driver.
DEBUG - 2026-07-24 04:06:50 --> Session: Class initialized using 'CodeIgniter\Session\Handlers\DatabaseHandler' driver.
DEBUG - 2026-07-24 04:06:54 --> Session: Class initialized using 'CodeIgniter\Session\Handlers\DatabaseHandler' driver.
DEBUG - 2026-07-24 04:07:01 --> Session: Class initialized using 'CodeIgniter\Session\Handlers\DatabaseHandler' driver.
DEBUG - 2026-07-24 04:07:07 --> Session: Class initialized using 'CodeIgniter\Session\Handlers\DatabaseHandler' driver.
DEBUG - 2026-07-24 04:07:13 --> Session: Class initialized using 'CodeIgniter\Session\Handlers\DatabaseHandler' driver.
DEBUG - 2026-07-24 04:07:19 --> Session: Class initialized using 'CodeIgniter\Session\Handlers\DatabaseHandler' driver.
DEBUG - 2026-07-24 04:07:25 --> Session: Class initialized using 'CodeIgniter\Session\Handlers\DatabaseHandler' driver.
DEBUG - 2026-07-24 04:07:31 --> Session: Class initialized using 'CodeIgniter\Session\Handlers\DatabaseHandler' driver.
DEBUG - 2026-07-24 04:07:37 --> Session: Class initialized using 'CodeIgniter\Session\Handlers\DatabaseHandler' driver.
DEBUG - 2026-07-24 04:07:43 --> Session: Class initialized using 'CodeIgniter\Session\Handlers\DatabaseHandler' driver.
DEBUG - 2026-07-24 04:07:49 --> Session: Class initialized using 'CodeIgniter\Session\Handlers\DatabaseHandler' driver.
DEBUG - 2026-07-24 04:07:55 --> Session: Class initialized using 'CodeIgniter\Session\Handlers\DatabaseHandler' driver.
DEBUG - 2026-07-24 04:07:56 --> Session: Class initialized using 'CodeIgniter\Session\Handlers\DatabaseHandler' driver.
DEBUG - 2026-07-24 04:08:02 --> Session: Class initialized using 'CodeIgniter\Session\Handlers\DatabaseHandler' driver.
DEBUG - 2026-07-24 04:08:08 --> Session: Class initialized using 'CodeIgniter\Session\Handlers\DatabaseHandler' driver.
DEBUG - 2026-07-24 04:08:14 --> Session: Class initialized using 'CodeIgniter\Session\Handlers\DatabaseHandler' driver.
DEBUG - 2026-07-24 04:08:20 --> Session: Class initialized using 'CodeIgniter\Session\Handlers\DatabaseHandler' driver.
DEBUG - 2026-07-24 04:08:26 --> Session: Class initialized using 'CodeIgniter\Session\Handlers\DatabaseHandler' driver.
DEBUG - 2026-07-24 04:08:32 --> Session: Class initialized using 'CodeIgniter\Session\Handlers\DatabaseHandler' driver.
DEBUG - 2026-07-24 04:08:38 --> Session: Class initialized using 'CodeIgniter\Session\Handlers\DatabaseHandler' driver.
DEBUG - 2026-07-24 04:08:44 --> Session: Class initialized using 'CodeIgniter\Session\Handlers\DatabaseHandler' driver.
DEBUG - 2026-07-24 04:08:50 --> Session: Class initialized using 'CodeIgniter\Session\Handlers\DatabaseHandler' driver.
DEBUG - 2026-07-24 04:08:56 --> Session: Class initialized using 'CodeIgniter\Session\Handlers\DatabaseHandler' driver.
DEBUG - 2026-07-24 04:08:57 --> Session: Class initialized using 'CodeIgniter\Session\Handlers\DatabaseHandler' driver.
DEBUG - 2026-07-24 04:09:03 --> Session: Class initialized using 'CodeIgniter\Session\Handlers\DatabaseHandler' driver.
DEBUG - 2026-07-24 04:09:09 --> Session: Class initialized using 'CodeIgniter\Session\Handlers\DatabaseHandler' driver.
DEBUG - 2026-07-24 04:09:15 --> Session: Class initialized using 'CodeIgniter\Session\Handlers\DatabaseHandler' driver.
DEBUG - 2026-07-24 04:09:21 --> Session: Class initialized using 'CodeIgniter\Session\Handlers\DatabaseHandler' driver.
DEBUG - 2026-07-24 04:09:26 --> Session: Class initialized using 'CodeIgniter\Session\Handlers\DatabaseHandler' driver.
DEBUG - 2026-07-24 04:09:32 --> Session: Class initialized using 'CodeIgniter\Session\Handlers\DatabaseHandler' driver.
DEBUG - 2026-07-24 04:09:37 --> Session: Class initialized using 'CodeIgniter\Session\Handlers\DatabaseHandler' driver.
DEBUG - 2026-07-24 04:09:41 --> Session: Class initialized using 'CodeIgniter\Session\Handlers\DatabaseHandler' driver.
DEBUG - 2026-07-24 04:09:41 --> Session: Class initialized using 'CodeIgniter\Session\Handlers\DatabaseHandler' driver.
DEBUG - 2026-07-24 04:09:42 --> Session: Class initialized using 'CodeIgniter\Session\Handlers\DatabaseHandler' driver.
DEBUG - 2026-07-24 04:09:42 --> Invoice list filters user=1 type=- status=- start=2026-07-01 end=2026-07-31 currency=- own_creator=0 own_client=0
DEBUG - 2026-07-24 04:09:43 --> Session: Class initialized using 'CodeIgniter\Session\Handlers\DatabaseHandler' driver.
DEBUG - 2026-07-24 04:09:44 --> Session: Class initialized using 'CodeIgniter\Session\Handlers\DatabaseHandler' driver.
DEBUG - 2026-07-24 04:09:46 --> Session: Class initialized using 'CodeIgniter\Session\Handlers\DatabaseHandler' driver.
DEBUG - 2026-07-24 04:09:51 --> Session: Class initialized using 'CodeIgniter\Session\Handlers\DatabaseHandler' driver.
DEBUG - 2026-07-24 04:09:52 --> Session: Class initialized using 'CodeIgniter\Session\Handlers\DatabaseHandler' driver.
DEBUG - 2026-07-24 04:09:55 --> Session: Class initialized using 'CodeIgniter\Session\Handlers\DatabaseHandler' driver.
DEBUG - 2026-07-24 04:09:58 --> Session: Class initialized using 'CodeIgniter\Session\Handlers\DatabaseHandler' driver.
DEBUG - 2026-07-24 04:10:03 --> Session: Class initialized using 'CodeIgniter\Session\Handlers\DatabaseHandler' driver.
DEBUG - 2026-07-24 04:10:08 --> Session: Class initialized using 'CodeIgniter\Session\Handlers\DatabaseHandler' driver.
DEBUG - 2026-07-24 04:10:11 --> Session: Class initialized using 'CodeIgniter\Session\Handlers\DatabaseHandler' driver.
DEBUG - 2026-07-24 04:10:13 --> Session: Class initialized using 'CodeIgniter\Session\Handlers\DatabaseHandler' driver.
DEBUG - 2026-07-24 04:10:18 --> Session: Class initialized using 'CodeIgniter\Session\Handlers\DatabaseHandler' driver.
DEBUG - 2026-07-24 04:10:24 --> Session: Class initialized using 'CodeIgniter\Session\Handlers\DatabaseHandler' driver.
DEBUG - 2026-07-24 04:10:28 --> Session: Class initialized using 'CodeIgniter\Session\Handlers\DatabaseHandler' driver.
ERROR - 2026-07-24 04:10:29 --> Stamp request failed for document 2: RuntimeException
DEBUG - 2026-07-24 04:10:29 --> Session: Class initialized using 'CodeIgniter\Session\Handlers\DatabaseHandler' driver.
DEBUG - 2026-07-24 04:10:34 --> Session: Class initialized using 'CodeIgniter\Session\Handlers\DatabaseHandler' driver.
DEBUG - 2026-07-24 04:10:39 --> Session: Class initialized using 'CodeIgniter\Session\Handlers\DatabaseHandler' driver.
DEBUG - 2026-07-24 04:10:44 --> Session: Class initialized using 'CodeIgniter\Session\Handlers\DatabaseHandler' driver.
DEBUG - 2026-07-24 04:10:50 --> Session: Class initialized using 'CodeIgniter\Session\Handlers\DatabaseHandler' driver.
DEBUG - 2026-07-24 04:10:52 --> Session: Class initialized using 'CodeIgniter\Session\Handlers\DatabaseHandler' driver.
DEBUG - 2026-07-24 04:10:55 --> Session: Class initialized using 'CodeIgniter\Session\Handlers\DatabaseHandler' driver.
DEBUG - 2026-07-24 04:11:00 --> Session: Class initialized using 'CodeIgniter\Session\Handlers\DatabaseHandler' driver.
DEBUG - 2026-07-24 04:11:05 --> Session: Class initialized using 'CodeIgniter\Session\Handlers\DatabaseHandler' driver.
DEBUG - 2026-07-24 04:11:10 --> Session: Class initialized using 'CodeIgniter\Session\Handlers\DatabaseHandler' driver.
DEBUG - 2026-07-24 04:11:16 --> Session: Class initialized using 'CodeIgniter\Session\Handlers\DatabaseHandler' driver.
DEBUG - 2026-07-24 04:11:21 --> Session: Class initialized using 'CodeIgniter\Session\Handlers\DatabaseHandler' driver.
DEBUG - 2026-07-24 04:11:26 --> Session: Class initialized using 'CodeIgniter\Session\Handlers\DatabaseHandler' driver.
DEBUG - 2026-07-24 04:11:31 --> Session: Class initialized using 'CodeIgniter\Session\Handlers\DatabaseHandler' driver.
DEBUG - 2026-07-24 04:11:36 --> Session: Class initialized using 'CodeIgniter\Session\Handlers\DatabaseHandler' driver.
DEBUG - 2026-07-24 04:11:42 --> Session: Class initialized using 'CodeIgniter\Session\Handlers\DatabaseHandler' driver.
DEBUG - 2026-07-24 04:11:48 --> Session: Class initialized using 'CodeIgniter\Session\Handlers\DatabaseHandler' driver.
DEBUG - 2026-07-24 04:11:53 --> Session: Class initialized using 'CodeIgniter\Session\Handlers\DatabaseHandler' driver.
DEBUG - 2026-07-24 04:11:54 --> Session: Class initialized using 'CodeIgniter\Session\Handlers\DatabaseHandler' driver.
DEBUG - 2026-07-24 04:12:00 --> Session: Class initialized using 'CodeIgniter\Session\Handlers\DatabaseHandler' driver.
DEBUG - 2026-07-24 04:12:06 --> Session: Class initialized using 'CodeIgniter\Session\Handlers\DatabaseHandler' driver.
DEBUG - 2026-07-24 04:12:12 --> Session: Class initialized using 'CodeIgniter\Session\Handlers\DatabaseHandler' driver.
DEBUG - 2026-07-24 04:12:18 --> Session: Class initialized using 'CodeIgniter\Session\Handlers\DatabaseHandler' driver.
DEBUG - 2026-07-24 04:12:24 --> Session: Class initialized using 'CodeIgniter\Session\Handlers\DatabaseHandler' driver.
DEBUG - 2026-07-24 04:12:30 --> Session: Class initialized using 'CodeIgniter\Session\Handlers\DatabaseHandler' driver.
DEBUG - 2026-07-24 04:12:36 --> Session: Class initialized using 'CodeIgniter\Session\Handlers\DatabaseHandler' driver.
DEBUG - 2026-07-24 04:12:42 --> Session: Class initialized using 'CodeIgniter\Session\Handlers\DatabaseHandler' driver.
DEBUG - 2026-07-24 04:12:48 --> Session: Class initialized using 'CodeIgniter\Session\Handlers\DatabaseHandler' driver.
DEBUG - 2026-07-24 04:12:54 --> Session: Class initialized using 'CodeIgniter\Session\Handlers\DatabaseHandler' driver.
DEBUG - 2026-07-24 04:12:55 --> Session: Class initialized using 'CodeIgniter\Session\Handlers\DatabaseHandler' driver.
DEBUG - 2026-07-24 04:13:01 --> Session: Class initialized using 'CodeIgniter\Session\Handlers\DatabaseHandler' driver.
DEBUG - 2026-07-24 04:13:07 --> Session: Class initialized using 'CodeIgniter\Session\Handlers\DatabaseHandler' driver.
DEBUG - 2026-07-24 04:13:13 --> Session: Class initialized using 'CodeIgniter\Session\Handlers\DatabaseHandler' driver.
DEBUG - 2026-07-24 04:13:19 --> Session: Class initialized using 'CodeIgniter\Session\Handlers\DatabaseHandler' driver.
DEBUG - 2026-07-24 04:13:25 --> Session: Class initialized using 'CodeIgniter\Session\Handlers\DatabaseHandler' driver.
DEBUG - 2026-07-24 04:13:31 --> Session: Class initialized using 'CodeIgniter\Session\Handlers\DatabaseHandler' driver.
DEBUG - 2026-07-24 04:13:37 --> Session: Class initialized using 'CodeIgniter\Session\Handlers\DatabaseHandler' driver.
DEBUG - 2026-07-24 04:13:43 --> Session: Class initialized using 'CodeIgniter\Session\Handlers\DatabaseHandler' driver.
DEBUG - 2026-07-24 04:13:49 --> Session: Class initialized using 'CodeIgniter\Session\Handlers\DatabaseHandler' driver.
DEBUG - 2026-07-24 04:13:55 --> Session: Class initialized using 'CodeIgniter\Session\Handlers\DatabaseHandler' driver.
DEBUG - 2026-07-24 04:13:56 --> Session: Class initialized using 'CodeIgniter\Session\Handlers\DatabaseHandler' driver.
DEBUG - 2026-07-24 04:14:01 --> Session: Class initialized using 'CodeIgniter\Session\Handlers\DatabaseHandler' driver.
DEBUG - 2026-07-24 04:14:07 --> Session: Class initialized using 'CodeIgniter\Session\Handlers\DatabaseHandler' driver.
DEBUG - 2026-07-24 04:14:13 --> Session: Class initialized using 'CodeIgniter\Session\Handlers\DatabaseHandler' driver.
DEBUG - 2026-07-24 04:14:19 --> Session: Class initialized using 'CodeIgniter\Session\Handlers\DatabaseHandler' driver.
DEBUG - 2026-07-24 04:14:25 --> Session: Class initialized using 'CodeIgniter\Session\Handlers\DatabaseHandler' driver.
DEBUG - 2026-07-24 04:14:31 --> Session: Class initialized using 'CodeIgniter\Session\Handlers\DatabaseHandler' driver.
DEBUG - 2026-07-24 04:14:37 --> Session: Class initialized using 'CodeIgniter\Session\Handlers\DatabaseHandler' driver.
DEBUG - 2026-07-24 04:14:43 --> Session: Class initialized using 'CodeIgniter\Session\Handlers\DatabaseHandler' driver.
DEBUG - 2026-07-24 04:14:49 --> Session: Class initialized using 'CodeIgniter\Session\Handlers\DatabaseHandler' driver.
DEBUG - 2026-07-24 04:14:55 --> Session: Class initialized using 'CodeIgniter\Session\Handlers\DatabaseHandler' driver.
DEBUG - 2026-07-24 04:14:57 --> Session: Class initialized using 'CodeIgniter\Session\Handlers\DatabaseHandler' driver.
DEBUG - 2026-07-24 04:15:01 --> Session: Class initialized using 'CodeIgniter\Session\Handlers\DatabaseHandler' driver.
DEBUG - 2026-07-24 04:15:07 --> Session: Class initialized using 'CodeIgniter\Session\Handlers\DatabaseHandler' driver.
DEBUG - 2026-07-24 04:15:13 --> Session: Class initialized using 'CodeIgniter\Session\Handlers\DatabaseHandler' driver.
DEBUG - 2026-07-24 04:15:19 --> Session: Class initialized using 'CodeIgniter\Session\Handlers\DatabaseHandler' driver.
DEBUG - 2026-07-24 04:15:25 --> Session: Class initialized using 'CodeIgniter\Session\Handlers\DatabaseHandler' driver.
DEBUG - 2026-07-24 04:15:31 --> Session: Class initialized using 'CodeIgniter\Session\Handlers\DatabaseHandler' driver.
DEBUG - 2026-07-24 04:15:36 --> Session: Class initialized using 'CodeIgniter\Session\Handlers\DatabaseHandler' driver.
DEBUG - 2026-07-24 04:15:42 --> Session: Class initialized using 'CodeIgniter\Session\Handlers\DatabaseHandler' driver.
DEBUG - 2026-07-24 04:15:48 --> Session: Class initialized using 'CodeIgniter\Session\Handlers\DatabaseHandler' driver.
DEBUG - 2026-07-24 04:15:51 --> Session: Class initialized using 'CodeIgniter\Session\Handlers\DatabaseHandler' driver.
DEBUG - 2026-07-24 04:15:51 --> Session: Class initialized using 'CodeIgniter\Session\Handlers\DatabaseHandler' driver.
DEBUG - 2026-07-24 04:15:52 --> Session: Class initialized using 'CodeIgniter\Session\Handlers\DatabaseHandler' driver.
DEBUG - 2026-07-24 04:15:53 --> Session: Class initialized using 'CodeIgniter\Session\Handlers\DatabaseHandler' driver.
DEBUG - 2026-07-24 04:16:01 --> Session: Class initialized using 'CodeIgniter\Session\Handlers\DatabaseHandler' driver.
DEBUG - 2026-07-24 04:16:02 --> Session: Class initialized using 'CodeIgniter\Session\Handlers\DatabaseHandler' driver.
DEBUG - 2026-07-24 04:16:04 --> Session: Class initialized using 'CodeIgniter\Session\Handlers\DatabaseHandler' driver.
DEBUG - 2026-07-24 04:16:04 --> Session: Class initialized using 'CodeIgniter\Session\Handlers\DatabaseHandler' driver.
DEBUG - 2026-07-24 04:16:04 --> Session: Class initialized using 'CodeIgniter\Session\Handlers\DatabaseHandler' driver.
DEBUG - 2026-07-24 04:16:06 --> Session: Class initialized using 'CodeIgniter\Session\Handlers\DatabaseHandler' driver.
DEBUG - 2026-07-24 04:16:08 --> Session: Class initialized using 'CodeIgniter\Session\Handlers\DatabaseHandler' driver.
DEBUG - 2026-07-24 04:16:08 --> Session: Class initialized using 'CodeIgniter\Session\Handlers\DatabaseHandler' driver.
DEBUG - 2026-07-24 04:16:08 --> Session: Class initialized using 'CodeIgniter\Session\Handlers\DatabaseHandler' driver.
DEBUG - 2026-07-24 04:16:09 --> Session: Class initialized using 'CodeIgniter\Session\Handlers\DatabaseHandler' driver.
DEBUG - 2026-07-24 04:16:10 --> Session: Class initialized using 'CodeIgniter\Session\Handlers\DatabaseHandler' driver.
DEBUG - 2026-07-24 04:16:10 --> Session: Class initialized using 'CodeIgniter\Session\Handlers\DatabaseHandler' driver.
DEBUG - 2026-07-24 04:16:10 --> Session: Class initialized using 'CodeIgniter\Session\Handlers\DatabaseHandler' driver.
DEBUG - 2026-07-24 04:16:11 --> Session: Class initialized using 'CodeIgniter\Session\Handlers\DatabaseHandler' driver.
DEBUG - 2026-07-24 04:16:12 --> Session: Class initialized using 'CodeIgniter\Session\Handlers\DatabaseHandler' driver.
DEBUG - 2026-07-24 04:16:20 --> Session: Class initialized using 'CodeIgniter\Session\Handlers\DatabaseHandler' driver.
DEBUG - 2026-07-24 04:16:21 --> Session: Class initialized using 'CodeIgniter\Session\Handlers\DatabaseHandler' driver.
DEBUG - 2026-07-24 04:16:25 --> Session: Class initialized using 'CodeIgniter\Session\Handlers\DatabaseHandler' driver.
DEBUG - 2026-07-24 04:16:31 --> Session: Class initialized using 'CodeIgniter\Session\Handlers\DatabaseHandler' driver.
DEBUG - 2026-07-24 04:16:34 --> Session: Class initialized using 'CodeIgniter\Session\Handlers\DatabaseHandler' driver.
DEBUG - 2026-07-24 04:16:35 --> Session: Class initialized using 'CodeIgniter\Session\Handlers\DatabaseHandler' driver.
DEBUG - 2026-07-24 04:16:35 --> Session: Class initialized using 'CodeIgniter\Session\Handlers\DatabaseHandler' driver.
DEBUG - 2026-07-24 04:16:35 --> Session: Class initialized using 'CodeIgniter\Session\Handlers\DatabaseHandler' driver.
DEBUG - 2026-07-24 04:16:37 --> Session: Class initialized using 'CodeIgniter\Session\Handlers\DatabaseHandler' driver.
DEBUG - 2026-07-24 04:16:45 --> Session: Class initialized using 'CodeIgniter\Session\Handlers\DatabaseHandler' driver.
DEBUG - 2026-07-24 04:16:45 --> Session: Class initialized using 'CodeIgniter\Session\Handlers\DatabaseHandler' driver.
DEBUG - 2026-07-24 04:16:45 --> Session: Class initialized using 'CodeIgniter\Session\Handlers\DatabaseHandler' driver.
DEBUG - 2026-07-24 04:16:50 --> Session: Class initialized using 'CodeIgniter\Session\Handlers\DatabaseHandler' driver.
DEBUG - 2026-07-24 04:16:51 --> Session: Class initialized using 'CodeIgniter\Session\Handlers\DatabaseHandler' driver.
DEBUG - 2026-07-24 04:16:51 --> Session: Class initialized using 'CodeIgniter\Session\Handlers\DatabaseHandler' driver.
DEBUG - 2026-07-24 04:16:51 --> Session: Class initialized using 'CodeIgniter\Session\Handlers\DatabaseHandler' driver.
DEBUG - 2026-07-24 04:16:51 --> Session: Class initialized using 'CodeIgniter\Session\Handlers\DatabaseHandler' driver.
DEBUG - 2026-07-24 04:16:53 --> Session: Class initialized using 'CodeIgniter\Session\Handlers\DatabaseHandler' driver.
DEBUG - 2026-07-24 04:17:01 --> Session: Class initialized using 'CodeIgniter\Session\Handlers\DatabaseHandler' driver.
DEBUG - 2026-07-24 04:17:02 --> Session: Class initialized using 'CodeIgniter\Session\Handlers\DatabaseHandler' driver.
DEBUG - 2026-07-24 04:17:06 --> Session: Class initialized using 'CodeIgniter\Session\Handlers\DatabaseHandler' driver.
DEBUG - 2026-07-24 04:17:07 --> Session: Class initialized using 'CodeIgniter\Session\Handlers\DatabaseHandler' driver.
DEBUG - 2026-07-24 04:17:08 --> Session: Class initialized using 'CodeIgniter\Session\Handlers\DatabaseHandler' driver.
DEBUG - 2026-07-24 04:17:08 --> Invoice list filters user=1 type=- status=- start=2026-07-01 end=2026-07-31 currency=- own_creator=0 own_client=0
DEBUG - 2026-07-24 04:17:08 --> Session: Class initialized using 'CodeIgniter\Session\Handlers\DatabaseHandler' driver.
DEBUG - 2026-07-24 04:17:09 --> Session: Class initialized using 'CodeIgniter\Session\Handlers\DatabaseHandler' driver.
DEBUG - 2026-07-24 04:17:10 --> Session: Class initialized using 'CodeIgniter\Session\Handlers\DatabaseHandler' driver.
DEBUG - 2026-07-24 04:17:13 --> Session: Class initialized using 'CodeIgniter\Session\Handlers\DatabaseHandler' driver.
DEBUG - 2026-07-24 04:17:17 --> Session: Class initialized using 'CodeIgniter\Session\Handlers\DatabaseHandler' driver.
ERROR - 2026-07-24 04:17:18 --> Stamp request failed for document 2: RuntimeException
DEBUG - 2026-07-24 04:17:18 --> Session: Class initialized using 'CodeIgniter\Session\Handlers\DatabaseHandler' driver.
DEBUG - 2026-07-24 04:17:18 --> Session: Class initialized using 'CodeIgniter\Session\Handlers\DatabaseHandler' driver.
DEBUG - 2026-07-24 04:17:23 --> Session: Class initialized using 'CodeIgniter\Session\Handlers\DatabaseHandler' driver.
DEBUG - 2026-07-24 04:17:29 --> Session: Class initialized using 'CodeIgniter\Session\Handlers\DatabaseHandler' driver.
DEBUG - 2026-07-24 04:17:35 --> Session: Class initialized using 'CodeIgniter\Session\Handlers\DatabaseHandler' driver.
DEBUG - 2026-07-24 04:17:39 --> Session: Class initialized using 'CodeIgniter\Session\Handlers\DatabaseHandler' driver.
DEBUG - 2026-07-24 04:17:40 --> Session: Class initialized using 'CodeIgniter\Session\Handlers\DatabaseHandler' driver.
DEBUG - 2026-07-24 04:17:40 --> Session: Class initialized using 'CodeIgniter\Session\Handlers\DatabaseHandler' driver.
DEBUG - 2026-07-24 04:17:46 --> Session: Class initialized using 'CodeIgniter\Session\Handlers\DatabaseHandler' driver.
DEBUG - 2026-07-24 04:17:46 --> Session: Class initialized using 'CodeIgniter\Session\Handlers\DatabaseHandler' driver.
ERROR - 2026-07-24 04:17:46 --> mysqli_sql_exception: Table 'ikontrol_new.ikontrol_fiscal_document_binary_artifacts' doesn't exist in C:\xampp\htdocs\ikontrol2\ikon2.0\system\Database\MySQLi\Connection.php:327
Stack trace:
#0 C:\xampp\htdocs\ikontrol2\ikon2.0\system\Database\MySQLi\Connection.php(327): mysqli->query('SELECT *\nFROM `...', 0)
#1 C:\xampp\htdocs\ikontrol2\ikon2.0\system\Database\BaseConnection.php(738): CodeIgniter\Database\MySQLi\Connection->execute('SELECT *\nFROM `...')
#2 C:\xampp\htdocs\ikontrol2\ikon2.0\system\Database\BaseConnection.php(652): CodeIgniter\Database\BaseConnection->simpleQuery('SELECT *\nFROM `...')
#3 C:\xampp\htdocs\ikontrol2\ikon2.0\system\Database\BaseBuilder.php(1649): CodeIgniter\Database\BaseConnection->query('SELECT *\nFROM `...', Array, false)
#4 C:\xampp\htdocs\ikontrol2\ikon2.0\app\Controllers\Fiscal\Stamping.php(21): CodeIgniter\Database\BaseBuilder->get(1)
#5 C:\xampp\htdocs\ikontrol2\ikon2.0\system\CodeIgniter.php(933): App\Controllers\Fiscal\Stamping->result('2')
#6 C:\xampp\htdocs\ikontrol2\ikon2.0\system\CodeIgniter.php(507): CodeIgniter\CodeIgniter->runController(Object(App\Controllers\Fiscal\Stamping))
#7 C:\xampp\htdocs\ikontrol2\ikon2.0\system\CodeIgniter.php(354): CodeIgniter\CodeIgniter->handleRequest(NULL, Object(Config\Cache), false)
#8 C:\xampp\htdocs\ikontrol2\ikon2.0\system\Boot.php(334): CodeIgniter\CodeIgniter->run()
#9 C:\xampp\htdocs\ikontrol2\ikon2.0\system\Boot.php(67): CodeIgniter\Boot::runCodeIgniter(Object(CodeIgniter\CodeIgniter))
#10 C:\xampp\htdocs\ikontrol2\ikon2.0\index.php(75): CodeIgniter\Boot::bootWeb(Object(Config\Paths))
#11 {main}
CRITICAL - 2026-07-24 04:17:46 --> CodeIgniter\Database\Exceptions\DatabaseException: Table 'ikontrol_new.ikontrol_fiscal_document_binary_artifacts' doesn't exist
[Method: POST, Route: fiscal/stamping/result/2]
in SYSTEMPATH\Database\BaseConnection.php on line 692.
 1 SYSTEMPATH\Database\BaseBuilder.php(1649): CodeIgniter\Database\BaseConnection->query('SELECT *
FROM `ikontrol_fiscal_document_binary_artifacts`
WHERE `fiscal_document_id` = :fiscal_document_id:
AND `artifact_type` = :artifact_type:
AND `validation_status` = :validation_status:
 LIMIT 1', [...], false)
 2 APPPATH\Controllers\Fiscal\Stamping.php(21): CodeIgniter\Database\BaseBuilder->get(1)
 3 SYSTEMPATH\CodeIgniter.php(933): App\Controllers\Fiscal\Stamping->result('2')
 4 SYSTEMPATH\CodeIgniter.php(507): CodeIgniter\CodeIgniter->runController(Object(App\Controllers\Fiscal\Stamping))
 5 SYSTEMPATH\CodeIgniter.php(354): CodeIgniter\CodeIgniter->handleRequest(null, Object(Config\Cache), false)
 6 SYSTEMPATH\Boot.php(334): CodeIgniter\CodeIgniter->run()
 7 SYSTEMPATH\Boot.php(67): CodeIgniter\Boot::runCodeIgniter(Object(CodeIgniter\CodeIgniter))
 8 FCPATH\index.php(75): CodeIgniter\Boot::bootWeb(Object(Config\Paths))
CRITICAL - 2026-07-24 04:17:46 --> [Caused by] CodeIgniter\Database\Exceptions\DatabaseException: Table 'ikontrol_new.ikontrol_fiscal_document_binary_artifacts' doesn't exist
in SYSTEMPATH\Database\MySQLi\Connection.php on line 332.
 1 SYSTEMPATH\Database\BaseConnection.php(738): CodeIgniter\Database\MySQLi\Connection->execute('SELECT *
FROM `ikontrol_fiscal_document_binary_artifacts`
WHERE `fiscal_document_id` = 2
AND `artifact_type` = \'pac_pdf\'
AND `validation_status` = \'valid\'
 LIMIT 1')
 2 SYSTEMPATH\Database\BaseConnection.php(652): CodeIgniter\Database\BaseConnection->simpleQuery('SELECT *
FROM `ikontrol_fiscal_document_binary_artifacts`
WHERE `fiscal_document_id` = 2
AND `artifact_type` = \'pac_pdf\'
AND `validation_status` = \'valid\'
 LIMIT 1')
 3 SYSTEMPATH\Database\BaseBuilder.php(1649): CodeIgniter\Database\BaseConnection->query('SELECT *
FROM `ikontrol_fiscal_document_binary_artifacts`
WHERE `fiscal_document_id` = :fiscal_document_id:
AND `artifact_type` = :artifact_type:
AND `validation_status` = :validation_status:
 LIMIT 1', [...], false)
 4 APPPATH\Controllers\Fiscal\Stamping.php(21): CodeIgniter\Database\BaseBuilder->get(1)
 5 SYSTEMPATH\CodeIgniter.php(933): App\Controllers\Fiscal\Stamping->result('2')
 6 SYSTEMPATH\CodeIgniter.php(507): CodeIgniter\CodeIgniter->runController(Object(App\Controllers\Fiscal\Stamping))
 7 SYSTEMPATH\CodeIgniter.php(354): CodeIgniter\CodeIgniter->handleRequest(null, Object(Config\Cache), false)
 8 SYSTEMPATH\Boot.php(334): CodeIgniter\CodeIgniter->run()
 9 SYSTEMPATH\Boot.php(67): CodeIgniter\Boot::runCodeIgniter(Object(CodeIgniter\CodeIgniter))
10 FCPATH\index.php(75): CodeIgniter\Boot::bootWeb(Object(Config\Paths))
CRITICAL - 2026-07-24 04:17:46 --> [Caused by] mysqli_sql_exception: Table 'ikontrol_new.ikontrol_fiscal_document_binary_artifacts' doesn't exist
in SYSTEMPATH\Database\MySQLi\Connection.php on line 327.
 1 SYSTEMPATH\Database\MySQLi\Connection.php(327): mysqli->query('SELECT *
FROM `ikontrol_fiscal_document_binary_artifacts`
WHERE `fiscal_document_id` = 2
AND `artifact_type` = \'pac_pdf\'
AND `validation_status` = \'valid\'
 LIMIT 1', 0)
 2 SYSTEMPATH\Database\BaseConnection.php(738): CodeIgniter\Database\MySQLi\Connection->execute('SELECT *
FROM `ikontrol_fiscal_document_binary_artifacts`
WHERE `fiscal_document_id` = 2
AND `artifact_type` = \'pac_pdf\'
AND `validation_status` = \'valid\'
 LIMIT 1')
 3 SYSTEMPATH\Database\BaseConnection.php(652): CodeIgniter\Database\BaseConnection->simpleQuery('SELECT *
FROM `ikontrol_fiscal_document_binary_artifacts`
WHERE `fiscal_document_id` = 2
AND `artifact_type` = \'pac_pdf\'
AND `validation_status` = \'valid\'
 LIMIT 1')
 4 SYSTEMPATH\Database\BaseBuilder.php(1649): CodeIgniter\Database\BaseConnection->query('SELECT *
FROM `ikontrol_fiscal_document_binary_artifacts`
WHERE `fiscal_document_id` = :fiscal_document_id:
AND `artifact_type` = :artifact_type:
AND `validation_status` = :validation_status:
 LIMIT 1', [...], false)
 5 APPPATH\Controllers\Fiscal\Stamping.php(21): CodeIgniter\Database\BaseBuilder->get(1)
 6 SYSTEMPATH\CodeIgniter.php(933): App\Controllers\Fiscal\Stamping->result('2')
 7 SYSTEMPATH\CodeIgniter.php(507): CodeIgniter\CodeIgniter->runController(Object(App\Controllers\Fiscal\Stamping))
 8 SYSTEMPATH\CodeIgniter.php(354): CodeIgniter\CodeIgniter->handleRequest(null, Object(Config\Cache), false)
 9 SYSTEMPATH\Boot.php(334): CodeIgniter\CodeIgniter->run()
10 SYSTEMPATH\Boot.php(67): CodeIgniter\Boot::runCodeIgniter(Object(CodeIgniter\CodeIgniter))
11 FCPATH\index.php(75): CodeIgniter\Boot::bootWeb(Object(Config\Paths))
DEBUG - 2026-07-24 04:17:51 --> Session: Class initialized using 'CodeIgniter\Session\Handlers\DatabaseHandler' driver.
DEBUG - 2026-07-24 04:17:51 --> Session: Class initialized using 'CodeIgniter\Session\Handlers\DatabaseHandler' driver.
DEBUG - 2026-07-24 04:17:53 --> Session: Class initialized using 'CodeIgniter\Session\Handlers\DatabaseHandler' driver.
DEBUG - 2026-07-24 04:17:56 --> Session: Class initialized using 'CodeIgniter\Session\Handlers\DatabaseHandler' driver.
DEBUG - 2026-07-24 04:18:02 --> Session: Class initialized using 'CodeIgniter\Session\Handlers\DatabaseHandler' driver.
DEBUG - 2026-07-24 04:18:08 --> Session: Class initialized using 'CodeIgniter\Session\Handlers\DatabaseHandler' driver.
DEBUG - 2026-07-24 04:18:12 --> Session: Class initialized using 'CodeIgniter\Session\Handlers\DatabaseHandler' driver.
DEBUG - 2026-07-24 04:18:14 --> Session: Class initialized using 'CodeIgniter\Session\Handlers\DatabaseHandler' driver.
DEBUG - 2026-07-24 04:18:19 --> Session: Class initialized using 'CodeIgniter\Session\Handlers\DatabaseHandler' driver.
DEBUG - 2026-07-24 04:18:20 --> Session: Class initialized using 'CodeIgniter\Session\Handlers\DatabaseHandler' driver.
DEBUG - 2026-07-24 04:18:26 --> Session: Class initialized using 'CodeIgniter\Session\Handlers\DatabaseHandler' driver.
DEBUG - 2026-07-24 04:18:31 --> Session: Class initialized using 'CodeIgniter\Session\Handlers\DatabaseHandler' driver.
DEBUG - 2026-07-24 04:18:32 --> Session: Class initialized using 'CodeIgniter\Session\Handlers\DatabaseHandler' driver.
DEBUG - 2026-07-24 04:18:34 --> Session: Class initialized using 'CodeIgniter\Session\Handlers\DatabaseHandler' driver.
DEBUG - 2026-07-24 04:18:35 --> Session: Class initialized using 'CodeIgniter\Session\Handlers\DatabaseHandler' driver.
DEBUG - 2026-07-24 04:18:35 --> Session: Class initialized using 'CodeIgniter\Session\Handlers\DatabaseHandler' driver.
DEBUG - 2026-07-24 04:18:36 --> Session: Class initialized using 'CodeIgniter\Session\Handlers\DatabaseHandler' driver.
DEBUG - 2026-07-24 04:18:41 --> Session: Class initialized using 'CodeIgniter\Session\Handlers\DatabaseHandler' driver.
DEBUG - 2026-07-24 04:18:41 --> Session: Class initialized using 'CodeIgniter\Session\Handlers\DatabaseHandler' driver.
DEBUG - 2026-07-24 04:18:42 --> Session: Class initialized using 'CodeIgniter\Session\Handlers\DatabaseHandler' driver.
DEBUG - 2026-07-24 04:18:42 --> Session: Class initialized using 'CodeIgniter\Session\Handlers\DatabaseHandler' driver.
DEBUG - 2026-07-24 04:18:42 --> Session: Class initialized using 'CodeIgniter\Session\Handlers\DatabaseHandler' driver.
DEBUG - 2026-07-24 04:18:42 --> Invoice list filters user=1 type=- status=- start=2026-07-01 end=2026-07-31 currency=- own_creator=0 own_client=0
DEBUG - 2026-07-24 04:18:44 --> Session: Class initialized using 'CodeIgniter\Session\Handlers\DatabaseHandler' driver.
DEBUG - 2026-07-24 04:18:46 --> Session: Class initialized using 'CodeIgniter\Session\Handlers\DatabaseHandler' driver.
DEBUG - 2026-07-24 04:18:50 --> Session: Class initialized using 'CodeIgniter\Session\Handlers\DatabaseHandler' driver.
DEBUG - 2026-07-24 04:18:52 --> Session: Class initialized using 'CodeIgniter\Session\Handlers\DatabaseHandler' driver.
DEBUG - 2026-07-24 04:18:52 --> Session: Class initialized using 'CodeIgniter\Session\Handlers\DatabaseHandler' driver.
DEBUG - 2026-07-24 04:18:56 --> Session: Class initialized using 'CodeIgniter\Session\Handlers\DatabaseHandler' driver.
DEBUG - 2026-07-24 04:18:57 --> Session: Class initialized using 'CodeIgniter\Session\Handlers\DatabaseHandler' driver.
DEBUG - 2026-07-24 04:19:00 --> Session: Class initialized using 'CodeIgniter\Session\Handlers\DatabaseHandler' driver.
DEBUG - 2026-07-24 04:19:00 --> Session: Class initialized using 'CodeIgniter\Session\Handlers\DatabaseHandler' driver.
DEBUG - 2026-07-24 04:19:01 --> Session: Class initialized using 'CodeIgniter\Session\Handlers\DatabaseHandler' driver.
DEBUG - 2026-07-24 04:19:01 --> Session: Class initialized using 'CodeIgniter\Session\Handlers\DatabaseHandler' driver.
DEBUG - 2026-07-24 04:19:01 --> Invoice list filters user=1 type=- status=- start=2026-07-01 end=2026-07-31 currency=- own_creator=0 own_client=0
DEBUG - 2026-07-24 04:19:02 --> Session: Class initialized using 'CodeIgniter\Session\Handlers\DatabaseHandler' driver.
DEBUG - 2026-07-24 04:19:04 --> Session: Class initialized using 'CodeIgniter\Session\Handlers\DatabaseHandler' driver.
DEBUG - 2026-07-24 04:19:06 --> Session: Class initialized using 'CodeIgniter\Session\Handlers\DatabaseHandler' driver.
DEBUG - 2026-07-24 04:19:10 --> Session: Class initialized using 'CodeIgniter\Session\Handlers\DatabaseHandler' driver.
DEBUG - 2026-07-24 04:19:11 --> Session: Class initialized using 'CodeIgniter\Session\Handlers\DatabaseHandler' driver.
DEBUG - 2026-07-24 04:19:11 --> Session: Class initialized using 'CodeIgniter\Session\Handlers\DatabaseHandler' driver.
DEBUG - 2026-07-24 04:19:12 --> Session: Class initialized using 'CodeIgniter\Session\Handlers\DatabaseHandler' driver.
DEBUG - 2026-07-24 04:19:12 --> Session: Class initialized using 'CodeIgniter\Session\Handlers\DatabaseHandler' driver.
DEBUG - 2026-07-24 04:19:12 --> Session: Class initialized using 'CodeIgniter\Session\Handlers\DatabaseHandler' driver.
DEBUG - 2026-07-24 04:19:12 --> Invoice list filters user=1 type=- status=- start=2026-07-01 end=2026-07-31 currency=- own_creator=0 own_client=0
DEBUG - 2026-07-24 04:19:14 --> Session: Class initialized using 'CodeIgniter\Session\Handlers\DatabaseHandler' driver.
DEBUG - 2026-07-24 04:19:15 --> Session: Class initialized using 'CodeIgniter\Session\Handlers\DatabaseHandler' driver.
DEBUG - 2026-07-24 04:19:18 --> Session: Class initialized using 'CodeIgniter\Session\Handlers\DatabaseHandler' driver.
DEBUG - 2026-07-24 04:19:22 --> Session: Class initialized using 'CodeIgniter\Session\Handlers\DatabaseHandler' driver.
DEBUG - 2026-07-24 04:19:22 --> Session: Class initialized using 'CodeIgniter\Session\Handlers\DatabaseHandler' driver.
DEBUG - 2026-07-24 04:19:27 --> Session: Class initialized using 'CodeIgniter\Session\Handlers\DatabaseHandler' driver.
DEBUG - 2026-07-24 04:19:32 --> Session: Class initialized using 'CodeIgniter\Session\Handlers\DatabaseHandler' driver.
DEBUG - 2026-07-24 04:19:34 --> Session: Class initialized using 'CodeIgniter\Session\Handlers\DatabaseHandler' driver.
DEBUG - 2026-07-24 04:19:36 --> Session: Class initialized using 'CodeIgniter\Session\Handlers\DatabaseHandler' driver.
DEBUG - 2026-07-24 04:19:38 --> Session: Class initialized using 'CodeIgniter\Session\Handlers\DatabaseHandler' driver.
DEBUG - 2026-07-24 04:19:41 --> Session: Class initialized using 'CodeIgniter\Session\Handlers\DatabaseHandler' driver.
DEBUG - 2026-07-24 04:19:42 --> Session: Class initialized using 'CodeIgniter\Session\Handlers\DatabaseHandler' driver.
DEBUG - 2026-07-24 04:19:43 --> Session: Class initialized using 'CodeIgniter\Session\Handlers\DatabaseHandler' driver.
DEBUG - 2026-07-24 04:19:49 --> Session: Class initialized using 'CodeIgniter\Session\Handlers\DatabaseHandler' driver.
DEBUG - 2026-07-24 04:19:52 --> Session: Class initialized using 'CodeIgniter\Session\Handlers\DatabaseHandler' driver.
DEBUG - 2026-07-24 04:19:55 --> Session: Class initialized using 'CodeIgniter\Session\Handlers\DatabaseHandler' driver.
DEBUG - 2026-07-24 04:20:01 --> Session: Class initialized using 'CodeIgniter\Session\Handlers\DatabaseHandler' driver.
DEBUG - 2026-07-24 04:20:07 --> Session: Class initialized using 'CodeIgniter\Session\Handlers\DatabaseHandler' driver.
DEBUG - 2026-07-24 04:20:13 --> Session: Class initialized using 'CodeIgniter\Session\Handlers\DatabaseHandler' driver.
DEBUG - 2026-07-24 04:20:18 --> Session: Class initialized using 'CodeIgniter\Session\Handlers\DatabaseHandler' driver.
DEBUG - 2026-07-24 04:20:23 --> Session: Class initialized using 'CodeIgniter\Session\Handlers\DatabaseHandler' driver.
DEBUG - 2026-07-24 04:20:24 --> Session: Class initialized using 'CodeIgniter\Session\Handlers\DatabaseHandler' driver.
DEBUG - 2026-07-24 04:20:29 --> Session: Class initialized using 'CodeIgniter\Session\Handlers\DatabaseHandler' driver.
DEBUG - 2026-07-24 04:20:34 --> Session: Class initialized using 'CodeIgniter\Session\Handlers\DatabaseHandler' driver.
DEBUG - 2026-07-24 04:20:40 --> Session: Class initialized using 'CodeIgniter\Session\Handlers\DatabaseHandler' driver.
DEBUG - 2026-07-24 04:20:46 --> Session: Class initialized using 'CodeIgniter\Session\Handlers\DatabaseHandler' driver.
DEBUG - 2026-07-24 04:20:51 --> Session: Class initialized using 'CodeIgniter\Session\Handlers\DatabaseHandler' driver.
DEBUG - 2026-07-24 04:20:56 --> Session: Class initialized using 'CodeIgniter\Session\Handlers\DatabaseHandler' driver.
DEBUG - 2026-07-24 04:20:59 --> Session: Class initialized using 'CodeIgniter\Session\Handlers\DatabaseHandler' driver.
DEBUG - 2026-07-24 04:21:00 --> Session: Class initialized using 'CodeIgniter\Session\Handlers\DatabaseHandler' driver.
DEBUG - 2026-07-24 04:21:00 --> Session: Class initialized using 'CodeIgniter\Session\Handlers\DatabaseHandler' driver.
DEBUG - 2026-07-24 04:21:02 --> Session: Class initialized using 'CodeIgniter\Session\Handlers\DatabaseHandler' driver.
DEBUG - 2026-07-24 04:21:04 --> Session: Class initialized using 'CodeIgniter\Session\Handlers\DatabaseHandler' driver.
DEBUG - 2026-07-24 04:21:07 --> Session: Class initialized using 'CodeIgniter\Session\Handlers\DatabaseHandler' driver.
DEBUG - 2026-07-24 04:21:09 --> Session: Class initialized using 'CodeIgniter\Session\Handlers\DatabaseHandler' driver.
DEBUG - 2026-07-24 04:21:15 --> Session: Class initialized using 'CodeIgniter\Session\Handlers\DatabaseHandler' driver.
DEBUG - 2026-07-24 04:21:16 --> Session: Class initialized using 'CodeIgniter\Session\Handlers\DatabaseHandler' driver.
DEBUG - 2026-07-24 04:21:16 --> Session: Class initialized using 'CodeIgniter\Session\Handlers\DatabaseHandler' driver.
DEBUG - 2026-07-24 04:21:17 --> Session: Class initialized using 'CodeIgniter\Session\Handlers\DatabaseHandler' driver.
DEBUG - 2026-07-24 04:21:18 --> Session: Class initialized using 'CodeIgniter\Session\Handlers\DatabaseHandler' driver.
DEBUG - 2026-07-24 04:21:26 --> Session: Class initialized using 'CodeIgniter\Session\Handlers\DatabaseHandler' driver.
DEBUG - 2026-07-24 04:21:26 --> Session: Class initialized using 'CodeIgniter\Session\Handlers\DatabaseHandler' driver.
DEBUG - 2026-07-24 04:21:31 --> Session: Class initialized using 'CodeIgniter\Session\Handlers\DatabaseHandler' driver.
DEBUG - 2026-07-24 04:21:37 --> Session: Class initialized using 'CodeIgniter\Session\Handlers\DatabaseHandler' driver.
DEBUG - 2026-07-24 04:21:42 --> Session: Class initialized using 'CodeIgniter\Session\Handlers\DatabaseHandler' driver.
DEBUG - 2026-07-24 04:21:46 --> Session: Class initialized using 'CodeIgniter\Session\Handlers\DatabaseHandler' driver.
DEBUG - 2026-07-24 04:21:48 --> Session: Class initialized using 'CodeIgniter\Session\Handlers\DatabaseHandler' driver.
DEBUG - 2026-07-24 04:21:53 --> Session: Class initialized using 'CodeIgniter\Session\Handlers\DatabaseHandler' driver.
DEBUG - 2026-07-24 04:21:58 --> Session: Class initialized using 'CodeIgniter\Session\Handlers\DatabaseHandler' driver.
DEBUG - 2026-07-24 04:21:59 --> Session: Class initialized using 'CodeIgniter\Session\Handlers\DatabaseHandler' driver.
DEBUG - 2026-07-24 04:21:59 --> Session: Class initialized using 'CodeIgniter\Session\Handlers\DatabaseHandler' driver.
DEBUG - 2026-07-24 04:22:00 --> Session: Class initialized using 'CodeIgniter\Session\Handlers\DatabaseHandler' driver.
DEBUG - 2026-07-24 04:22:00 --> Session: Class initialized using 'CodeIgniter\Session\Handlers\DatabaseHandler' driver.
DEBUG - 2026-07-24 04:22:01 --> Session: Class initialized using 'CodeIgniter\Session\Handlers\DatabaseHandler' driver.
DEBUG - 2026-07-24 04:22:10 --> Session: Class initialized using 'CodeIgniter\Session\Handlers\DatabaseHandler' driver.
DEBUG - 2026-07-24 04:22:10 --> Session: Class initialized using 'CodeIgniter\Session\Handlers\DatabaseHandler' driver.
DEBUG - 2026-07-24 04:22:15 --> Session: Class initialized using 'CodeIgniter\Session\Handlers\DatabaseHandler' driver.
DEBUG - 2026-07-24 04:22:15 --> Session: Class initialized using 'CodeIgniter\Session\Handlers\DatabaseHandler' driver.
DEBUG - 2026-07-24 04:22:15 --> Session: Class initialized using 'CodeIgniter\Session\Handlers\DatabaseHandler' driver.
DEBUG - 2026-07-24 04:22:15 --> Invoice list filters user=1 type=- status=- start=2026-07-01 end=2026-07-31 currency=- own_creator=0 own_client=0
DEBUG - 2026-07-24 04:22:17 --> Session: Class initialized using 'CodeIgniter\Session\Handlers\DatabaseHandler' driver.
DEBUG - 2026-07-24 04:22:18 --> Session: Class initialized using 'CodeIgniter\Session\Handlers\DatabaseHandler' driver.
DEBUG - 2026-07-24 04:22:21 --> Session: Class initialized using 'CodeIgniter\Session\Handlers\DatabaseHandler' driver.
DEBUG - 2026-07-24 04:22:23 --> Session: Class initialized using 'CodeIgniter\Session\Handlers\DatabaseHandler' driver.
DEBUG - 2026-07-24 04:22:25 --> Session: Class initialized using 'CodeIgniter\Session\Handlers\DatabaseHandler' driver.
DEBUG - 2026-07-24 04:22:25 --> Session: Class initialized using 'CodeIgniter\Session\Handlers\DatabaseHandler' driver.
DEBUG - 2026-07-24 04:22:27 --> Session: Class initialized using 'CodeIgniter\Session\Handlers\DatabaseHandler' driver.
DEBUG - 2026-07-24 04:22:30 --> Session: Class initialized using 'CodeIgniter\Session\Handlers\DatabaseHandler' driver.
DEBUG - 2026-07-24 04:22:32 --> Session: Class initialized using 'CodeIgniter\Session\Handlers\DatabaseHandler' driver.
DEBUG - 2026-07-24 04:22:35 --> Session: Class initialized using 'CodeIgniter\Session\Handlers\DatabaseHandler' driver.
DEBUG - 2026-07-24 04:22:36 --> Session: Class initialized using 'CodeIgniter\Session\Handlers\DatabaseHandler' driver.
DEBUG - 2026-07-24 04:22:36 --> Session: Class initialized using 'CodeIgniter\Session\Handlers\DatabaseHandler' driver.
DEBUG - 2026-07-24 04:22:36 --> Session: Class initialized using 'CodeIgniter\Session\Handlers\DatabaseHandler' driver.
DEBUG - 2026-07-24 04:22:39 --> Session: Class initialized using 'CodeIgniter\Session\Handlers\DatabaseHandler' driver.
DEBUG - 2026-07-24 04:22:39 --> Session: Class initialized using 'CodeIgniter\Session\Handlers\DatabaseHandler' driver.
DEBUG - 2026-07-24 04:22:39 --> Session: Class initialized using 'CodeIgniter\Session\Handlers\DatabaseHandler' driver.
DEBUG - 2026-07-24 04:22:39 --> Session: Class initialized using 'CodeIgniter\Session\Handlers\DatabaseHandler' driver.
DEBUG - 2026-07-24 04:22:39 --> Invoice list filters user=1 type=- status=- start=2026-07-01 end=2026-07-31 currency=- own_creator=0 own_client=0
DEBUG - 2026-07-24 04:22:41 --> Session: Class initialized using 'CodeIgniter\Session\Handlers\DatabaseHandler' driver.
DEBUG - 2026-07-24 04:22:42 --> Session: Class initialized using 'CodeIgniter\Session\Handlers\DatabaseHandler' driver.
DEBUG - 2026-07-24 04:22:44 --> Session: Class initialized using 'CodeIgniter\Session\Handlers\DatabaseHandler' driver.
DEBUG - 2026-07-24 04:22:49 --> Session: Class initialized using 'CodeIgniter\Session\Handlers\DatabaseHandler' driver.
DEBUG - 2026-07-24 04:22:49 --> Session: Class initialized using 'CodeIgniter\Session\Handlers\DatabaseHandler' driver.
DEBUG - 2026-07-24 04:22:54 --> Session: Class initialized using 'CodeIgniter\Session\Handlers\DatabaseHandler' driver.
DEBUG - 2026-07-24 04:22:57 --> Session: Class initialized using 'CodeIgniter\Session\Handlers\DatabaseHandler' driver.
DEBUG - 2026-07-24 04:22:57 --> Session: Class initialized using 'CodeIgniter\Session\Handlers\DatabaseHandler' driver.
DEBUG - 2026-07-24 04:22:58 --> Session: Class initialized using 'CodeIgniter\Session\Handlers\DatabaseHandler' driver.
DEBUG - 2026-07-24 04:22:58 --> Session: Class initialized using 'CodeIgniter\Session\Handlers\DatabaseHandler' driver.
DEBUG - 2026-07-24 04:22:58 --> Invoice list filters user=1 type=- status=- start=2026-07-01 end=2026-07-31 currency=- own_creator=0 own_client=0
DEBUG - 2026-07-24 04:22:59 --> Session: Class initialized using 'CodeIgniter\Session\Handlers\DatabaseHandler' driver.
DEBUG - 2026-07-24 04:23:00 --> Session: Class initialized using 'CodeIgniter\Session\Handlers\DatabaseHandler' driver.
DEBUG - 2026-07-24 04:23:02 --> Session: Class initialized using 'CodeIgniter\Session\Handlers\DatabaseHandler' driver.
DEBUG - 2026-07-24 04:23:04 --> Session: Class initialized using 'CodeIgniter\Session\Handlers\DatabaseHandler' driver.
DEBUG - 2026-07-24 04:23:05 --> Session: Class initialized using 'CodeIgniter\Session\Handlers\DatabaseHandler' driver.
DEBUG - 2026-07-24 04:23:05 --> Session: Class initialized using 'CodeIgniter\Session\Handlers\DatabaseHandler' driver.
DEBUG - 2026-07-24 04:23:05 --> Session: Class initialized using 'CodeIgniter\Session\Handlers\DatabaseHandler' driver.
DEBUG - 2026-07-24 04:23:05 --> Invoice list filters user=1 type=- status=- start=2026-07-01 end=2026-07-31 currency=- own_creator=0 own_client=0
DEBUG - 2026-07-24 04:23:07 --> Session: Class initialized using 'CodeIgniter\Session\Handlers\DatabaseHandler' driver.
DEBUG - 2026-07-24 04:23:07 --> Session: Class initialized using 'CodeIgniter\Session\Handlers\DatabaseHandler' driver.
DEBUG - 2026-07-24 04:23:10 --> Session: Class initialized using 'CodeIgniter\Session\Handlers\DatabaseHandler' driver.
DEBUG - 2026-07-24 04:23:15 --> Session: Class initialized using 'CodeIgniter\Session\Handlers\DatabaseHandler' driver.
DEBUG - 2026-07-24 04:23:15 --> Session: Class initialized using 'CodeIgniter\Session\Handlers\DatabaseHandler' driver.
DEBUG - 2026-07-24 04:23:20 --> Session: Class initialized using 'CodeIgniter\Session\Handlers\DatabaseHandler' driver.
DEBUG - 2026-07-24 04:23:26 --> Session: Class initialized using 'CodeIgniter\Session\Handlers\DatabaseHandler' driver.
DEBUG - 2026-07-24 04:23:26 --> Session: Class initialized using 'CodeIgniter\Session\Handlers\DatabaseHandler' driver.
DEBUG - 2026-07-24 04:23:27 --> Session: Class initialized using 'CodeIgniter\Session\Handlers\DatabaseHandler' driver.
DEBUG - 2026-07-24 04:23:31 --> Session: Class initialized using 'CodeIgniter\Session\Handlers\DatabaseHandler' driver.
DEBUG - 2026-07-24 04:23:35 --> Session: Class initialized using 'CodeIgniter\Session\Handlers\DatabaseHandler' driver.
DEBUG - 2026-07-24 04:23:36 --> Session: Class initialized using 'CodeIgniter\Session\Handlers\DatabaseHandler' driver.
DEBUG - 2026-07-24 04:23:38 --> Session: Class initialized using 'CodeIgniter\Session\Handlers\DatabaseHandler' driver.
DEBUG - 2026-07-24 04:23:44 --> Session: Class initialized using 'CodeIgniter\Session\Handlers\DatabaseHandler' driver.
DEBUG - 2026-07-24 04:23:46 --> Session: Class initialized using 'CodeIgniter\Session\Handlers\DatabaseHandler' driver.
DEBUG - 2026-07-24 04:23:50 --> Session: Class initialized using 'CodeIgniter\Session\Handlers\DatabaseHandler' driver.
DEBUG - 2026-07-24 04:23:56 --> Session: Class initialized using 'CodeIgniter\Session\Handlers\DatabaseHandler' driver.
DEBUG - 2026-07-24 04:24:02 --> Session: Class initialized using 'CodeIgniter\Session\Handlers\DatabaseHandler' driver.
DEBUG - 2026-07-24 04:24:07 --> Session: Class initialized using 'CodeIgniter\Session\Handlers\DatabaseHandler' driver.
DEBUG - 2026-07-24 04:24:07 --> Session: Class initialized using 'CodeIgniter\Session\Handlers\DatabaseHandler' driver.
DEBUG - 2026-07-24 04:24:07 --> Session: Class initialized using 'CodeIgniter\Session\Handlers\DatabaseHandler' driver.
DEBUG - 2026-07-24 04:24:08 --> Session: Class initialized using 'CodeIgniter\Session\Handlers\DatabaseHandler' driver.
DEBUG - 2026-07-24 04:24:08 --> Session: Class initialized using 'CodeIgniter\Session\Handlers\DatabaseHandler' driver.
DEBUG - 2026-07-24 04:24:09 --> Session: Class initialized using 'CodeIgniter\Session\Handlers\DatabaseHandler' driver.
DEBUG - 2026-07-24 04:24:11 --> Session: Class initialized using 'CodeIgniter\Session\Handlers\DatabaseHandler' driver.
DEBUG - 2026-07-24 04:24:11 --> Session: Class initialized using 'CodeIgniter\Session\Handlers\DatabaseHandler' driver.
DEBUG - 2026-07-24 04:24:11 --> Session: Class initialized using 'CodeIgniter\Session\Handlers\DatabaseHandler' driver.
DEBUG - 2026-07-24 04:24:12 --> Session: Class initialized using 'CodeIgniter\Session\Handlers\DatabaseHandler' driver.
DEBUG - 2026-07-24 04:24:12 --> Session: Class initialized using 'CodeIgniter\Session\Handlers\DatabaseHandler' driver.
DEBUG - 2026-07-24 04:24:12 --> Session: Class initialized using 'CodeIgniter\Session\Handlers\DatabaseHandler' driver.
DEBUG - 2026-07-24 04:24:12 --> Session: Class initialized using 'CodeIgniter\Session\Handlers\DatabaseHandler' driver.
DEBUG - 2026-07-24 04:24:12 --> Session: Class initialized using 'CodeIgniter\Session\Handlers\DatabaseHandler' driver.
DEBUG - 2026-07-24 04:24:12 --> Session: Class initialized using 'CodeIgniter\Session\Handlers\DatabaseHandler' driver.
DEBUG - 2026-07-24 04:24:12 --> Session: Class initialized using 'CodeIgniter\Session\Handlers\DatabaseHandler' driver.
DEBUG - 2026-07-24 04:24:13 --> Session: Class initialized using 'CodeIgniter\Session\Handlers\DatabaseHandler' driver.
DEBUG - 2026-07-24 04:24:13 --> Session: Class initialized using 'CodeIgniter\Session\Handlers\DatabaseHandler' driver.
DEBUG - 2026-07-24 04:24:14 --> Session: Class initialized using 'CodeIgniter\Session\Handlers\DatabaseHandler' driver.
DEBUG - 2026-07-24 04:24:14 --> Session: Class initialized using 'CodeIgniter\Session\Handlers\DatabaseHandler' driver.
DEBUG - 2026-07-24 04:24:15 --> Session: Class initialized using 'CodeIgniter\Session\Handlers\DatabaseHandler' driver.
DEBUG - 2026-07-24 04:24:22 --> Session: Class initialized using 'CodeIgniter\Session\Handlers\DatabaseHandler' driver.
DEBUG - 2026-07-24 04:24:23 --> Session: Class initialized using 'CodeIgniter\Session\Handlers\DatabaseHandler' driver.
DEBUG - 2026-07-24 04:24:28 --> Session: Class initialized using 'CodeIgniter\Session\Handlers\DatabaseHandler' driver.
DEBUG - 2026-07-24 04:24:34 --> Session: Class initialized using 'CodeIgniter\Session\Handlers\DatabaseHandler' driver.
DEBUG - 2026-07-24 04:24:40 --> Session: Class initialized using 'CodeIgniter\Session\Handlers\DatabaseHandler' driver.
DEBUG - 2026-07-24 04:24:42 --> Session: Class initialized using 'CodeIgniter\Session\Handlers\DatabaseHandler' driver.
DEBUG - 2026-07-24 04:24:46 --> Session: Class initialized using 'CodeIgniter\Session\Handlers\DatabaseHandler' driver.
DEBUG - 2026-07-24 04:24:51 --> Session: Class initialized using 'CodeIgniter\Session\Handlers\DatabaseHandler' driver.
DEBUG - 2026-07-24 04:24:56 --> Session: Class initialized using 'CodeIgniter\Session\Handlers\DatabaseHandler' driver.
DEBUG - 2026-07-24 04:25:01 --> Session: Class initialized using 'CodeIgniter\Session\Handlers\DatabaseHandler' driver.
DEBUG - 2026-07-24 04:25:07 --> Session: Class initialized using 'CodeIgniter\Session\Handlers\DatabaseHandler' driver.
DEBUG - 2026-07-24 04:25:12 --> Session: Class initialized using 'CodeIgniter\Session\Handlers\DatabaseHandler' driver.
DEBUG - 2026-07-24 04:25:17 --> Session: Class initialized using 'CodeIgniter\Session\Handlers\DatabaseHandler' driver.
DEBUG - 2026-07-24 04:25:23 --> Session: Class initialized using 'CodeIgniter\Session\Handlers\DatabaseHandler' driver.
DEBUG - 2026-07-24 04:25:23 --> Session: Class initialized using 'CodeIgniter\Session\Handlers\DatabaseHandler' driver.
DEBUG - 2026-07-24 04:25:28 --> Session: Class initialized using 'CodeIgniter\Session\Handlers\DatabaseHandler' driver.
DEBUG - 2026-07-24 04:25:33 --> Session: Class initialized using 'CodeIgniter\Session\Handlers\DatabaseHandler' driver.
DEBUG - 2026-07-24 04:25:35 --> Session: Class initialized using 'CodeIgniter\Session\Handlers\DatabaseHandler' driver.
DEBUG - 2026-07-24 04:25:36 --> Session: Class initialized using 'CodeIgniter\Session\Handlers\DatabaseHandler' driver.
DEBUG - 2026-07-24 04:25:36 --> Session: Class initialized using 'CodeIgniter\Session\Handlers\DatabaseHandler' driver.
DEBUG - 2026-07-24 04:25:36 --> Session: Class initialized using 'CodeIgniter\Session\Handlers\DatabaseHandler' driver.
DEBUG - 2026-07-24 04:25:37 --> Session: Class initialized using 'CodeIgniter\Session\Handlers\DatabaseHandler' driver.
DEBUG - 2026-07-24 04:25:37 --> Session: Class initialized using 'CodeIgniter\Session\Handlers\DatabaseHandler' driver.
DEBUG - 2026-07-24 04:25:37 --> Session: Class initialized using 'CodeIgniter\Session\Handlers\DatabaseHandler' driver.
DEBUG - 2026-07-24 04:25:37 --> Session: Class initialized using 'CodeIgniter\Session\Handlers\DatabaseHandler' driver.
DEBUG - 2026-07-24 04:25:37 --> Session: Class initialized using 'CodeIgniter\Session\Handlers\DatabaseHandler' driver.
DEBUG - 2026-07-24 04:25:37 --> Session: Class initialized using 'CodeIgniter\Session\Handlers\DatabaseHandler' driver.
DEBUG - 2026-07-24 04:25:37 --> Session: Class initialized using 'CodeIgniter\Session\Handlers\DatabaseHandler' driver.
DEBUG - 2026-07-24 04:25:39 --> Session: Class initialized using 'CodeIgniter\Session\Handlers\DatabaseHandler' driver.
DEBUG - 2026-07-24 04:25:39 --> Session: Class initialized using 'CodeIgniter\Session\Handlers\DatabaseHandler' driver.
DEBUG - 2026-07-24 04:25:44 --> Session: Class initialized using 'CodeIgniter\Session\Handlers\DatabaseHandler' driver.
DEBUG - 2026-07-24 04:25:44 --> Session: Class initialized using 'CodeIgniter\Session\Handlers\DatabaseHandler' driver.
DEBUG - 2026-07-24 04:25:44 --> Session: Class initialized using 'CodeIgniter\Session\Handlers\DatabaseHandler' driver.
DEBUG - 2026-07-24 04:25:44 --> Invoice list filters user=1 type=- status=- start=2026-07-01 end=2026-07-31 currency=- own_creator=0 own_client=0
DEBUG - 2026-07-24 04:25:46 --> Session: Class initialized using 'CodeIgniter\Session\Handlers\DatabaseHandler' driver.
DEBUG - 2026-07-24 04:25:47 --> Session: Class initialized using 'CodeIgniter\Session\Handlers\DatabaseHandler' driver.
DEBUG - 2026-07-24 04:25:52 --> Session: Class initialized using 'CodeIgniter\Session\Handlers\DatabaseHandler' driver.
DEBUG - 2026-07-24 04:25:52 --> Session: Class initialized using 'CodeIgniter\Session\Handlers\DatabaseHandler' driver.
DEBUG - 2026-07-24 04:25:52 --> Session: Class initialized using 'CodeIgniter\Session\Handlers\DatabaseHandler' driver.
DEBUG - 2026-07-24 04:25:52 --> Session: Class initialized using 'CodeIgniter\Session\Handlers\DatabaseHandler' driver.
DEBUG - 2026-07-24 04:25:52 --> Invoice list filters user=1 type=- status=- start=2026-07-01 end=2026-07-31 currency=- own_creator=0 own_client=0
DEBUG - 2026-07-24 04:25:54 --> Session: Class initialized using 'CodeIgniter\Session\Handlers\DatabaseHandler' driver.
DEBUG - 2026-07-24 04:25:55 --> Session: Class initialized using 'CodeIgniter\Session\Handlers\DatabaseHandler' driver.
DEBUG - 2026-07-24 04:25:58 --> Session: Class initialized using 'CodeIgniter\Session\Handlers\DatabaseHandler' driver.
DEBUG - 2026-07-24 04:25:59 --> Session: Class initialized using 'CodeIgniter\Session\Handlers\DatabaseHandler' driver.
DEBUG - 2026-07-24 04:25:59 --> Session: Class initialized using 'CodeIgniter\Session\Handlers\DatabaseHandler' driver.
DEBUG - 2026-07-24 04:26:00 --> Session: Class initialized using 'CodeIgniter\Session\Handlers\DatabaseHandler' driver.
DEBUG - 2026-07-24 04:26:00 --> Session: Class initialized using 'CodeIgniter\Session\Handlers\DatabaseHandler' driver.
DEBUG - 2026-07-24 04:26:00 --> Invoice list filters user=1 type=- status=- start=2026-07-01 end=2026-07-31 currency=- own_creator=0 own_client=0
DEBUG - 2026-07-24 04:26:01 --> Session: Class initialized using 'CodeIgniter\Session\Handlers\DatabaseHandler' driver.
DEBUG - 2026-07-24 04:26:03 --> Session: Class initialized using 'CodeIgniter\Session\Handlers\DatabaseHandler' driver.
DEBUG - 2026-07-24 04:26:06 --> Session: Class initialized using 'CodeIgniter\Session\Handlers\DatabaseHandler' driver.
DEBUG - 2026-07-24 04:26:07 --> Session: Class initialized using 'CodeIgniter\Session\Handlers\DatabaseHandler' driver.
DEBUG - 2026-07-24 04:26:08 --> Session: Class initialized using 'CodeIgniter\Session\Handlers\DatabaseHandler' driver.
DEBUG - 2026-07-24 04:26:09 --> Session: Class initialized using 'CodeIgniter\Session\Handlers\DatabaseHandler' driver.
DEBUG - 2026-07-24 04:26:09 --> Invoice list filters user=1 type=- status=- start=2026-07-01 end=2026-07-31 currency=- own_creator=0 own_client=0
DEBUG - 2026-07-24 04:26:09 --> Session: Class initialized using 'CodeIgniter\Session\Handlers\DatabaseHandler' driver.
DEBUG - 2026-07-24 04:26:10 --> Session: Class initialized using 'CodeIgniter\Session\Handlers\DatabaseHandler' driver.
DEBUG - 2026-07-24 04:26:13 --> Session: Class initialized using 'CodeIgniter\Session\Handlers\DatabaseHandler' driver.
DEBUG - 2026-07-24 04:26:18 --> Session: Class initialized using 'CodeIgniter\Session\Handlers\DatabaseHandler' driver.
DEBUG - 2026-07-24 04:26:19 --> Session: Class initialized using 'CodeIgniter\Session\Handlers\DatabaseHandler' driver.
DEBUG - 2026-07-24 04:26:19 --> Session: Class initialized using 'CodeIgniter\Session\Handlers\DatabaseHandler' driver.
DEBUG - 2026-07-24 04:26:24 --> Session: Class initialized using 'CodeIgniter\Session\Handlers\DatabaseHandler' driver.
DEBUG - 2026-07-24 04:26:29 --> Session: Class initialized using 'CodeIgniter\Session\Handlers\DatabaseHandler' driver.
DEBUG - 2026-07-24 04:26:34 --> Session: Class initialized using 'CodeIgniter\Session\Handlers\DatabaseHandler' driver.
DEBUG - 2026-07-24 04:26:35 --> Session: Class initialized using 'CodeIgniter\Session\Handlers\DatabaseHandler' driver.
DEBUG - 2026-07-24 04:26:35 --> Session: Class initialized using 'CodeIgniter\Session\Handlers\DatabaseHandler' driver.
DEBUG - 2026-07-24 04:26:39 --> Session: Class initialized using 'CodeIgniter\Session\Handlers\DatabaseHandler' driver.
DEBUG - 2026-07-24 04:26:40 --> Session: Class initialized using 'CodeIgniter\Session\Handlers\DatabaseHandler' driver.
DEBUG - 2026-07-24 04:26:43 --> Session: Class initialized using 'CodeIgniter\Session\Handlers\DatabaseHandler' driver.
DEBUG - 2026-07-24 04:26:49 --> Session: Class initialized using 'CodeIgniter\Session\Handlers\DatabaseHandler' driver.
DEBUG - 2026-07-24 04:26:51 --> Session: Class initialized using 'CodeIgniter\Session\Handlers\DatabaseHandler' driver.
DEBUG - 2026-07-24 04:26:55 --> Session: Class initialized using 'CodeIgniter\Session\Handlers\DatabaseHandler' driver.
DEBUG - 2026-07-24 04:27:00 --> Session: Class initialized using 'CodeIgniter\Session\Handlers\DatabaseHandler' driver.
DEBUG - 2026-07-24 04:27:05 --> Session: Class initialized using 'CodeIgniter\Session\Handlers\DatabaseHandler' driver.
DEBUG - 2026-07-24 04:27:05 --> Session: Class initialized using 'CodeIgniter\Session\Handlers\DatabaseHandler' driver.
DEBUG - 2026-07-24 04:27:10 --> Session: Class initialized using 'CodeIgniter\Session\Handlers\DatabaseHandler' driver.
DEBUG - 2026-07-24 04:27:12 --> Session: Class initialized using 'CodeIgniter\Session\Handlers\DatabaseHandler' driver.
DEBUG - 2026-07-24 04:27:13 --> Session: Class initialized using 'CodeIgniter\Session\Handlers\DatabaseHandler' driver.
DEBUG - 2026-07-24 04:27:13 --> Session: Class initialized using 'CodeIgniter\Session\Handlers\DatabaseHandler' driver.
DEBUG - 2026-07-24 04:27:13 --> Session: Class initialized using 'CodeIgniter\Session\Handlers\DatabaseHandler' driver.
DEBUG - 2026-07-24 04:27:13 --> Invoice list filters user=1 type=- status=- start=2026-07-01 end=2026-07-31 currency=- own_creator=0 own_client=0
DEBUG - 2026-07-24 04:27:15 --> Session: Class initialized using 'CodeIgniter\Session\Handlers\DatabaseHandler' driver.
DEBUG - 2026-07-24 04:27:17 --> Session: Class initialized using 'CodeIgniter\Session\Handlers\DatabaseHandler' driver.
DEBUG - 2026-07-24 04:27:20 --> Session: Class initialized using 'CodeIgniter\Session\Handlers\DatabaseHandler' driver.
DEBUG - 2026-07-24 04:27:23 --> Session: Class initialized using 'CodeIgniter\Session\Handlers\DatabaseHandler' driver.
DEBUG - 2026-07-24 04:27:23 --> Session: Class initialized using 'CodeIgniter\Session\Handlers\DatabaseHandler' driver.
DEBUG - 2026-07-24 04:27:28 --> Session: Class initialized using 'CodeIgniter\Session\Handlers\DatabaseHandler' driver.
DEBUG - 2026-07-24 04:27:33 --> Session: Class initialized using 'CodeIgniter\Session\Handlers\DatabaseHandler' driver.
DEBUG - 2026-07-24 04:27:39 --> Session: Class initialized using 'CodeIgniter\Session\Handlers\DatabaseHandler' driver.
DEBUG - 2026-07-24 04:27:43 --> Session: Class initialized using 'CodeIgniter\Session\Handlers\DatabaseHandler' driver.
DEBUG - 2026-07-24 04:27:44 --> Session: Class initialized using 'CodeIgniter\Session\Handlers\DatabaseHandler' driver.
DEBUG - 2026-07-24 04:27:49 --> Session: Class initialized using 'CodeIgniter\Session\Handlers\DatabaseHandler' driver.
DEBUG - 2026-07-24 04:27:54 --> Session: Class initialized using 'CodeIgniter\Session\Handlers\DatabaseHandler' driver.
DEBUG - 2026-07-24 04:27:59 --> Session: Class initialized using 'CodeIgniter\Session\Handlers\DatabaseHandler' driver.
DEBUG - 2026-07-24 04:28:05 --> Session: Class initialized using 'CodeIgniter\Session\Handlers\DatabaseHandler' driver.
DEBUG - 2026-07-24 04:28:10 --> Session: Class initialized using 'CodeIgniter\Session\Handlers\DatabaseHandler' driver.
DEBUG - 2026-07-24 04:28:15 --> Session: Class initialized using 'CodeIgniter\Session\Handlers\DatabaseHandler' driver.
DEBUG - 2026-07-24 04:28:20 --> Session: Class initialized using 'CodeIgniter\Session\Handlers\DatabaseHandler' driver.
DEBUG - 2026-07-24 04:28:24 --> Session: Class initialized using 'CodeIgniter\Session\Handlers\DatabaseHandler' driver.
DEBUG - 2026-07-24 04:28:25 --> Session: Class initialized using 'CodeIgniter\Session\Handlers\DatabaseHandler' driver.
DEBUG - 2026-07-24 04:28:30 --> Session: Class initialized using 'CodeIgniter\Session\Handlers\DatabaseHandler' driver.
DEBUG - 2026-07-24 04:28:36 --> Session: Class initialized using 'CodeIgniter\Session\Handlers\DatabaseHandler' driver.
DEBUG - 2026-07-24 04:28:41 --> Session: Class initialized using 'CodeIgniter\Session\Handlers\DatabaseHandler' driver.
DEBUG - 2026-07-24 04:28:46 --> Session: Class initialized using 'CodeIgniter\Session\Handlers\DatabaseHandler' driver.
DEBUG - 2026-07-24 04:28:51 --> Session: Class initialized using 'CodeIgniter\Session\Handlers\DatabaseHandler' driver.
DEBUG - 2026-07-24 04:28:56 --> Session: Class initialized using 'CodeIgniter\Session\Handlers\DatabaseHandler' driver.
DEBUG - 2026-07-24 04:29:01 --> Session: Class initialized using 'CodeIgniter\Session\Handlers\DatabaseHandler' driver.
DEBUG - 2026-07-24 04:29:07 --> Session: Class initialized using 'CodeIgniter\Session\Handlers\DatabaseHandler' driver.
DEBUG - 2026-07-24 04:29:12 --> Session: Class initialized using 'CodeIgniter\Session\Handlers\DatabaseHandler' driver.
DEBUG - 2026-07-24 04:29:17 --> Session: Class initialized using 'CodeIgniter\Session\Handlers\DatabaseHandler' driver.
DEBUG - 2026-07-24 04:29:22 --> Session: Class initialized using 'CodeIgniter\Session\Handlers\DatabaseHandler' driver.
DEBUG - 2026-07-24 04:29:24 --> Session: Class initialized using 'CodeIgniter\Session\Handlers\DatabaseHandler' driver.
DEBUG - 2026-07-24 04:29:27 --> Session: Class initialized using 'CodeIgniter\Session\Handlers\DatabaseHandler' driver.
DEBUG - 2026-07-24 04:29:32 --> Session: Class initialized using 'CodeIgniter\Session\Handlers\DatabaseHandler' driver.
DEBUG - 2026-07-24 04:29:38 --> Session: Class initialized using 'CodeIgniter\Session\Handlers\DatabaseHandler' driver.
DEBUG - 2026-07-24 04:29:43 --> Session: Class initialized using 'CodeIgniter\Session\Handlers\DatabaseHandler' driver.
DEBUG - 2026-07-24 04:29:48 --> Session: Class initialized using 'CodeIgniter\Session\Handlers\DatabaseHandler' driver.
DEBUG - 2026-07-24 04:29:53 --> Session: Class initialized using 'CodeIgniter\Session\Handlers\DatabaseHandler' driver.
DEBUG - 2026-07-24 04:29:58 --> Session: Class initialized using 'CodeIgniter\Session\Handlers\DatabaseHandler' driver.
DEBUG - 2026-07-24 04:30:04 --> Session: Class initialized using 'CodeIgniter\Session\Handlers\DatabaseHandler' driver.
DEBUG - 2026-07-24 04:30:09 --> Session: Class initialized using 'CodeIgniter\Session\Handlers\DatabaseHandler' driver.
DEBUG - 2026-07-24 04:30:14 --> Session: Class initialized using 'CodeIgniter\Session\Handlers\DatabaseHandler' driver.
DEBUG - 2026-07-24 04:30:19 --> Session: Class initialized using 'CodeIgniter\Session\Handlers\DatabaseHandler' driver.
DEBUG - 2026-07-24 04:30:24 --> Session: Class initialized using 'CodeIgniter\Session\Handlers\DatabaseHandler' driver.
DEBUG - 2026-07-24 04:30:24 --> Session: Class initialized using 'CodeIgniter\Session\Handlers\DatabaseHandler' driver.
DEBUG - 2026-07-24 04:30:29 --> Session: Class initialized using 'CodeIgniter\Session\Handlers\DatabaseHandler' driver.
DEBUG - 2026-07-24 04:30:35 --> Session: Class initialized using 'CodeIgniter\Session\Handlers\DatabaseHandler' driver.
DEBUG - 2026-07-24 04:30:40 --> Session: Class initialized using 'CodeIgniter\Session\Handlers\DatabaseHandler' driver.
DEBUG - 2026-07-24 04:30:45 --> Session: Class initialized using 'CodeIgniter\Session\Handlers\DatabaseHandler' driver.
DEBUG - 2026-07-24 04:30:50 --> Session: Class initialized using 'CodeIgniter\Session\Handlers\DatabaseHandler' driver.
DEBUG - 2026-07-24 04:30:55 --> Session: Class initialized using 'CodeIgniter\Session\Handlers\DatabaseHandler' driver.
DEBUG - 2026-07-24 04:31:00 --> Session: Class initialized using 'CodeIgniter\Session\Handlers\DatabaseHandler' driver.
DEBUG - 2026-07-24 04:31:06 --> Session: Class initialized using 'CodeIgniter\Session\Handlers\DatabaseHandler' driver.
DEBUG - 2026-07-24 04:31:11 --> Session: Class initialized using 'CodeIgniter\Session\Handlers\DatabaseHandler' driver.
DEBUG - 2026-07-24 04:31:16 --> Session: Class initialized using 'CodeIgniter\Session\Handlers\DatabaseHandler' driver.
DEBUG - 2026-07-24 04:31:21 --> Session: Class initialized using 'CodeIgniter\Session\Handlers\DatabaseHandler' driver.
DEBUG - 2026-07-24 04:31:24 --> Session: Class initialized using 'CodeIgniter\Session\Handlers\DatabaseHandler' driver.
DEBUG - 2026-07-24 04:31:26 --> Session: Class initialized using 'CodeIgniter\Session\Handlers\DatabaseHandler' driver.
DEBUG - 2026-07-24 04:31:32 --> Session: Class initialized using 'CodeIgniter\Session\Handlers\DatabaseHandler' driver.
DEBUG - 2026-07-24 04:31:37 --> Session: Class initialized using 'CodeIgniter\Session\Handlers\DatabaseHandler' driver.
DEBUG - 2026-07-24 04:31:42 --> Session: Class initialized using 'CodeIgniter\Session\Handlers\DatabaseHandler' driver.
DEBUG - 2026-07-24 04:31:47 --> Session: Class initialized using 'CodeIgniter\Session\Handlers\DatabaseHandler' driver.
DEBUG - 2026-07-24 04:31:52 --> Session: Class initialized using 'CodeIgniter\Session\Handlers\DatabaseHandler' driver.
DEBUG - 2026-07-24 04:31:57 --> Session: Class initialized using 'CodeIgniter\Session\Handlers\DatabaseHandler' driver.
DEBUG - 2026-07-24 04:32:03 --> Session: Class initialized using 'CodeIgniter\Session\Handlers\DatabaseHandler' driver.
DEBUG - 2026-07-24 04:32:08 --> Session: Class initialized using 'CodeIgniter\Session\Handlers\DatabaseHandler' driver.
DEBUG - 2026-07-24 04:32:13 --> Session: Class initialized using 'CodeIgniter\Session\Handlers\DatabaseHandler' driver.
DEBUG - 2026-07-24 04:32:18 --> Session: Class initialized using 'CodeIgniter\Session\Handlers\DatabaseHandler' driver.
DEBUG - 2026-07-24 04:32:23 --> Session: Class initialized using 'CodeIgniter\Session\Handlers\DatabaseHandler' driver.
DEBUG - 2026-07-24 04:32:24 --> Session: Class initialized using 'CodeIgniter\Session\Handlers\DatabaseHandler' driver.
DEBUG - 2026-07-24 04:32:28 --> Session: Class initialized using 'CodeIgniter\Session\Handlers\DatabaseHandler' driver.
DEBUG - 2026-07-24 04:32:34 --> Session: Class initialized using 'CodeIgniter\Session\Handlers\DatabaseHandler' driver.
DEBUG - 2026-07-24 04:32:39 --> Session: Class initialized using 'CodeIgniter\Session\Handlers\DatabaseHandler' driver.
DEBUG - 2026-07-24 04:32:44 --> Session: Class initialized using 'CodeIgniter\Session\Handlers\DatabaseHandler' driver.
DEBUG - 2026-07-24 04:32:49 --> Session: Class initialized using 'CodeIgniter\Session\Handlers\DatabaseHandler' driver.
DEBUG - 2026-07-24 04:32:54 --> Session: Class initialized using 'CodeIgniter\Session\Handlers\DatabaseHandler' driver.
DEBUG - 2026-07-24 04:33:00 --> Session: Class initialized using 'CodeIgniter\Session\Handlers\DatabaseHandler' driver.
DEBUG - 2026-07-24 04:33:05 --> Session: Class initialized using 'CodeIgniter\Session\Handlers\DatabaseHandler' driver.
DEBUG - 2026-07-24 04:33:10 --> Session: Class initialized using 'CodeIgniter\Session\Handlers\DatabaseHandler' driver.
DEBUG - 2026-07-24 04:33:15 --> Session: Class initialized using 'CodeIgniter\Session\Handlers\DatabaseHandler' driver.
DEBUG - 2026-07-24 04:33:20 --> Session: Class initialized using 'CodeIgniter\Session\Handlers\DatabaseHandler' driver.
DEBUG - 2026-07-24 04:33:24 --> Session: Class initialized using 'CodeIgniter\Session\Handlers\DatabaseHandler' driver.
DEBUG - 2026-07-24 04:33:25 --> Session: Class initialized using 'CodeIgniter\Session\Handlers\DatabaseHandler' driver.
DEBUG - 2026-07-24 04:33:31 --> Session: Class initialized using 'CodeIgniter\Session\Handlers\DatabaseHandler' driver.
DEBUG - 2026-07-24 04:33:36 --> Session: Class initialized using 'CodeIgniter\Session\Handlers\DatabaseHandler' driver.
DEBUG - 2026-07-24 04:33:41 --> Session: Class initialized using 'CodeIgniter\Session\Handlers\DatabaseHandler' driver.
DEBUG - 2026-07-24 04:33:46 --> Session: Class initialized using 'CodeIgniter\Session\Handlers\DatabaseHandler' driver.
DEBUG - 2026-07-24 04:33:51 --> Session: Class initialized using 'CodeIgniter\Session\Handlers\DatabaseHandler' driver.
DEBUG - 2026-07-24 04:33:56 --> Session: Class initialized using 'CodeIgniter\Session\Handlers\DatabaseHandler' driver.
DEBUG - 2026-07-24 04:34:02 --> Session: Class initialized using 'CodeIgniter\Session\Handlers\DatabaseHandler' driver.
DEBUG - 2026-07-24 04:34:07 --> Session: Class initialized using 'CodeIgniter\Session\Handlers\DatabaseHandler' driver.
DEBUG - 2026-07-24 04:34:12 --> Session: Class initialized using 'CodeIgniter\Session\Handlers\DatabaseHandler' driver.
DEBUG - 2026-07-24 04:34:17 --> Session: Class initialized using 'CodeIgniter\Session\Handlers\DatabaseHandler' driver.
DEBUG - 2026-07-24 04:34:22 --> Session: Class initialized using 'CodeIgniter\Session\Handlers\DatabaseHandler' driver.
DEBUG - 2026-07-24 04:34:25 --> Session: Class initialized using 'CodeIgniter\Session\Handlers\DatabaseHandler' driver.
DEBUG - 2026-07-24 04:34:28 --> Session: Class initialized using 'CodeIgniter\Session\Handlers\DatabaseHandler' driver.
DEBUG - 2026-07-24 04:34:33 --> Session: Class initialized using 'CodeIgniter\Session\Handlers\DatabaseHandler' driver.
DEBUG - 2026-07-24 04:34:38 --> Session: Class initialized using 'CodeIgniter\Session\Handlers\DatabaseHandler' driver.
DEBUG - 2026-07-24 04:34:43 --> Session: Class initialized using 'CodeIgniter\Session\Handlers\DatabaseHandler' driver.
DEBUG - 2026-07-24 04:34:48 --> Session: Class initialized using 'CodeIgniter\Session\Handlers\DatabaseHandler' driver.
DEBUG - 2026-07-24 04:34:53 --> Session: Class initialized using 'CodeIgniter\Session\Handlers\DatabaseHandler' driver.
DEBUG - 2026-07-24 04:34:59 --> Session: Class initialized using 'CodeIgniter\Session\Handlers\DatabaseHandler' driver.
DEBUG - 2026-07-24 04:35:04 --> Session: Class initialized using 'CodeIgniter\Session\Handlers\DatabaseHandler' driver.
DEBUG - 2026-07-24 04:35:09 --> Session: Class initialized using 'CodeIgniter\Session\Handlers\DatabaseHandler' driver.
DEBUG - 2026-07-24 04:35:14 --> Session: Class initialized using 'CodeIgniter\Session\Handlers\DatabaseHandler' driver.
DEBUG - 2026-07-24 04:35:19 --> Session: Class initialized using 'CodeIgniter\Session\Handlers\DatabaseHandler' driver.
DEBUG - 2026-07-24 04:35:25 --> Session: Class initialized using 'CodeIgniter\Session\Handlers\DatabaseHandler' driver.
DEBUG - 2026-07-24 04:35:25 --> Session: Class initialized using 'CodeIgniter\Session\Handlers\DatabaseHandler' driver.
DEBUG - 2026-07-24 04:35:30 --> Session: Class initialized using 'CodeIgniter\Session\Handlers\DatabaseHandler' driver.
DEBUG - 2026-07-24 04:35:35 --> Session: Class initialized using 'CodeIgniter\Session\Handlers\DatabaseHandler' driver.
DEBUG - 2026-07-24 04:35:40 --> Session: Class initialized using 'CodeIgniter\Session\Handlers\DatabaseHandler' driver.
DEBUG - 2026-07-24 04:35:45 --> Session: Class initialized using 'CodeIgniter\Session\Handlers\DatabaseHandler' driver.
DEBUG - 2026-07-24 04:35:50 --> Session: Class initialized using 'CodeIgniter\Session\Handlers\DatabaseHandler' driver.
DEBUG - 2026-07-24 04:35:56 --> Session: Class initialized using 'CodeIgniter\Session\Handlers\DatabaseHandler' driver.
DEBUG - 2026-07-24 04:36:01 --> Session: Class initialized using 'CodeIgniter\Session\Handlers\DatabaseHandler' driver.
DEBUG - 2026-07-24 04:36:06 --> Session: Class initialized using 'CodeIgniter\Session\Handlers\DatabaseHandler' driver.
DEBUG - 2026-07-24 04:36:11 --> Session: Class initialized using 'CodeIgniter\Session\Handlers\DatabaseHandler' driver.
DEBUG - 2026-07-24 04:36:16 --> Session: Class initialized using 'CodeIgniter\Session\Handlers\DatabaseHandler' driver.
DEBUG - 2026-07-24 04:36:21 --> Session: Class initialized using 'CodeIgniter\Session\Handlers\DatabaseHandler' driver.
DEBUG - 2026-07-24 04:36:25 --> Session: Class initialized using 'CodeIgniter\Session\Handlers\DatabaseHandler' driver.
DEBUG - 2026-07-24 04:36:27 --> Session: Class initialized using 'CodeIgniter\Session\Handlers\DatabaseHandler' driver.
DEBUG - 2026-07-24 04:36:32 --> Session: Class initialized using 'CodeIgniter\Session\Handlers\DatabaseHandler' driver.
DEBUG - 2026-07-24 04:36:37 --> Session: Class initialized using 'CodeIgniter\Session\Handlers\DatabaseHandler' driver.
DEBUG - 2026-07-24 04:36:42 --> Session: Class initialized using 'CodeIgniter\Session\Handlers\DatabaseHandler' driver.
DEBUG - 2026-07-24 04:36:47 --> Session: Class initialized using 'CodeIgniter\Session\Handlers\DatabaseHandler' driver.
DEBUG - 2026-07-24 04:36:52 --> Session: Class initialized using 'CodeIgniter\Session\Handlers\DatabaseHandler' driver.
DEBUG - 2026-07-24 04:36:58 --> Session: Class initialized using 'CodeIgniter\Session\Handlers\DatabaseHandler' driver.
DEBUG - 2026-07-24 04:37:03 --> Session: Class initialized using 'CodeIgniter\Session\Handlers\DatabaseHandler' driver.
DEBUG - 2026-07-24 04:37:08 --> Session: Class initialized using 'CodeIgniter\Session\Handlers\DatabaseHandler' driver.
DEBUG - 2026-07-24 04:37:13 --> Session: Class initialized using 'CodeIgniter\Session\Handlers\DatabaseHandler' driver.
DEBUG - 2026-07-24 04:37:18 --> Session: Class initialized using 'CodeIgniter\Session\Handlers\DatabaseHandler' driver.
DEBUG - 2026-07-24 04:37:24 --> Session: Class initialized using 'CodeIgniter\Session\Handlers\DatabaseHandler' driver.
DEBUG - 2026-07-24 04:37:25 --> Session: Class initialized using 'CodeIgniter\Session\Handlers\DatabaseHandler' driver.
DEBUG - 2026-07-24 04:37:29 --> Session: Class initialized using 'CodeIgniter\Session\Handlers\DatabaseHandler' driver.
DEBUG - 2026-07-24 04:37:34 --> Session: Class initialized using 'CodeIgniter\Session\Handlers\DatabaseHandler' driver.
DEBUG - 2026-07-24 04:37:39 --> Session: Class initialized using 'CodeIgniter\Session\Handlers\DatabaseHandler' driver.
DEBUG - 2026-07-24 04:37:44 --> Session: Class initialized using 'CodeIgniter\Session\Handlers\DatabaseHandler' driver.
DEBUG - 2026-07-24 04:37:49 --> Session: Class initialized using 'CodeIgniter\Session\Handlers\DatabaseHandler' driver.
DEBUG - 2026-07-24 04:37:55 --> Session: Class initialized using 'CodeIgniter\Session\Handlers\DatabaseHandler' driver.
DEBUG - 2026-07-24 04:38:00 --> Session: Class initialized using 'CodeIgniter\Session\Handlers\DatabaseHandler' driver.
DEBUG - 2026-07-24 04:38:05 --> Session: Class initialized using 'CodeIgniter\Session\Handlers\DatabaseHandler' driver.
DEBUG - 2026-07-24 04:38:10 --> Session: Class initialized using 'CodeIgniter\Session\Handlers\DatabaseHandler' driver.
DEBUG - 2026-07-24 04:38:15 --> Session: Class initialized using 'CodeIgniter\Session\Handlers\DatabaseHandler' driver.
DEBUG - 2026-07-24 04:38:20 --> Session: Class initialized using 'CodeIgniter\Session\Handlers\DatabaseHandler' driver.
DEBUG - 2026-07-24 04:38:25 --> Session: Class initialized using 'CodeIgniter\Session\Handlers\DatabaseHandler' driver.
DEBUG - 2026-07-24 04:38:26 --> Session: Class initialized using 'CodeIgniter\Session\Handlers\DatabaseHandler' driver.
DEBUG - 2026-07-24 04:38:31 --> Session: Class initialized using 'CodeIgniter\Session\Handlers\DatabaseHandler' driver.
DEBUG - 2026-07-24 04:38:36 --> Session: Class initialized using 'CodeIgniter\Session\Handlers\DatabaseHandler' driver.
DEBUG - 2026-07-24 04:38:41 --> Session: Class initialized using 'CodeIgniter\Session\Handlers\DatabaseHandler' driver.
DEBUG - 2026-07-24 04:38:46 --> Session: Class initialized using 'CodeIgniter\Session\Handlers\DatabaseHandler' driver.
DEBUG - 2026-07-24 04:38:52 --> Session: Class initialized using 'CodeIgniter\Session\Handlers\DatabaseHandler' driver.
DEBUG - 2026-07-24 04:38:57 --> Session: Class initialized using 'CodeIgniter\Session\Handlers\DatabaseHandler' driver.
DEBUG - 2026-07-24 04:39:02 --> Session: Class initialized using 'CodeIgniter\Session\Handlers\DatabaseHandler' driver.
DEBUG - 2026-07-24 04:39:07 --> Session: Class initialized using 'CodeIgniter\Session\Handlers\DatabaseHandler' driver.
DEBUG - 2026-07-24 04:39:12 --> Session: Class initialized using 'CodeIgniter\Session\Handlers\DatabaseHandler' driver.
DEBUG - 2026-07-24 04:39:18 --> Session: Class initialized using 'CodeIgniter\Session\Handlers\DatabaseHandler' driver.
DEBUG - 2026-07-24 04:39:23 --> Session: Class initialized using 'CodeIgniter\Session\Handlers\DatabaseHandler' driver.
DEBUG - 2026-07-24 04:39:26 --> Session: Class initialized using 'CodeIgniter\Session\Handlers\DatabaseHandler' driver.
DEBUG - 2026-07-24 04:39:28 --> Session: Class initialized using 'CodeIgniter\Session\Handlers\DatabaseHandler' driver.
DEBUG - 2026-07-24 04:39:33 --> Session: Class initialized using 'CodeIgniter\Session\Handlers\DatabaseHandler' driver.
DEBUG - 2026-07-24 04:39:38 --> Session: Class initialized using 'CodeIgniter\Session\Handlers\DatabaseHandler' driver.
DEBUG - 2026-07-24 04:39:43 --> Session: Class initialized using 'CodeIgniter\Session\Handlers\DatabaseHandler' driver.
DEBUG - 2026-07-24 04:39:49 --> Session: Class initialized using 'CodeIgniter\Session\Handlers\DatabaseHandler' driver.
DEBUG - 2026-07-24 04:39:54 --> Session: Class initialized using 'CodeIgniter\Session\Handlers\DatabaseHandler' driver.
DEBUG - 2026-07-24 04:39:59 --> Session: Class initialized using 'CodeIgniter\Session\Handlers\DatabaseHandler' driver.
DEBUG - 2026-07-24 04:40:04 --> Session: Class initialized using 'CodeIgniter\Session\Handlers\DatabaseHandler' driver.
DEBUG - 2026-07-24 04:40:09 --> Session: Class initialized using 'CodeIgniter\Session\Handlers\DatabaseHandler' driver.
DEBUG - 2026-07-24 04:40:14 --> Session: Class initialized using 'CodeIgniter\Session\Handlers\DatabaseHandler' driver.
DEBUG - 2026-07-24 04:40:20 --> Session: Class initialized using 'CodeIgniter\Session\Handlers\DatabaseHandler' driver.
DEBUG - 2026-07-24 04:40:25 --> Session: Class initialized using 'CodeIgniter\Session\Handlers\DatabaseHandler' driver.
DEBUG - 2026-07-24 04:40:26 --> Session: Class initialized using 'CodeIgniter\Session\Handlers\DatabaseHandler' driver.
DEBUG - 2026-07-24 04:40:30 --> Session: Class initialized using 'CodeIgniter\Session\Handlers\DatabaseHandler' driver.
DEBUG - 2026-07-24 04:40:35 --> Session: Class initialized using 'CodeIgniter\Session\Handlers\DatabaseHandler' driver.
DEBUG - 2026-07-24 04:40:40 --> Session: Class initialized using 'CodeIgniter\Session\Handlers\DatabaseHandler' driver.
DEBUG - 2026-07-24 04:40:46 --> Session: Class initialized using 'CodeIgniter\Session\Handlers\DatabaseHandler' driver.
DEBUG - 2026-07-24 04:40:51 --> Session: Class initialized using 'CodeIgniter\Session\Handlers\DatabaseHandler' driver.
DEBUG - 2026-07-24 04:40:56 --> Session: Class initialized using 'CodeIgniter\Session\Handlers\DatabaseHandler' driver.
DEBUG - 2026-07-24 04:41:01 --> Session: Class initialized using 'CodeIgniter\Session\Handlers\DatabaseHandler' driver.
DEBUG - 2026-07-24 04:41:06 --> Session: Class initialized using 'CodeIgniter\Session\Handlers\DatabaseHandler' driver.
DEBUG - 2026-07-24 04:41:11 --> Session: Class initialized using 'CodeIgniter\Session\Handlers\DatabaseHandler' driver.
DEBUG - 2026-07-24 04:41:17 --> Session: Class initialized using 'CodeIgniter\Session\Handlers\DatabaseHandler' driver.
DEBUG - 2026-07-24 04:41:22 --> Session: Class initialized using 'CodeIgniter\Session\Handlers\DatabaseHandler' driver.
DEBUG - 2026-07-24 04:41:26 --> Session: Class initialized using 'CodeIgniter\Session\Handlers\DatabaseHandler' driver.
DEBUG - 2026-07-24 04:41:27 --> Session: Class initialized using 'CodeIgniter\Session\Handlers\DatabaseHandler' driver.
DEBUG - 2026-07-24 04:41:32 --> Session: Class initialized using 'CodeIgniter\Session\Handlers\DatabaseHandler' driver.
DEBUG - 2026-07-24 04:41:37 --> Session: Class initialized using 'CodeIgniter\Session\Handlers\DatabaseHandler' driver.
DEBUG - 2026-07-24 04:41:43 --> Session: Class initialized using 'CodeIgniter\Session\Handlers\DatabaseHandler' driver.
DEBUG - 2026-07-24 04:41:48 --> Session: Class initialized using 'CodeIgniter\Session\Handlers\DatabaseHandler' driver.
DEBUG - 2026-07-24 04:41:53 --> Session: Class initialized using 'CodeIgniter\Session\Handlers\DatabaseHandler' driver.
DEBUG - 2026-07-24 04:41:58 --> Session: Class initialized using 'CodeIgniter\Session\Handlers\DatabaseHandler' driver.
DEBUG - 2026-07-24 04:42:03 --> Session: Class initialized using 'CodeIgniter\Session\Handlers\DatabaseHandler' driver.
DEBUG - 2026-07-24 04:42:08 --> Session: Class initialized using 'CodeIgniter\Session\Handlers\DatabaseHandler' driver.
DEBUG - 2026-07-24 04:42:14 --> Session: Class initialized using 'CodeIgniter\Session\Handlers\DatabaseHandler' driver.
DEBUG - 2026-07-24 04:42:19 --> Session: Class initialized using 'CodeIgniter\Session\Handlers\DatabaseHandler' driver.
DEBUG - 2026-07-24 04:42:24 --> Session: Class initialized using 'CodeIgniter\Session\Handlers\DatabaseHandler' driver.
DEBUG - 2026-07-24 04:42:26 --> Session: Class initialized using 'CodeIgniter\Session\Handlers\DatabaseHandler' driver.
DEBUG - 2026-07-24 04:42:29 --> Session: Class initialized using 'CodeIgniter\Session\Handlers\DatabaseHandler' driver.
DEBUG - 2026-07-24 04:42:34 --> Session: Class initialized using 'CodeIgniter\Session\Handlers\DatabaseHandler' driver.
DEBUG - 2026-07-24 04:42:39 --> Session: Class initialized using 'CodeIgniter\Session\Handlers\DatabaseHandler' driver.
DEBUG - 2026-07-24 04:42:45 --> Session: Class initialized using 'CodeIgniter\Session\Handlers\DatabaseHandler' driver.
DEBUG - 2026-07-24 04:42:50 --> Session: Class initialized using 'CodeIgniter\Session\Handlers\DatabaseHandler' driver.
DEBUG - 2026-07-24 04:42:55 --> Session: Class initialized using 'CodeIgniter\Session\Handlers\DatabaseHandler' driver.
DEBUG - 2026-07-24 04:43:00 --> Session: Class initialized using 'CodeIgniter\Session\Handlers\DatabaseHandler' driver.
DEBUG - 2026-07-24 04:43:05 --> Session: Class initialized using 'CodeIgniter\Session\Handlers\DatabaseHandler' driver.
DEBUG - 2026-07-24 04:43:11 --> Session: Class initialized using 'CodeIgniter\Session\Handlers\DatabaseHandler' driver.
DEBUG - 2026-07-24 04:43:16 --> Session: Class initialized using 'CodeIgniter\Session\Handlers\DatabaseHandler' driver.
DEBUG - 2026-07-24 04:43:21 --> Session: Class initialized using 'CodeIgniter\Session\Handlers\DatabaseHandler' driver.
DEBUG - 2026-07-24 04:43:26 --> Session: Class initialized using 'CodeIgniter\Session\Handlers\DatabaseHandler' driver.
DEBUG - 2026-07-24 04:43:26 --> Session: Class initialized using 'CodeIgniter\Session\Handlers\DatabaseHandler' driver.
DEBUG - 2026-07-24 04:43:31 --> Session: Class initialized using 'CodeIgniter\Session\Handlers\DatabaseHandler' driver.
DEBUG - 2026-07-24 04:43:37 --> Session: Class initialized using 'CodeIgniter\Session\Handlers\DatabaseHandler' driver.
DEBUG - 2026-07-24 04:43:42 --> Session: Class initialized using 'CodeIgniter\Session\Handlers\DatabaseHandler' driver.
DEBUG - 2026-07-24 04:43:47 --> Session: Class initialized using 'CodeIgniter\Session\Handlers\DatabaseHandler' driver.
DEBUG - 2026-07-24 04:43:52 --> Session: Class initialized using 'CodeIgniter\Session\Handlers\DatabaseHandler' driver.
DEBUG - 2026-07-24 04:43:57 --> Session: Class initialized using 'CodeIgniter\Session\Handlers\DatabaseHandler' driver.
DEBUG - 2026-07-24 04:44:02 --> Session: Class initialized using 'CodeIgniter\Session\Handlers\DatabaseHandler' driver.
DEBUG - 2026-07-24 04:44:08 --> Session: Class initialized using 'CodeIgniter\Session\Handlers\DatabaseHandler' driver.
DEBUG - 2026-07-24 04:44:13 --> Session: Class initialized using 'CodeIgniter\Session\Handlers\DatabaseHandler' driver.
DEBUG - 2026-07-24 04:44:18 --> Session: Class initialized using 'CodeIgniter\Session\Handlers\DatabaseHandler' driver.
DEBUG - 2026-07-24 04:44:23 --> Session: Class initialized using 'CodeIgniter\Session\Handlers\DatabaseHandler' driver.
DEBUG - 2026-07-24 04:44:27 --> Session: Class initialized using 'CodeIgniter\Session\Handlers\DatabaseHandler' driver.
DEBUG - 2026-07-24 04:44:28 --> Session: Class initialized using 'CodeIgniter\Session\Handlers\DatabaseHandler' driver.
DEBUG - 2026-07-24 04:44:33 --> Session: Class initialized using 'CodeIgniter\Session\Handlers\DatabaseHandler' driver.
DEBUG - 2026-07-24 04:44:39 --> Session: Class initialized using 'CodeIgniter\Session\Handlers\DatabaseHandler' driver.
DEBUG - 2026-07-24 04:44:44 --> Session: Class initialized using 'CodeIgniter\Session\Handlers\DatabaseHandler' driver.
DEBUG - 2026-07-24 04:44:49 --> Session: Class initialized using 'CodeIgniter\Session\Handlers\DatabaseHandler' driver.
DEBUG - 2026-07-24 04:44:54 --> Session: Class initialized using 'CodeIgniter\Session\Handlers\DatabaseHandler' driver.
DEBUG - 2026-07-24 04:44:59 --> Session: Class initialized using 'CodeIgniter\Session\Handlers\DatabaseHandler' driver.
DEBUG - 2026-07-24 04:45:05 --> Session: Class initialized using 'CodeIgniter\Session\Handlers\DatabaseHandler' driver.
DEBUG - 2026-07-24 04:45:10 --> Session: Class initialized using 'CodeIgniter\Session\Handlers\DatabaseHandler' driver.
DEBUG - 2026-07-24 04:45:15 --> Session: Class initialized using 'CodeIgniter\Session\Handlers\DatabaseHandler' driver.
DEBUG - 2026-07-24 04:45:20 --> Session: Class initialized using 'CodeIgniter\Session\Handlers\DatabaseHandler' driver.
DEBUG - 2026-07-24 04:45:25 --> Session: Class initialized using 'CodeIgniter\Session\Handlers\DatabaseHandler' driver.
DEBUG - 2026-07-24 04:45:27 --> Session: Class initialized using 'CodeIgniter\Session\Handlers\DatabaseHandler' driver.
DEBUG - 2026-07-24 04:45:30 --> Session: Class initialized using 'CodeIgniter\Session\Handlers\DatabaseHandler' driver.
DEBUG - 2026-07-24 04:45:36 --> Session: Class initialized using 'CodeIgniter\Session\Handlers\DatabaseHandler' driver.
DEBUG - 2026-07-24 04:45:41 --> Session: Class initialized using 'CodeIgniter\Session\Handlers\DatabaseHandler' driver.
DEBUG - 2026-07-24 04:45:46 --> Session: Class initialized using 'CodeIgniter\Session\Handlers\DatabaseHandler' driver.
DEBUG - 2026-07-24 04:45:51 --> Session: Class initialized using 'CodeIgniter\Session\Handlers\DatabaseHandler' driver.
DEBUG - 2026-07-24 04:45:56 --> Session: Class initialized using 'CodeIgniter\Session\Handlers\DatabaseHandler' driver.
DEBUG - 2026-07-24 04:46:02 --> Session: Class initialized using 'CodeIgniter\Session\Handlers\DatabaseHandler' driver.
DEBUG - 2026-07-24 04:46:07 --> Session: Class initialized using 'CodeIgniter\Session\Handlers\DatabaseHandler' driver.
DEBUG - 2026-07-24 04:46:12 --> Session: Class initialized using 'CodeIgniter\Session\Handlers\DatabaseHandler' driver.
DEBUG - 2026-07-24 04:46:17 --> Session: Class initialized using 'CodeIgniter\Session\Handlers\DatabaseHandler' driver.
DEBUG - 2026-07-24 04:46:22 --> Session: Class initialized using 'CodeIgniter\Session\Handlers\DatabaseHandler' driver.
DEBUG - 2026-07-24 04:46:27 --> Session: Class initialized using 'CodeIgniter\Session\Handlers\DatabaseHandler' driver.
DEBUG - 2026-07-24 04:46:27 --> Session: Class initialized using 'CodeIgniter\Session\Handlers\DatabaseHandler' driver.
DEBUG - 2026-07-24 04:46:33 --> Session: Class initialized using 'CodeIgniter\Session\Handlers\DatabaseHandler' driver.
DEBUG - 2026-07-24 04:46:38 --> Session: Class initialized using 'CodeIgniter\Session\Handlers\DatabaseHandler' driver.
DEBUG - 2026-07-24 04:46:43 --> Session: Class initialized using 'CodeIgniter\Session\Handlers\DatabaseHandler' driver.
DEBUG - 2026-07-24 04:46:48 --> Session: Class initialized using 'CodeIgniter\Session\Handlers\DatabaseHandler' driver.
DEBUG - 2026-07-24 04:46:53 --> Session: Class initialized using 'CodeIgniter\Session\Handlers\DatabaseHandler' driver.
DEBUG - 2026-07-24 04:46:58 --> Session: Class initialized using 'CodeIgniter\Session\Handlers\DatabaseHandler' driver.
DEBUG - 2026-07-24 04:47:04 --> Session: Class initialized using 'CodeIgniter\Session\Handlers\DatabaseHandler' driver.
DEBUG - 2026-07-24 04:47:09 --> Session: Class initialized using 'CodeIgniter\Session\Handlers\DatabaseHandler' driver.
DEBUG - 2026-07-24 04:47:14 --> Session: Class initialized using 'CodeIgniter\Session\Handlers\DatabaseHandler' driver.
DEBUG - 2026-07-24 04:47:19 --> Session: Class initialized using 'CodeIgniter\Session\Handlers\DatabaseHandler' driver.
DEBUG - 2026-07-24 04:47:24 --> Session: Class initialized using 'CodeIgniter\Session\Handlers\DatabaseHandler' driver.
DEBUG - 2026-07-24 04:47:27 --> Session: Class initialized using 'CodeIgniter\Session\Handlers\DatabaseHandler' driver.
DEBUG - 2026-07-24 04:47:30 --> Session: Class initialized using 'CodeIgniter\Session\Handlers\DatabaseHandler' driver.
DEBUG - 2026-07-24 04:47:35 --> Session: Class initialized using 'CodeIgniter\Session\Handlers\DatabaseHandler' driver.
DEBUG - 2026-07-24 04:47:40 --> Session: Class initialized using 'CodeIgniter\Session\Handlers\DatabaseHandler' driver.
DEBUG - 2026-07-24 04:47:45 --> Session: Class initialized using 'CodeIgniter\Session\Handlers\DatabaseHandler' driver.
DEBUG - 2026-07-24 04:47:50 --> Session: Class initialized using 'CodeIgniter\Session\Handlers\DatabaseHandler' driver.
DEBUG - 2026-07-24 04:47:55 --> Session: Class initialized using 'CodeIgniter\Session\Handlers\DatabaseHandler' driver.
DEBUG - 2026-07-24 04:48:01 --> Session: Class initialized using 'CodeIgniter\Session\Handlers\DatabaseHandler' driver.
DEBUG - 2026-07-24 04:48:06 --> Session: Class initialized using 'CodeIgniter\Session\Handlers\DatabaseHandler' driver.
DEBUG - 2026-07-24 04:48:11 --> Session: Class initialized using 'CodeIgniter\Session\Handlers\DatabaseHandler' driver.
DEBUG - 2026-07-24 04:48:16 --> Session: Class initialized using 'CodeIgniter\Session\Handlers\DatabaseHandler' driver.
DEBUG - 2026-07-24 04:48:21 --> Session: Class initialized using 'CodeIgniter\Session\Handlers\DatabaseHandler' driver.
DEBUG - 2026-07-24 04:48:27 --> Session: Class initialized using 'CodeIgniter\Session\Handlers\DatabaseHandler' driver.
DEBUG - 2026-07-24 04:48:27 --> Session: Class initialized using 'CodeIgniter\Session\Handlers\DatabaseHandler' driver.
DEBUG - 2026-07-24 04:48:32 --> Session: Class initialized using 'CodeIgniter\Session\Handlers\DatabaseHandler' driver.
DEBUG - 2026-07-24 04:48:37 --> Session: Class initialized using 'CodeIgniter\Session\Handlers\DatabaseHandler' driver.
DEBUG - 2026-07-24 04:48:42 --> Session: Class initialized using 'CodeIgniter\Session\Handlers\DatabaseHandler' driver.
DEBUG - 2026-07-24 04:48:47 --> Session: Class initialized using 'CodeIgniter\Session\Handlers\DatabaseHandler' driver.
DEBUG - 2026-07-24 04:48:52 --> Session: Class initialized using 'CodeIgniter\Session\Handlers\DatabaseHandler' driver.
DEBUG - 2026-07-24 04:48:58 --> Session: Class initialized using 'CodeIgniter\Session\Handlers\DatabaseHandler' driver.
DEBUG - 2026-07-24 04:49:03 --> Session: Class initialized using 'CodeIgniter\Session\Handlers\DatabaseHandler' driver.
DEBUG - 2026-07-24 04:49:08 --> Session: Class initialized using 'CodeIgniter\Session\Handlers\DatabaseHandler' driver.
DEBUG - 2026-07-24 04:49:13 --> Session: Class initialized using 'CodeIgniter\Session\Handlers\DatabaseHandler' driver.
DEBUG - 2026-07-24 04:49:18 --> Session: Class initialized using 'CodeIgniter\Session\Handlers\DatabaseHandler' driver.
DEBUG - 2026-07-24 04:49:24 --> Session: Class initialized using 'CodeIgniter\Session\Handlers\DatabaseHandler' driver.
DEBUG - 2026-07-24 04:49:28 --> Session: Class initialized using 'CodeIgniter\Session\Handlers\DatabaseHandler' driver.
DEBUG - 2026-07-24 04:49:29 --> Session: Class initialized using 'CodeIgniter\Session\Handlers\DatabaseHandler' driver.
DEBUG - 2026-07-24 04:49:34 --> Session: Class initialized using 'CodeIgniter\Session\Handlers\DatabaseHandler' driver.
DEBUG - 2026-07-24 04:49:39 --> Session: Class initialized using 'CodeIgniter\Session\Handlers\DatabaseHandler' driver.
DEBUG - 2026-07-24 04:49:44 --> Session: Class initialized using 'CodeIgniter\Session\Handlers\DatabaseHandler' driver.
DEBUG - 2026-07-24 04:49:49 --> Session: Class initialized using 'CodeIgniter\Session\Handlers\DatabaseHandler' driver.
DEBUG - 2026-07-24 04:49:55 --> Session: Class initialized using 'CodeIgniter\Session\Handlers\DatabaseHandler' driver.
DEBUG - 2026-07-24 04:50:00 --> Session: Class initialized using 'CodeIgniter\Session\Handlers\DatabaseHandler' driver.
DEBUG - 2026-07-24 04:50:05 --> Session: Class initialized using 'CodeIgniter\Session\Handlers\DatabaseHandler' driver.
DEBUG - 2026-07-24 04:50:10 --> Session: Class initialized using 'CodeIgniter\Session\Handlers\DatabaseHandler' driver.
DEBUG - 2026-07-24 04:50:15 --> Session: Class initialized using 'CodeIgniter\Session\Handlers\DatabaseHandler' driver.
DEBUG - 2026-07-24 04:50:20 --> Session: Class initialized using 'CodeIgniter\Session\Handlers\DatabaseHandler' driver.
DEBUG - 2026-07-24 04:50:26 --> Session: Class initialized using 'CodeIgniter\Session\Handlers\DatabaseHandler' driver.
DEBUG - 2026-07-24 04:50:28 --> Session: Class initialized using 'CodeIgniter\Session\Handlers\DatabaseHandler' driver.
DEBUG - 2026-07-24 04:50:31 --> Session: Class initialized using 'CodeIgniter\Session\Handlers\DatabaseHandler' driver.
DEBUG - 2026-07-24 04:50:36 --> Session: Class initialized using 'CodeIgniter\Session\Handlers\DatabaseHandler' driver.
DEBUG - 2026-07-24 04:50:41 --> Session: Class initialized using 'CodeIgniter\Session\Handlers\DatabaseHandler' driver.
DEBUG - 2026-07-24 04:50:46 --> Session: Class initialized using 'CodeIgniter\Session\Handlers\DatabaseHandler' driver.
DEBUG - 2026-07-24 04:50:51 --> Session: Class initialized using 'CodeIgniter\Session\Handlers\DatabaseHandler' driver.
DEBUG - 2026-07-24 04:50:57 --> Session: Class initialized using 'CodeIgniter\Session\Handlers\DatabaseHandler' driver.
DEBUG - 2026-07-24 04:51:02 --> Session: Class initialized using 'CodeIgniter\Session\Handlers\DatabaseHandler' driver.
DEBUG - 2026-07-24 04:51:07 --> Session: Class initialized using 'CodeIgniter\Session\Handlers\DatabaseHandler' driver.
DEBUG - 2026-07-24 04:51:12 --> Session: Class initialized using 'CodeIgniter\Session\Handlers\DatabaseHandler' driver.
DEBUG - 2026-07-24 04:51:17 --> Session: Class initialized using 'CodeIgniter\Session\Handlers\DatabaseHandler' driver.
DEBUG - 2026-07-24 04:51:23 --> Session: Class initialized using 'CodeIgniter\Session\Handlers\DatabaseHandler' driver.
DEBUG - 2026-07-24 04:51:28 --> Session: Class initialized using 'CodeIgniter\Session\Handlers\DatabaseHandler' driver.
DEBUG - 2026-07-24 04:51:28 --> Session: Class initialized using 'CodeIgniter\Session\Handlers\DatabaseHandler' driver.
DEBUG - 2026-07-24 04:51:33 --> Session: Class initialized using 'CodeIgniter\Session\Handlers\DatabaseHandler' driver.
DEBUG - 2026-07-24 04:51:38 --> Session: Class initialized using 'CodeIgniter\Session\Handlers\DatabaseHandler' driver.
DEBUG - 2026-07-24 04:51:43 --> Session: Class initialized using 'CodeIgniter\Session\Handlers\DatabaseHandler' driver.
DEBUG - 2026-07-24 04:51:48 --> Session: Class initialized using 'CodeIgniter\Session\Handlers\DatabaseHandler' driver.
DEBUG - 2026-07-24 04:51:54 --> Session: Class initialized using 'CodeIgniter\Session\Handlers\DatabaseHandler' driver.
DEBUG - 2026-07-24 04:51:59 --> Session: Class initialized using 'CodeIgniter\Session\Handlers\DatabaseHandler' driver.
DEBUG - 2026-07-24 04:52:04 --> Session: Class initialized using 'CodeIgniter\Session\Handlers\DatabaseHandler' driver.
DEBUG - 2026-07-24 04:52:09 --> Session: Class initialized using 'CodeIgniter\Session\Handlers\DatabaseHandler' driver.
DEBUG - 2026-07-24 04:52:14 --> Session: Class initialized using 'CodeIgniter\Session\Handlers\DatabaseHandler' driver.
DEBUG - 2026-07-24 04:52:20 --> Session: Class initialized using 'CodeIgniter\Session\Handlers\DatabaseHandler' driver.
DEBUG - 2026-07-24 04:52:25 --> Session: Class initialized using 'CodeIgniter\Session\Handlers\DatabaseHandler' driver.
DEBUG - 2026-07-24 04:52:28 --> Session: Class initialized using 'CodeIgniter\Session\Handlers\DatabaseHandler' driver.
DEBUG - 2026-07-24 04:52:30 --> Session: Class initialized using 'CodeIgniter\Session\Handlers\DatabaseHandler' driver.
DEBUG - 2026-07-24 04:52:35 --> Session: Class initialized using 'CodeIgniter\Session\Handlers\DatabaseHandler' driver.
DEBUG - 2026-07-24 04:52:40 --> Session: Class initialized using 'CodeIgniter\Session\Handlers\DatabaseHandler' driver.
DEBUG - 2026-07-24 04:52:45 --> Session: Class initialized using 'CodeIgniter\Session\Handlers\DatabaseHandler' driver.
DEBUG - 2026-07-24 04:52:51 --> Session: Class initialized using 'CodeIgniter\Session\Handlers\DatabaseHandler' driver.
DEBUG - 2026-07-24 04:52:56 --> Session: Class initialized using 'CodeIgniter\Session\Handlers\DatabaseHandler' driver.
DEBUG - 2026-07-24 04:53:01 --> Session: Class initialized using 'CodeIgniter\Session\Handlers\DatabaseHandler' driver.
DEBUG - 2026-07-24 04:53:06 --> Session: Class initialized using 'CodeIgniter\Session\Handlers\DatabaseHandler' driver.
DEBUG - 2026-07-24 04:53:11 --> Session: Class initialized using 'CodeIgniter\Session\Handlers\DatabaseHandler' driver.
DEBUG - 2026-07-24 04:53:16 --> Session: Class initialized using 'CodeIgniter\Session\Handlers\DatabaseHandler' driver.
DEBUG - 2026-07-24 04:53:22 --> Session: Class initialized using 'CodeIgniter\Session\Handlers\DatabaseHandler' driver.
DEBUG - 2026-07-24 04:53:27 --> Session: Class initialized using 'CodeIgniter\Session\Handlers\DatabaseHandler' driver.
DEBUG - 2026-07-24 04:53:28 --> Session: Class initialized using 'CodeIgniter\Session\Handlers\DatabaseHandler' driver.
DEBUG - 2026-07-24 04:53:32 --> Session: Class initialized using 'CodeIgniter\Session\Handlers\DatabaseHandler' driver.
DEBUG - 2026-07-24 04:53:37 --> Session: Class initialized using 'CodeIgniter\Session\Handlers\DatabaseHandler' driver.
DEBUG - 2026-07-24 04:53:42 --> Session: Class initialized using 'CodeIgniter\Session\Handlers\DatabaseHandler' driver.
DEBUG - 2026-07-24 04:53:48 --> Session: Class initialized using 'CodeIgniter\Session\Handlers\DatabaseHandler' driver.
DEBUG - 2026-07-24 04:53:53 --> Session: Class initialized using 'CodeIgniter\Session\Handlers\DatabaseHandler' driver.
DEBUG - 2026-07-24 04:53:58 --> Session: Class initialized using 'CodeIgniter\Session\Handlers\DatabaseHandler' driver.
DEBUG - 2026-07-24 04:54:03 --> Session: Class initialized using 'CodeIgniter\Session\Handlers\DatabaseHandler' driver.
DEBUG - 2026-07-24 04:54:08 --> Session: Class initialized using 'CodeIgniter\Session\Handlers\DatabaseHandler' driver.
DEBUG - 2026-07-24 04:54:14 --> Session: Class initialized using 'CodeIgniter\Session\Handlers\DatabaseHandler' driver.
DEBUG - 2026-07-24 04:54:19 --> Session: Class initialized using 'CodeIgniter\Session\Handlers\DatabaseHandler' driver.
DEBUG - 2026-07-24 04:54:24 --> Session: Class initialized using 'CodeIgniter\Session\Handlers\DatabaseHandler' driver.
DEBUG - 2026-07-24 04:54:29 --> Session: Class initialized using 'CodeIgniter\Session\Handlers\DatabaseHandler' driver.
DEBUG - 2026-07-24 04:54:29 --> Session: Class initialized using 'CodeIgniter\Session\Handlers\DatabaseHandler' driver.
DEBUG - 2026-07-24 04:54:34 --> Session: Class initialized using 'CodeIgniter\Session\Handlers\DatabaseHandler' driver.
DEBUG - 2026-07-24 04:54:39 --> Session: Class initialized using 'CodeIgniter\Session\Handlers\DatabaseHandler' driver.
DEBUG - 2026-07-24 04:54:45 --> Session: Class initialized using 'CodeIgniter\Session\Handlers\DatabaseHandler' driver.
DEBUG - 2026-07-24 04:54:50 --> Session: Class initialized using 'CodeIgniter\Session\Handlers\DatabaseHandler' driver.
DEBUG - 2026-07-24 04:54:55 --> Session: Class initialized using 'CodeIgniter\Session\Handlers\DatabaseHandler' driver.
DEBUG - 2026-07-24 04:55:00 --> Session: Class initialized using 'CodeIgniter\Session\Handlers\DatabaseHandler' driver.
DEBUG - 2026-07-24 04:55:05 --> Session: Class initialized using 'CodeIgniter\Session\Handlers\DatabaseHandler' driver.
DEBUG - 2026-07-24 04:55:10 --> Session: Class initialized using 'CodeIgniter\Session\Handlers\DatabaseHandler' driver.
DEBUG - 2026-07-24 04:55:16 --> Session: Class initialized using 'CodeIgniter\Session\Handlers\DatabaseHandler' driver.
DEBUG - 2026-07-24 04:55:21 --> Session: Class initialized using 'CodeIgniter\Session\Handlers\DatabaseHandler' driver.
DEBUG - 2026-07-24 04:55:26 --> Session: Class initialized using 'CodeIgniter\Session\Handlers\DatabaseHandler' driver.
DEBUG - 2026-07-24 04:55:29 --> Session: Class initialized using 'CodeIgniter\Session\Handlers\DatabaseHandler' driver.
DEBUG - 2026-07-24 04:55:31 --> Session: Class initialized using 'CodeIgniter\Session\Handlers\DatabaseHandler' driver.
DEBUG - 2026-07-24 04:55:36 --> Session: Class initialized using 'CodeIgniter\Session\Handlers\DatabaseHandler' driver.
DEBUG - 2026-07-24 04:55:42 --> Session: Class initialized using 'CodeIgniter\Session\Handlers\DatabaseHandler' driver.
DEBUG - 2026-07-24 04:55:47 --> Session: Class initialized using 'CodeIgniter\Session\Handlers\DatabaseHandler' driver.
DEBUG - 2026-07-24 04:55:52 --> Session: Class initialized using 'CodeIgniter\Session\Handlers\DatabaseHandler' driver.
DEBUG - 2026-07-24 04:55:57 --> Session: Class initialized using 'CodeIgniter\Session\Handlers\DatabaseHandler' driver.
DEBUG - 2026-07-24 04:56:02 --> Session: Class initialized using 'CodeIgniter\Session\Handlers\DatabaseHandler' driver.
DEBUG - 2026-07-24 04:56:07 --> Session: Class initialized using 'CodeIgniter\Session\Handlers\DatabaseHandler' driver.
DEBUG - 2026-07-24 04:56:13 --> Session: Class initialized using 'CodeIgniter\Session\Handlers\DatabaseHandler' driver.
DEBUG - 2026-07-24 04:56:18 --> Session: Class initialized using 'CodeIgniter\Session\Handlers\DatabaseHandler' driver.
DEBUG - 2026-07-24 04:56:23 --> Session: Class initialized using 'CodeIgniter\Session\Handlers\DatabaseHandler' driver.
DEBUG - 2026-07-24 04:56:28 --> Session: Class initialized using 'CodeIgniter\Session\Handlers\DatabaseHandler' driver.
DEBUG - 2026-07-24 04:56:29 --> Session: Class initialized using 'CodeIgniter\Session\Handlers\DatabaseHandler' driver.
DEBUG - 2026-07-24 04:56:33 --> Session: Class initialized using 'CodeIgniter\Session\Handlers\DatabaseHandler' driver.
DEBUG - 2026-07-24 04:56:38 --> Session: Class initialized using 'CodeIgniter\Session\Handlers\DatabaseHandler' driver.
DEBUG - 2026-07-24 04:56:44 --> Session: Class initialized using 'CodeIgniter\Session\Handlers\DatabaseHandler' driver.
DEBUG - 2026-07-24 04:56:49 --> Session: Class initialized using 'CodeIgniter\Session\Handlers\DatabaseHandler' driver.
DEBUG - 2026-07-24 04:56:54 --> Session: Class initialized using 'CodeIgniter\Session\Handlers\DatabaseHandler' driver.
DEBUG - 2026-07-24 04:56:59 --> Session: Class initialized using 'CodeIgniter\Session\Handlers\DatabaseHandler' driver.
DEBUG - 2026-07-24 04:57:04 --> Session: Class initialized using 'CodeIgniter\Session\Handlers\DatabaseHandler' driver.
DEBUG - 2026-07-24 04:57:09 --> Session: Class initialized using 'CodeIgniter\Session\Handlers\DatabaseHandler' driver.
DEBUG - 2026-07-24 04:57:15 --> Session: Class initialized using 'CodeIgniter\Session\Handlers\DatabaseHandler' driver.
DEBUG - 2026-07-24 04:57:20 --> Session: Class initialized using 'CodeIgniter\Session\Handlers\DatabaseHandler' driver.
DEBUG - 2026-07-24 04:57:25 --> Session: Class initialized using 'CodeIgniter\Session\Handlers\DatabaseHandler' driver.
DEBUG - 2026-07-24 04:57:29 --> Session: Class initialized using 'CodeIgniter\Session\Handlers\DatabaseHandler' driver.
DEBUG - 2026-07-24 04:57:30 --> Session: Class initialized using 'CodeIgniter\Session\Handlers\DatabaseHandler' driver.
DEBUG - 2026-07-24 04:57:35 --> Session: Class initialized using 'CodeIgniter\Session\Handlers\DatabaseHandler' driver.
DEBUG - 2026-07-24 04:57:41 --> Session: Class initialized using 'CodeIgniter\Session\Handlers\DatabaseHandler' driver.
DEBUG - 2026-07-24 04:57:46 --> Session: Class initialized using 'CodeIgniter\Session\Handlers\DatabaseHandler' driver.
DEBUG - 2026-07-24 04:57:51 --> Session: Class initialized using 'CodeIgniter\Session\Handlers\DatabaseHandler' driver.
DEBUG - 2026-07-24 04:57:56 --> Session: Class initialized using 'CodeIgniter\Session\Handlers\DatabaseHandler' driver.
DEBUG - 2026-07-24 04:58:01 --> Session: Class initialized using 'CodeIgniter\Session\Handlers\DatabaseHandler' driver.
DEBUG - 2026-07-24 04:58:06 --> Session: Class initialized using 'CodeIgniter\Session\Handlers\DatabaseHandler' driver.
DEBUG - 2026-07-24 04:58:12 --> Session: Class initialized using 'CodeIgniter\Session\Handlers\DatabaseHandler' driver.
DEBUG - 2026-07-24 04:58:17 --> Session: Class initialized using 'CodeIgniter\Session\Handlers\DatabaseHandler' driver.
DEBUG - 2026-07-24 04:58:22 --> Session: Class initialized using 'CodeIgniter\Session\Handlers\DatabaseHandler' driver.
DEBUG - 2026-07-24 04:58:27 --> Session: Class initialized using 'CodeIgniter\Session\Handlers\DatabaseHandler' driver.
DEBUG - 2026-07-24 04:58:29 --> Session: Class initialized using 'CodeIgniter\Session\Handlers\DatabaseHandler' driver.
DEBUG - 2026-07-24 04:58:32 --> Session: Class initialized using 'CodeIgniter\Session\Handlers\DatabaseHandler' driver.
DEBUG - 2026-07-24 04:58:37 --> Session: Class initialized using 'CodeIgniter\Session\Handlers\DatabaseHandler' driver.
DEBUG - 2026-07-24 04:58:43 --> Session: Class initialized using 'CodeIgniter\Session\Handlers\DatabaseHandler' driver.
DEBUG - 2026-07-24 04:58:48 --> Session: Class initialized using 'CodeIgniter\Session\Handlers\DatabaseHandler' driver.
DEBUG - 2026-07-24 04:58:53 --> Session: Class initialized using 'CodeIgniter\Session\Handlers\DatabaseHandler' driver.
DEBUG - 2026-07-24 04:58:58 --> Session: Class initialized using 'CodeIgniter\Session\Handlers\DatabaseHandler' driver.
DEBUG - 2026-07-24 04:59:03 --> Session: Class initialized using 'CodeIgniter\Session\Handlers\DatabaseHandler' driver.
DEBUG - 2026-07-24 04:59:09 --> Session: Class initialized using 'CodeIgniter\Session\Handlers\DatabaseHandler' driver.
DEBUG - 2026-07-24 04:59:14 --> Session: Class initialized using 'CodeIgniter\Session\Handlers\DatabaseHandler' driver.
DEBUG - 2026-07-24 04:59:19 --> Session: Class initialized using 'CodeIgniter\Session\Handlers\DatabaseHandler' driver.
DEBUG - 2026-07-24 04:59:24 --> Session: Class initialized using 'CodeIgniter\Session\Handlers\DatabaseHandler' driver.
DEBUG - 2026-07-24 04:59:29 --> Session: Class initialized using 'CodeIgniter\Session\Handlers\DatabaseHandler' driver.
DEBUG - 2026-07-24 04:59:29 --> Session: Class initialized using 'CodeIgniter\Session\Handlers\DatabaseHandler' driver.
DEBUG - 2026-07-24 04:59:34 --> Session: Class initialized using 'CodeIgniter\Session\Handlers\DatabaseHandler' driver.
DEBUG - 2026-07-24 04:59:40 --> Session: Class initialized using 'CodeIgniter\Session\Handlers\DatabaseHandler' driver.
DEBUG - 2026-07-24 04:59:45 --> Session: Class initialized using 'CodeIgniter\Session\Handlers\DatabaseHandler' driver.
DEBUG - 2026-07-24 04:59:50 --> Session: Class initialized using 'CodeIgniter\Session\Handlers\DatabaseHandler' driver.
DEBUG - 2026-07-24 04:59:55 --> Session: Class initialized using 'CodeIgniter\Session\Handlers\DatabaseHandler' driver.
DEBUG - 2026-07-24 05:00:00 --> Session: Class initialized using 'CodeIgniter\Session\Handlers\DatabaseHandler' driver.
DEBUG - 2026-07-24 05:00:05 --> Session: Class initialized using 'CodeIgniter\Session\Handlers\DatabaseHandler' driver.
DEBUG - 2026-07-24 05:00:11 --> Session: Class initialized using 'CodeIgniter\Session\Handlers\DatabaseHandler' driver.
DEBUG - 2026-07-24 05:00:16 --> Session: Class initialized using 'CodeIgniter\Session\Handlers\DatabaseHandler' driver.
DEBUG - 2026-07-24 05:00:21 --> Session: Class initialized using 'CodeIgniter\Session\Handlers\DatabaseHandler' driver.
DEBUG - 2026-07-24 05:00:26 --> Session: Class initialized using 'CodeIgniter\Session\Handlers\DatabaseHandler' driver.
DEBUG - 2026-07-24 05:00:30 --> Session: Class initialized using 'CodeIgniter\Session\Handlers\DatabaseHandler' driver.
DEBUG - 2026-07-24 05:00:31 --> Session: Class initialized using 'CodeIgniter\Session\Handlers\DatabaseHandler' driver.
DEBUG - 2026-07-24 05:00:36 --> Session: Class initialized using 'CodeIgniter\Session\Handlers\DatabaseHandler' driver.
DEBUG - 2026-07-24 05:00:42 --> Session: Class initialized using 'CodeIgniter\Session\Handlers\DatabaseHandler' driver.
DEBUG - 2026-07-24 05:00:47 --> Session: Class initialized using 'CodeIgniter\Session\Handlers\DatabaseHandler' driver.
DEBUG - 2026-07-24 05:00:52 --> Session: Class initialized using 'CodeIgniter\Session\Handlers\DatabaseHandler' driver.
DEBUG - 2026-07-24 05:00:57 --> Session: Class initialized using 'CodeIgniter\Session\Handlers\DatabaseHandler' driver.
DEBUG - 2026-07-24 05:01:02 --> Session: Class initialized using 'CodeIgniter\Session\Handlers\DatabaseHandler' driver.
DEBUG - 2026-07-24 05:01:08 --> Session: Class initialized using 'CodeIgniter\Session\Handlers\DatabaseHandler' driver.
DEBUG - 2026-07-24 05:01:13 --> Session: Class initialized using 'CodeIgniter\Session\Handlers\DatabaseHandler' driver.
DEBUG - 2026-07-24 05:01:18 --> Session: Class initialized using 'CodeIgniter\Session\Handlers\DatabaseHandler' driver.
DEBUG - 2026-07-24 05:01:23 --> Session: Class initialized using 'CodeIgniter\Session\Handlers\DatabaseHandler' driver.
DEBUG - 2026-07-24 05:01:28 --> Session: Class initialized using 'CodeIgniter\Session\Handlers\DatabaseHandler' driver.
DEBUG - 2026-07-24 05:01:30 --> Session: Class initialized using 'CodeIgniter\Session\Handlers\DatabaseHandler' driver.
DEBUG - 2026-07-24 05:01:33 --> Session: Class initialized using 'CodeIgniter\Session\Handlers\DatabaseHandler' driver.
DEBUG - 2026-07-24 05:01:39 --> Session: Class initialized using 'CodeIgniter\Session\Handlers\DatabaseHandler' driver.
DEBUG - 2026-07-24 05:01:44 --> Session: Class initialized using 'CodeIgniter\Session\Handlers\DatabaseHandler' driver.
DEBUG - 2026-07-24 05:01:49 --> Session: Class initialized using 'CodeIgniter\Session\Handlers\DatabaseHandler' driver.
DEBUG - 2026-07-24 05:01:54 --> Session: Class initialized using 'CodeIgniter\Session\Handlers\DatabaseHandler' driver.
DEBUG - 2026-07-24 05:01:59 --> Session: Class initialized using 'CodeIgniter\Session\Handlers\DatabaseHandler' driver.
DEBUG - 2026-07-24 05:02:04 --> Session: Class initialized using 'CodeIgniter\Session\Handlers\DatabaseHandler' driver.
DEBUG - 2026-07-24 05:02:10 --> Session: Class initialized using 'CodeIgniter\Session\Handlers\DatabaseHandler' driver.
DEBUG - 2026-07-24 05:02:15 --> Session: Class initialized using 'CodeIgniter\Session\Handlers\DatabaseHandler' driver.
DEBUG - 2026-07-24 05:02:20 --> Session: Class initialized using 'CodeIgniter\Session\Handlers\DatabaseHandler' driver.
DEBUG - 2026-07-24 05:02:25 --> Session: Class initialized using 'CodeIgniter\Session\Handlers\DatabaseHandler' driver.
DEBUG - 2026-07-24 05:02:30 --> Session: Class initialized using 'CodeIgniter\Session\Handlers\DatabaseHandler' driver.
DEBUG - 2026-07-24 05:02:30 --> Session: Class initialized using 'CodeIgniter\Session\Handlers\DatabaseHandler' driver.
DEBUG - 2026-07-24 05:02:36 --> Session: Class initialized using 'CodeIgniter\Session\Handlers\DatabaseHandler' driver.
DEBUG - 2026-07-24 05:02:41 --> Session: Class initialized using 'CodeIgniter\Session\Handlers\DatabaseHandler' driver.
DEBUG - 2026-07-24 05:02:46 --> Session: Class initialized using 'CodeIgniter\Session\Handlers\DatabaseHandler' driver.
DEBUG - 2026-07-24 05:02:51 --> Session: Class initialized using 'CodeIgniter\Session\Handlers\DatabaseHandler' driver.
DEBUG - 2026-07-24 05:02:56 --> Session: Class initialized using 'CodeIgniter\Session\Handlers\DatabaseHandler' driver.
DEBUG - 2026-07-24 05:03:01 --> Session: Class initialized using 'CodeIgniter\Session\Handlers\DatabaseHandler' driver.
DEBUG - 2026-07-24 05:03:07 --> Session: Class initialized using 'CodeIgniter\Session\Handlers\DatabaseHandler' driver.
DEBUG - 2026-07-24 05:03:12 --> Session: Class initialized using 'CodeIgniter\Session\Handlers\DatabaseHandler' driver.
DEBUG - 2026-07-24 05:03:17 --> Session: Class initialized using 'CodeIgniter\Session\Handlers\DatabaseHandler' driver.
DEBUG - 2026-07-24 05:03:22 --> Session: Class initialized using 'CodeIgniter\Session\Handlers\DatabaseHandler' driver.
DEBUG - 2026-07-24 05:03:27 --> Session: Class initialized using 'CodeIgniter\Session\Handlers\DatabaseHandler' driver.
DEBUG - 2026-07-24 05:03:30 --> Session: Class initialized using 'CodeIgniter\Session\Handlers\DatabaseHandler' driver.
DEBUG - 2026-07-24 05:03:32 --> Session: Class initialized using 'CodeIgniter\Session\Handlers\DatabaseHandler' driver.
DEBUG - 2026-07-24 05:03:38 --> Session: Class initialized using 'CodeIgniter\Session\Handlers\DatabaseHandler' driver.
DEBUG - 2026-07-24 05:03:43 --> Session: Class initialized using 'CodeIgniter\Session\Handlers\DatabaseHandler' driver.
DEBUG - 2026-07-24 05:03:48 --> Session: Class initialized using 'CodeIgniter\Session\Handlers\DatabaseHandler' driver.
DEBUG - 2026-07-24 05:03:53 --> Session: Class initialized using 'CodeIgniter\Session\Handlers\DatabaseHandler' driver.
DEBUG - 2026-07-24 05:03:58 --> Session: Class initialized using 'CodeIgniter\Session\Handlers\DatabaseHandler' driver.
DEBUG - 2026-07-24 05:04:04 --> Session: Class initialized using 'CodeIgniter\Session\Handlers\DatabaseHandler' driver.
DEBUG - 2026-07-24 05:04:09 --> Session: Class initialized using 'CodeIgniter\Session\Handlers\DatabaseHandler' driver.
DEBUG - 2026-07-24 05:04:14 --> Session: Class initialized using 'CodeIgniter\Session\Handlers\DatabaseHandler' driver.
DEBUG - 2026-07-24 05:04:19 --> Session: Class initialized using 'CodeIgniter\Session\Handlers\DatabaseHandler' driver.
DEBUG - 2026-07-24 05:04:24 --> Session: Class initialized using 'CodeIgniter\Session\Handlers\DatabaseHandler' driver.
DEBUG - 2026-07-24 05:04:29 --> Session: Class initialized using 'CodeIgniter\Session\Handlers\DatabaseHandler' driver.
DEBUG - 2026-07-24 05:04:30 --> Session: Class initialized using 'CodeIgniter\Session\Handlers\DatabaseHandler' driver.
DEBUG - 2026-07-24 05:04:35 --> Session: Class initialized using 'CodeIgniter\Session\Handlers\DatabaseHandler' driver.
DEBUG - 2026-07-24 05:04:40 --> Session: Class initialized using 'CodeIgniter\Session\Handlers\DatabaseHandler' driver.
DEBUG - 2026-07-24 05:04:45 --> Session: Class initialized using 'CodeIgniter\Session\Handlers\DatabaseHandler' driver.
DEBUG - 2026-07-24 05:04:50 --> Session: Class initialized using 'CodeIgniter\Session\Handlers\DatabaseHandler' driver.
DEBUG - 2026-07-24 05:04:55 --> Session: Class initialized using 'CodeIgniter\Session\Handlers\DatabaseHandler' driver.
DEBUG - 2026-07-24 05:05:00 --> Session: Class initialized using 'CodeIgniter\Session\Handlers\DatabaseHandler' driver.
DEBUG - 2026-07-24 05:05:06 --> Session: Class initialized using 'CodeIgniter\Session\Handlers\DatabaseHandler' driver.
DEBUG - 2026-07-24 05:05:11 --> Session: Class initialized using 'CodeIgniter\Session\Handlers\DatabaseHandler' driver.
DEBUG - 2026-07-24 05:05:16 --> Session: Class initialized using 'CodeIgniter\Session\Handlers\DatabaseHandler' driver.
DEBUG - 2026-07-24 05:05:21 --> Session: Class initialized using 'CodeIgniter\Session\Handlers\DatabaseHandler' driver.
DEBUG - 2026-07-24 05:05:26 --> Session: Class initialized using 'CodeIgniter\Session\Handlers\DatabaseHandler' driver.
DEBUG - 2026-07-24 05:05:31 --> Session: Class initialized using 'CodeIgniter\Session\Handlers\DatabaseHandler' driver.
DEBUG - 2026-07-24 05:05:31 --> Session: Class initialized using 'CodeIgniter\Session\Handlers\DatabaseHandler' driver.
DEBUG - 2026-07-24 05:05:37 --> Session: Class initialized using 'CodeIgniter\Session\Handlers\DatabaseHandler' driver.
DEBUG - 2026-07-24 05:05:42 --> Session: Class initialized using 'CodeIgniter\Session\Handlers\DatabaseHandler' driver.
DEBUG - 2026-07-24 05:05:47 --> Session: Class initialized using 'CodeIgniter\Session\Handlers\DatabaseHandler' driver.
DEBUG - 2026-07-24 05:05:52 --> Session: Class initialized using 'CodeIgniter\Session\Handlers\DatabaseHandler' driver.
DEBUG - 2026-07-24 05:05:57 --> Session: Class initialized using 'CodeIgniter\Session\Handlers\DatabaseHandler' driver.
DEBUG - 2026-07-24 05:06:02 --> Session: Class initialized using 'CodeIgniter\Session\Handlers\DatabaseHandler' driver.
DEBUG - 2026-07-24 05:06:08 --> Session: Class initialized using 'CodeIgniter\Session\Handlers\DatabaseHandler' driver.
DEBUG - 2026-07-24 05:06:13 --> Session: Class initialized using 'CodeIgniter\Session\Handlers\DatabaseHandler' driver.
DEBUG - 2026-07-24 05:06:18 --> Session: Class initialized using 'CodeIgniter\Session\Handlers\DatabaseHandler' driver.
DEBUG - 2026-07-24 05:06:23 --> Session: Class initialized using 'CodeIgniter\Session\Handlers\DatabaseHandler' driver.
DEBUG - 2026-07-24 05:06:28 --> Session: Class initialized using 'CodeIgniter\Session\Handlers\DatabaseHandler' driver.
DEBUG - 2026-07-24 05:06:31 --> Session: Class initialized using 'CodeIgniter\Session\Handlers\DatabaseHandler' driver.
DEBUG - 2026-07-24 05:06:34 --> Session: Class initialized using 'CodeIgniter\Session\Handlers\DatabaseHandler' driver.
DEBUG - 2026-07-24 05:06:39 --> Session: Class initialized using 'CodeIgniter\Session\Handlers\DatabaseHandler' driver.
DEBUG - 2026-07-24 05:06:44 --> Session: Class initialized using 'CodeIgniter\Session\Handlers\DatabaseHandler' driver.
DEBUG - 2026-07-24 05:06:49 --> Session: Class initialized using 'CodeIgniter\Session\Handlers\DatabaseHandler' driver.
DEBUG - 2026-07-24 05:06:54 --> Session: Class initialized using 'CodeIgniter\Session\Handlers\DatabaseHandler' driver.
DEBUG - 2026-07-24 05:06:59 --> Session: Class initialized using 'CodeIgniter\Session\Handlers\DatabaseHandler' driver.
DEBUG - 2026-07-24 05:07:05 --> Session: Class initialized using 'CodeIgniter\Session\Handlers\DatabaseHandler' driver.
DEBUG - 2026-07-24 05:07:10 --> Session: Class initialized using 'CodeIgniter\Session\Handlers\DatabaseHandler' driver.
DEBUG - 2026-07-24 05:07:15 --> Session: Class initialized using 'CodeIgniter\Session\Handlers\DatabaseHandler' driver.
DEBUG - 2026-07-24 05:07:20 --> Session: Class initialized using 'CodeIgniter\Session\Handlers\DatabaseHandler' driver.
DEBUG - 2026-07-24 05:07:25 --> Session: Class initialized using 'CodeIgniter\Session\Handlers\DatabaseHandler' driver.
DEBUG - 2026-07-24 05:07:31 --> Session: Class initialized using 'CodeIgniter\Session\Handlers\DatabaseHandler' driver.
DEBUG - 2026-07-24 05:07:31 --> Session: Class initialized using 'CodeIgniter\Session\Handlers\DatabaseHandler' driver.
DEBUG - 2026-07-24 05:07:36 --> Session: Class initialized using 'CodeIgniter\Session\Handlers\DatabaseHandler' driver.
DEBUG - 2026-07-24 05:07:41 --> Session: Class initialized using 'CodeIgniter\Session\Handlers\DatabaseHandler' driver.
DEBUG - 2026-07-24 05:07:46 --> Session: Class initialized using 'CodeIgniter\Session\Handlers\DatabaseHandler' driver.
DEBUG - 2026-07-24 05:07:51 --> Session: Class initialized using 'CodeIgniter\Session\Handlers\DatabaseHandler' driver.
DEBUG - 2026-07-24 05:07:56 --> Session: Class initialized using 'CodeIgniter\Session\Handlers\DatabaseHandler' driver.
DEBUG - 2026-07-24 05:08:02 --> Session: Class initialized using 'CodeIgniter\Session\Handlers\DatabaseHandler' driver.
DEBUG - 2026-07-24 05:08:07 --> Session: Class initialized using 'CodeIgniter\Session\Handlers\DatabaseHandler' driver.
DEBUG - 2026-07-24 05:08:12 --> Session: Class initialized using 'CodeIgniter\Session\Handlers\DatabaseHandler' driver.
DEBUG - 2026-07-24 05:08:17 --> Session: Class initialized using 'CodeIgniter\Session\Handlers\DatabaseHandler' driver.
DEBUG - 2026-07-24 05:08:22 --> Session: Class initialized using 'CodeIgniter\Session\Handlers\DatabaseHandler' driver.
DEBUG - 2026-07-24 05:08:27 --> Session: Class initialized using 'CodeIgniter\Session\Handlers\DatabaseHandler' driver.
DEBUG - 2026-07-24 05:08:31 --> Session: Class initialized using 'CodeIgniter\Session\Handlers\DatabaseHandler' driver.
DEBUG - 2026-07-24 05:08:33 --> Session: Class initialized using 'CodeIgniter\Session\Handlers\DatabaseHandler' driver.
DEBUG - 2026-07-24 05:08:38 --> Session: Class initialized using 'CodeIgniter\Session\Handlers\DatabaseHandler' driver.
DEBUG - 2026-07-24 05:08:43 --> Session: Class initialized using 'CodeIgniter\Session\Handlers\DatabaseHandler' driver.
DEBUG - 2026-07-24 05:08:48 --> Session: Class initialized using 'CodeIgniter\Session\Handlers\DatabaseHandler' driver.
DEBUG - 2026-07-24 05:08:53 --> Session: Class initialized using 'CodeIgniter\Session\Handlers\DatabaseHandler' driver.
DEBUG - 2026-07-24 05:08:58 --> Session: Class initialized using 'CodeIgniter\Session\Handlers\DatabaseHandler' driver.
DEBUG - 2026-07-24 05:09:04 --> Session: Class initialized using 'CodeIgniter\Session\Handlers\DatabaseHandler' driver.
DEBUG - 2026-07-24 05:09:09 --> Session: Class initialized using 'CodeIgniter\Session\Handlers\DatabaseHandler' driver.
DEBUG - 2026-07-24 05:09:14 --> Session: Class initialized using 'CodeIgniter\Session\Handlers\DatabaseHandler' driver.
DEBUG - 2026-07-24 05:09:19 --> Session: Class initialized using 'CodeIgniter\Session\Handlers\DatabaseHandler' driver.
DEBUG - 2026-07-24 05:09:24 --> Session: Class initialized using 'CodeIgniter\Session\Handlers\DatabaseHandler' driver.
DEBUG - 2026-07-24 05:09:30 --> Session: Class initialized using 'CodeIgniter\Session\Handlers\DatabaseHandler' driver.
DEBUG - 2026-07-24 05:09:31 --> Session: Class initialized using 'CodeIgniter\Session\Handlers\DatabaseHandler' driver.
DEBUG - 2026-07-24 05:09:35 --> Session: Class initialized using 'CodeIgniter\Session\Handlers\DatabaseHandler' driver.
DEBUG - 2026-07-24 05:09:40 --> Session: Class initialized using 'CodeIgniter\Session\Handlers\DatabaseHandler' driver.
DEBUG - 2026-07-24 05:09:45 --> Session: Class initialized using 'CodeIgniter\Session\Handlers\DatabaseHandler' driver.
DEBUG - 2026-07-24 05:09:50 --> Session: Class initialized using 'CodeIgniter\Session\Handlers\DatabaseHandler' driver.
DEBUG - 2026-07-24 05:09:55 --> Session: Class initialized using 'CodeIgniter\Session\Handlers\DatabaseHandler' driver.
DEBUG - 2026-07-24 05:10:01 --> Session: Class initialized using 'CodeIgniter\Session\Handlers\DatabaseHandler' driver.
DEBUG - 2026-07-24 05:10:06 --> Session: Class initialized using 'CodeIgniter\Session\Handlers\DatabaseHandler' driver.
DEBUG - 2026-07-24 05:10:11 --> Session: Class initialized using 'CodeIgniter\Session\Handlers\DatabaseHandler' driver.
DEBUG - 2026-07-24 05:10:16 --> Session: Class initialized using 'CodeIgniter\Session\Handlers\DatabaseHandler' driver.
DEBUG - 2026-07-24 05:10:21 --> Session: Class initialized using 'CodeIgniter\Session\Handlers\DatabaseHandler' driver.
DEBUG - 2026-07-24 05:10:27 --> Session: Class initialized using 'CodeIgniter\Session\Handlers\DatabaseHandler' driver.
DEBUG - 2026-07-24 05:10:31 --> Session: Class initialized using 'CodeIgniter\Session\Handlers\DatabaseHandler' driver.
DEBUG - 2026-07-24 05:10:32 --> Session: Class initialized using 'CodeIgniter\Session\Handlers\DatabaseHandler' driver.
DEBUG - 2026-07-24 05:10:37 --> Session: Class initialized using 'CodeIgniter\Session\Handlers\DatabaseHandler' driver.
DEBUG - 2026-07-24 05:10:42 --> Session: Class initialized using 'CodeIgniter\Session\Handlers\DatabaseHandler' driver.
DEBUG - 2026-07-24 05:10:47 --> Session: Class initialized using 'CodeIgniter\Session\Handlers\DatabaseHandler' driver.
DEBUG - 2026-07-24 05:10:52 --> Session: Class initialized using 'CodeIgniter\Session\Handlers\DatabaseHandler' driver.
DEBUG - 2026-07-24 05:10:58 --> Session: Class initialized using 'CodeIgniter\Session\Handlers\DatabaseHandler' driver.
DEBUG - 2026-07-24 05:11:03 --> Session: Class initialized using 'CodeIgniter\Session\Handlers\DatabaseHandler' driver.
DEBUG - 2026-07-24 05:11:08 --> Session: Class initialized using 'CodeIgniter\Session\Handlers\DatabaseHandler' driver.
DEBUG - 2026-07-24 05:11:13 --> Session: Class initialized using 'CodeIgniter\Session\Handlers\DatabaseHandler' driver.
DEBUG - 2026-07-24 05:11:18 --> Session: Class initialized using 'CodeIgniter\Session\Handlers\DatabaseHandler' driver.
DEBUG - 2026-07-24 05:11:23 --> Session: Class initialized using 'CodeIgniter\Session\Handlers\DatabaseHandler' driver.
DEBUG - 2026-07-24 05:11:29 --> Session: Class initialized using 'CodeIgniter\Session\Handlers\DatabaseHandler' driver.
DEBUG - 2026-07-24 05:11:32 --> Session: Class initialized using 'CodeIgniter\Session\Handlers\DatabaseHandler' driver.
DEBUG - 2026-07-24 05:11:34 --> Session: Class initialized using 'CodeIgniter\Session\Handlers\DatabaseHandler' driver.
DEBUG - 2026-07-24 05:11:39 --> Session: Class initialized using 'CodeIgniter\Session\Handlers\DatabaseHandler' driver.
DEBUG - 2026-07-24 05:11:44 --> Session: Class initialized using 'CodeIgniter\Session\Handlers\DatabaseHandler' driver.
DEBUG - 2026-07-24 05:11:49 --> Session: Class initialized using 'CodeIgniter\Session\Handlers\DatabaseHandler' driver.
DEBUG - 2026-07-24 05:11:55 --> Session: Class initialized using 'CodeIgniter\Session\Handlers\DatabaseHandler' driver.
DEBUG - 2026-07-24 05:12:00 --> Session: Class initialized using 'CodeIgniter\Session\Handlers\DatabaseHandler' driver.
DEBUG - 2026-07-24 05:12:05 --> Session: Class initialized using 'CodeIgniter\Session\Handlers\DatabaseHandler' driver.
DEBUG - 2026-07-24 05:12:10 --> Session: Class initialized using 'CodeIgniter\Session\Handlers\DatabaseHandler' driver.
DEBUG - 2026-07-24 05:12:15 --> Session: Class initialized using 'CodeIgniter\Session\Handlers\DatabaseHandler' driver.
DEBUG - 2026-07-24 05:12:20 --> Session: Class initialized using 'CodeIgniter\Session\Handlers\DatabaseHandler' driver.
DEBUG - 2026-07-24 05:12:26 --> Session: Class initialized using 'CodeIgniter\Session\Handlers\DatabaseHandler' driver.
DEBUG - 2026-07-24 05:12:31 --> Session: Class initialized using 'CodeIgniter\Session\Handlers\DatabaseHandler' driver.
DEBUG - 2026-07-24 05:12:32 --> Session: Class initialized using 'CodeIgniter\Session\Handlers\DatabaseHandler' driver.
DEBUG - 2026-07-24 05:12:36 --> Session: Class initialized using 'CodeIgniter\Session\Handlers\DatabaseHandler' driver.
DEBUG - 2026-07-24 05:12:41 --> Session: Class initialized using 'CodeIgniter\Session\Handlers\DatabaseHandler' driver.
DEBUG - 2026-07-24 05:12:46 --> Session: Class initialized using 'CodeIgniter\Session\Handlers\DatabaseHandler' driver.
DEBUG - 2026-07-24 05:12:51 --> Session: Class initialized using 'CodeIgniter\Session\Handlers\DatabaseHandler' driver.
DEBUG - 2026-07-24 05:12:57 --> Session: Class initialized using 'CodeIgniter\Session\Handlers\DatabaseHandler' driver.
DEBUG - 2026-07-24 05:13:02 --> Session: Class initialized using 'CodeIgniter\Session\Handlers\DatabaseHandler' driver.
DEBUG - 2026-07-24 05:13:07 --> Session: Class initialized using 'CodeIgniter\Session\Handlers\DatabaseHandler' driver.
DEBUG - 2026-07-24 05:13:12 --> Session: Class initialized using 'CodeIgniter\Session\Handlers\DatabaseHandler' driver.
DEBUG - 2026-07-24 05:13:17 --> Session: Class initialized using 'CodeIgniter\Session\Handlers\DatabaseHandler' driver.
DEBUG - 2026-07-24 05:13:23 --> Session: Class initialized using 'CodeIgniter\Session\Handlers\DatabaseHandler' driver.
DEBUG - 2026-07-24 05:13:28 --> Session: Class initialized using 'CodeIgniter\Session\Handlers\DatabaseHandler' driver.
DEBUG - 2026-07-24 05:13:32 --> Session: Class initialized using 'CodeIgniter\Session\Handlers\DatabaseHandler' driver.
DEBUG - 2026-07-24 05:13:33 --> Session: Class initialized using 'CodeIgniter\Session\Handlers\DatabaseHandler' driver.
DEBUG - 2026-07-24 05:13:38 --> Session: Class initialized using 'CodeIgniter\Session\Handlers\DatabaseHandler' driver.
DEBUG - 2026-07-24 05:13:43 --> Session: Class initialized using 'CodeIgniter\Session\Handlers\DatabaseHandler' driver.
DEBUG - 2026-07-24 05:13:48 --> Session: Class initialized using 'CodeIgniter\Session\Handlers\DatabaseHandler' driver.
DEBUG - 2026-07-24 05:13:54 --> Session: Class initialized using 'CodeIgniter\Session\Handlers\DatabaseHandler' driver.
DEBUG - 2026-07-24 05:13:59 --> Session: Class initialized using 'CodeIgniter\Session\Handlers\DatabaseHandler' driver.
DEBUG - 2026-07-24 05:14:04 --> Session: Class initialized using 'CodeIgniter\Session\Handlers\DatabaseHandler' driver.
DEBUG - 2026-07-24 05:14:09 --> Session: Class initialized using 'CodeIgniter\Session\Handlers\DatabaseHandler' driver.
DEBUG - 2026-07-24 05:14:14 --> Session: Class initialized using 'CodeIgniter\Session\Handlers\DatabaseHandler' driver.
DEBUG - 2026-07-24 05:14:19 --> Session: Class initialized using 'CodeIgniter\Session\Handlers\DatabaseHandler' driver.
DEBUG - 2026-07-24 05:14:25 --> Session: Class initialized using 'CodeIgniter\Session\Handlers\DatabaseHandler' driver.
DEBUG - 2026-07-24 05:14:30 --> Session: Class initialized using 'CodeIgniter\Session\Handlers\DatabaseHandler' driver.
DEBUG - 2026-07-24 05:14:32 --> Session: Class initialized using 'CodeIgniter\Session\Handlers\DatabaseHandler' driver.
DEBUG - 2026-07-24 05:14:35 --> Session: Class initialized using 'CodeIgniter\Session\Handlers\DatabaseHandler' driver.
DEBUG - 2026-07-24 05:14:40 --> Session: Class initialized using 'CodeIgniter\Session\Handlers\DatabaseHandler' driver.
DEBUG - 2026-07-24 05:14:45 --> Session: Class initialized using 'CodeIgniter\Session\Handlers\DatabaseHandler' driver.
DEBUG - 2026-07-24 05:14:51 --> Session: Class initialized using 'CodeIgniter\Session\Handlers\DatabaseHandler' driver.
DEBUG - 2026-07-24 05:14:56 --> Session: Class initialized using 'CodeIgniter\Session\Handlers\DatabaseHandler' driver.
DEBUG - 2026-07-24 05:15:01 --> Session: Class initialized using 'CodeIgniter\Session\Handlers\DatabaseHandler' driver.
DEBUG - 2026-07-24 05:15:06 --> Session: Class initialized using 'CodeIgniter\Session\Handlers\DatabaseHandler' driver.
DEBUG - 2026-07-24 05:15:12 --> Session: Class initialized using 'CodeIgniter\Session\Handlers\DatabaseHandler' driver.
DEBUG - 2026-07-24 05:15:18 --> Session: Class initialized using 'CodeIgniter\Session\Handlers\DatabaseHandler' driver.
DEBUG - 2026-07-24 05:15:24 --> Session: Class initialized using 'CodeIgniter\Session\Handlers\DatabaseHandler' driver.
DEBUG - 2026-07-24 05:15:29 --> Session: Class initialized using 'CodeIgniter\Session\Handlers\DatabaseHandler' driver.
DEBUG - 2026-07-24 05:15:32 --> Session: Class initialized using 'CodeIgniter\Session\Handlers\DatabaseHandler' driver.
DEBUG - 2026-07-24 05:15:34 --> Session: Class initialized using 'CodeIgniter\Session\Handlers\DatabaseHandler' driver.
DEBUG - 2026-07-24 05:15:39 --> Session: Class initialized using 'CodeIgniter\Session\Handlers\DatabaseHandler' driver.
DEBUG - 2026-07-24 05:15:45 --> Session: Class initialized using 'CodeIgniter\Session\Handlers\DatabaseHandler' driver.
DEBUG - 2026-07-24 05:15:51 --> Session: Class initialized using 'CodeIgniter\Session\Handlers\DatabaseHandler' driver.
DEBUG - 2026-07-24 05:15:57 --> Session: Class initialized using 'CodeIgniter\Session\Handlers\DatabaseHandler' driver.
DEBUG - 2026-07-24 05:16:03 --> Session: Class initialized using 'CodeIgniter\Session\Handlers\DatabaseHandler' driver.
DEBUG - 2026-07-24 05:16:09 --> Session: Class initialized using 'CodeIgniter\Session\Handlers\DatabaseHandler' driver.
DEBUG - 2026-07-24 05:16:15 --> Session: Class initialized using 'CodeIgniter\Session\Handlers\DatabaseHandler' driver.
DEBUG - 2026-07-24 05:16:21 --> Session: Class initialized using 'CodeIgniter\Session\Handlers\DatabaseHandler' driver.
DEBUG - 2026-07-24 05:16:27 --> Session: Class initialized using 'CodeIgniter\Session\Handlers\DatabaseHandler' driver.
DEBUG - 2026-07-24 05:16:33 --> Session: Class initialized using 'CodeIgniter\Session\Handlers\DatabaseHandler' driver.
DEBUG - 2026-07-24 05:16:33 --> Session: Class initialized using 'CodeIgniter\Session\Handlers\DatabaseHandler' driver.
DEBUG - 2026-07-24 05:16:38 --> Session: Class initialized using 'CodeIgniter\Session\Handlers\DatabaseHandler' driver.
DEBUG - 2026-07-24 05:16:44 --> Session: Class initialized using 'CodeIgniter\Session\Handlers\DatabaseHandler' driver.
DEBUG - 2026-07-24 05:16:46 --> Session: Class initialized using 'CodeIgniter\Session\Handlers\DatabaseHandler' driver.
DEBUG - 2026-07-24 05:16:50 --> Session: Class initialized using 'CodeIgniter\Session\Handlers\DatabaseHandler' driver.
DEBUG - 2026-07-24 05:16:56 --> Session: Class initialized using 'CodeIgniter\Session\Handlers\DatabaseHandler' driver.
DEBUG - 2026-07-24 05:17:02 --> Session: Class initialized using 'CodeIgniter\Session\Handlers\DatabaseHandler' driver.
DEBUG - 2026-07-24 05:17:08 --> Session: Class initialized using 'CodeIgniter\Session\Handlers\DatabaseHandler' driver.
DEBUG - 2026-07-24 05:17:14 --> Session: Class initialized using 'CodeIgniter\Session\Handlers\DatabaseHandler' driver.
DEBUG - 2026-07-24 05:17:20 --> Session: Class initialized using 'CodeIgniter\Session\Handlers\DatabaseHandler' driver.
DEBUG - 2026-07-24 05:17:26 --> Session: Class initialized using 'CodeIgniter\Session\Handlers\DatabaseHandler' driver.
DEBUG - 2026-07-24 05:17:32 --> Session: Class initialized using 'CodeIgniter\Session\Handlers\DatabaseHandler' driver.
DEBUG - 2026-07-24 05:17:34 --> Session: Class initialized using 'CodeIgniter\Session\Handlers\DatabaseHandler' driver.
DEBUG - 2026-07-24 05:17:38 --> Session: Class initialized using 'CodeIgniter\Session\Handlers\DatabaseHandler' driver.
DEBUG - 2026-07-24 05:17:44 --> Session: Class initialized using 'CodeIgniter\Session\Handlers\DatabaseHandler' driver.
DEBUG - 2026-07-24 05:17:50 --> Session: Class initialized using 'CodeIgniter\Session\Handlers\DatabaseHandler' driver.
DEBUG - 2026-07-24 05:17:56 --> Session: Class initialized using 'CodeIgniter\Session\Handlers\DatabaseHandler' driver.
DEBUG - 2026-07-24 05:18:02 --> Session: Class initialized using 'CodeIgniter\Session\Handlers\DatabaseHandler' driver.
DEBUG - 2026-07-24 05:18:08 --> Session: Class initialized using 'CodeIgniter\Session\Handlers\DatabaseHandler' driver.
DEBUG - 2026-07-24 05:18:14 --> Session: Class initialized using 'CodeIgniter\Session\Handlers\DatabaseHandler' driver.
DEBUG - 2026-07-24 05:18:20 --> Session: Class initialized using 'CodeIgniter\Session\Handlers\DatabaseHandler' driver.
DEBUG - 2026-07-24 05:18:26 --> Session: Class initialized using 'CodeIgniter\Session\Handlers\DatabaseHandler' driver.
DEBUG - 2026-07-24 05:18:32 --> Session: Class initialized using 'CodeIgniter\Session\Handlers\DatabaseHandler' driver.
DEBUG - 2026-07-24 05:18:35 --> Session: Class initialized using 'CodeIgniter\Session\Handlers\DatabaseHandler' driver.
DEBUG - 2026-07-24 05:18:38 --> Session: Class initialized using 'CodeIgniter\Session\Handlers\DatabaseHandler' driver.
DEBUG - 2026-07-24 05:18:44 --> Session: Class initialized using 'CodeIgniter\Session\Handlers\DatabaseHandler' driver.
DEBUG - 2026-07-24 05:18:50 --> Session: Class initialized using 'CodeIgniter\Session\Handlers\DatabaseHandler' driver.
DEBUG - 2026-07-24 05:18:56 --> Session: Class initialized using 'CodeIgniter\Session\Handlers\DatabaseHandler' driver.
DEBUG - 2026-07-24 05:19:02 --> Session: Class initialized using 'CodeIgniter\Session\Handlers\DatabaseHandler' driver.
DEBUG - 2026-07-24 05:19:08 --> Session: Class initialized using 'CodeIgniter\Session\Handlers\DatabaseHandler' driver.
DEBUG - 2026-07-24 05:19:14 --> Session: Class initialized using 'CodeIgniter\Session\Handlers\DatabaseHandler' driver.
DEBUG - 2026-07-24 05:19:20 --> Session: Class initialized using 'CodeIgniter\Session\Handlers\DatabaseHandler' driver.
DEBUG - 2026-07-24 05:19:26 --> Session: Class initialized using 'CodeIgniter\Session\Handlers\DatabaseHandler' driver.
DEBUG - 2026-07-24 05:19:32 --> Session: Class initialized using 'CodeIgniter\Session\Handlers\DatabaseHandler' driver.
DEBUG - 2026-07-24 05:19:36 --> Session: Class initialized using 'CodeIgniter\Session\Handlers\DatabaseHandler' driver.
DEBUG - 2026-07-24 05:19:38 --> Session: Class initialized using 'CodeIgniter\Session\Handlers\DatabaseHandler' driver.
DEBUG - 2026-07-24 05:19:44 --> Session: Class initialized using 'CodeIgniter\Session\Handlers\DatabaseHandler' driver.
DEBUG - 2026-07-24 05:19:50 --> Session: Class initialized using 'CodeIgniter\Session\Handlers\DatabaseHandler' driver.
DEBUG - 2026-07-24 05:19:56 --> Session: Class initialized using 'CodeIgniter\Session\Handlers\DatabaseHandler' driver.
DEBUG - 2026-07-24 07:32:30 --> Session: Class initialized using 'CodeIgniter\Session\Handlers\DatabaseHandler' driver.
WARNING - 2026-07-24 07:32:31 --> Fiscal draft viewer requested a missing document id: 999999999.
WARNING - 2026-07-24 07:32:31 --> Fiscal draft not found.
WARNING - 2026-07-24 07:32:31 --> Fiscal draft viewer requested a missing document id: 52.
WARNING - 2026-07-24 07:32:31 --> Fiscal draft not found.
WARNING - 2026-07-24 07:32:31 --> Fiscal draft access denied.
DEBUG - 2026-07-24 07:32:39 --> Session: Class initialized using 'CodeIgniter\Session\Handlers\DatabaseHandler' driver.
CRITICAL - 2026-07-24 07:35:24 --> ErrorException: Uncaught Exception: DateTimeZone::__construct(): Unknown or bad timezone () in C:\xampp\htdocs\ikontrol2\ikon2.0\app\Helpers\date_time_helper.php:11
Stack trace:
#0 C:\xampp\htdocs\ikontrol2\ikon2.0\app\Helpers\date_time_helper.php(11): DateTimeZone->__construct('')
#1 C:\xampp\htdocs\ikontrol2\ikon2.0\app\Helpers\date_time_helper.php(79): get_timezone_offset()
#2 C:\xampp\htdocs\ikontrol2\ikon2.0\app\Models\Invoices_model.php(99): get_my_local_time('Y-m-d')
#3 C:\xampp\htdocs\ikontrol2\ikon2.0\app\Services\Fiscal\SaleFiscalReadinessService.php(15): App\Models\Invoices_model->get_details(Array)
#4 C:\xampp\htdocs\ikontrol2\ikon2.0\app\Services\Fiscal\FiscalDraftCreationService.php(21): App\Services\Fiscal\SaleFiscalReadinessService->review(50, 2, 1, 1)
#5 Command line code(1): App\Services\Fiscal\FiscalDraftCreationService->create(50, 2, 1, 1, 98, Array, 1, true, true)
#6 {main}
  thrown
[Method: GET, Route: /]
in APPPATH\Helpers\date_time_helper.php on line 11.
 1 [internal function]: CodeIgniter\Debug\Exceptions->shutdownHandler()
DEBUG - 2026-07-24 07:35:42 --> Session: Initialization under CLI aborted.
CRITICAL - 2026-07-24 07:35:42 --> ErrorException: Uncaught RuntimeException: La preparación de precios no existe o dejó de estar vigente. in C:\xampp\htdocs\ikontrol2\ikon2.0\app\Services\Fiscal\FiscalDraftCreationService.php:24
Stack trace:
#0 Command line code(1): App\Services\Fiscal\FiscalDraftCreationService->create(50, 2, 1, 1, 98, Array, 1, true, true)
#1 {main}
  thrown
[Method: GET, Route: /]
in APPPATH\Services\Fiscal\FiscalDraftCreationService.php on line 24.
 1 [internal function]: CodeIgniter\Debug\Exceptions->shutdownHandler()
DEBUG - 2026-07-24 07:36:06 --> Session: Initialization under CLI aborted.
DEBUG - 2026-07-24 07:37:04 --> Session: Class initialized using 'CodeIgniter\Session\Handlers\DatabaseHandler' driver.
ERROR - 2026-07-24 07:37:04 --> Atomic estimate acceptance failed estimate=54: Injected item failure FCPATH\tests\Increment02\database_integration.php:108
INFO - 2026-07-24 07:37:04 --> Reused existing invoice=52 estimate=54; no duplicate.
DEBUG - 2026-07-24 07:37:11 --> Session: Class initialized using 'CodeIgniter\Session\Handlers\DatabaseHandler' driver.
INFO - 2026-07-24 07:37:11 --> Reused existing invoice=52 estimate=54; no duplicate.
DEBUG - 2026-07-24 07:37:17 --> Session: Class initialized using 'CodeIgniter\Session\Handlers\DatabaseHandler' driver.
INFO - 2026-07-24 07:37:18 --> Reused existing invoice=54 estimate=55; no duplicate.
ERROR - 2026-07-24 07:37:18 --> Atomic estimate acceptance failed estimate=58: La cotización no contiene partidas; no se puede crear una venta vacía. APPPATH\Services\EstimateToInvoiceService.php:51
ERROR - 2026-07-24 07:37:18 --> Complete invoice creation failed: Object of class stdClass could not be converted to string SYSTEMPATH\Database\Query.php:339
DEBUG - 2026-07-24 07:37:24 --> Session: Class initialized using 'CodeIgniter\Session\Handlers\DatabaseHandler' driver.
DEBUG - 2026-07-24 07:37:24 --> Invoice list filters user=1 type=- status=- start=- end=- currency=- own_creator=0 own_client=0
DEBUG - 2026-07-24 07:37:24 --> Invoice list filters user=1 type=- status=- start=2026-07-01 end=2026-07-31 currency=- own_creator=0 own_client=0
DEBUG - 2026-07-24 07:37:29 --> Session: Class initialized using 'CodeIgniter\Session\Handlers\DatabaseHandler' driver.
DEBUG - 2026-07-24 07:37:35 --> Session: Class initialized using 'CodeIgniter\Session\Handlers\DatabaseHandler' driver.
WARNING - 2026-07-24 07:37:35 --> Fiscal item form rejected missing item id=99999999
ERROR - 2026-07-24 07:37:35 --> Fiscal item save failed item=1: RuntimeException No se permite seleccionar el mismo impuesto más de una vez. APPPATH\Controllers\Fiscal\ItemSettings.php:67
DEBUG - 2026-07-24 07:37:43 --> Session: Class initialized using 'CodeIgniter\Session\Handlers\DatabaseHandler' driver.
DEBUG - 2026-07-24 07:37:52 --> Session: Class initialized using 'CodeIgniter\Session\Handlers\DatabaseHandler' driver.
DEBUG - 2026-07-24 07:37:58 --> Session: Class initialized using 'CodeIgniter\Session\Handlers\DatabaseHandler' driver.
DEBUG - 2026-07-24 07:38:03 --> Session: Class initialized using 'CodeIgniter\Session\Handlers\DatabaseHandler' driver.
DEBUG - 2026-07-24 07:38:09 --> Session: Class initialized using 'CodeIgniter\Session\Handlers\DatabaseHandler' driver.
WARNING - 2026-07-24 07:38:09 --> Fiscal draft viewer requested a missing document id: 999999999.
WARNING - 2026-07-24 07:38:09 --> Fiscal draft not found.
WARNING - 2026-07-24 07:38:09 --> Fiscal draft viewer requested a missing document id: 52.
WARNING - 2026-07-24 07:38:09 --> Fiscal draft not found.
WARNING - 2026-07-24 07:38:09 --> Fiscal draft access denied.
DEBUG - 2026-07-24 07:38:15 --> Session: Class initialized using 'CodeIgniter\Session\Handlers\DatabaseHandler' driver.
DEBUG - 2026-07-24 07:38:23 --> Session: Class initialized using 'CodeIgniter\Session\Handlers\DatabaseHandler' driver.
CRITICAL - 2026-07-24 07:38:49 --> ErrorException: Uncaught RuntimeException: Ruta de artefacto fiscal inválida. in C:\xampp\htdocs\ikontrol2\ikon2.0\app\Services\Fiscal\FiscalArtifactStorageService.php:77
Stack trace:
#0 Command line code(1): App\Services\Fiscal\FiscalArtifactStorageService->read(Object(stdClass))
#1 {main}
  thrown
[Method: GET, Route: /]
in APPPATH\Services\Fiscal\FiscalArtifactStorageService.php on line 77.
 1 [internal function]: CodeIgniter\Debug\Exceptions->shutdownHandler()
DEBUG - 2026-07-24 10:37:55 --> Session: Class initialized using 'CodeIgniter\Session\Handlers\DatabaseHandler' driver.
DEBUG - 2026-07-24 10:38:04 --> Session: Class initialized using 'CodeIgniter\Session\Handlers\DatabaseHandler' driver.
DEBUG - 2026-07-24 10:43:22 --> Session: Class initialized using 'CodeIgniter\Session\Handlers\DatabaseHandler' driver.
DEBUG - 2026-07-24 10:43:22 --> Session: Class initialized using 'CodeIgniter\Session\Handlers\DatabaseHandler' driver.
DEBUG - 2026-07-24 10:43:24 --> Session: Class initialized using 'CodeIgniter\Session\Handlers\DatabaseHandler' driver.
DEBUG - 2026-07-24 10:43:26 --> Session: Class initialized using 'CodeIgniter\Session\Handlers\DatabaseHandler' driver.
DEBUG - 2026-07-24 10:43:26 --> Session: Class initialized using 'CodeIgniter\Session\Handlers\DatabaseHandler' driver.
DEBUG - 2026-07-24 10:43:26 --> Session: Class initialized using 'CodeIgniter\Session\Handlers\DatabaseHandler' driver.
DEBUG - 2026-07-24 10:43:29 --> Session: Class initialized using 'CodeIgniter\Session\Handlers\DatabaseHandler' driver.
DEBUG - 2026-07-24 10:43:30 --> Session: Class initialized using 'CodeIgniter\Session\Handlers\DatabaseHandler' driver.
DEBUG - 2026-07-24 10:43:30 --> Session: Class initialized using 'CodeIgniter\Session\Handlers\DatabaseHandler' driver.
DEBUG - 2026-07-24 10:43:31 --> Session: Class initialized using 'CodeIgniter\Session\Handlers\DatabaseHandler' driver.
DEBUG - 2026-07-24 10:43:32 --> Session: Class initialized using 'CodeIgniter\Session\Handlers\DatabaseHandler' driver.
DEBUG - 2026-07-24 10:43:39 --> Session: Class initialized using 'CodeIgniter\Session\Handlers\DatabaseHandler' driver.
DEBUG - 2026-07-24 10:43:39 --> Session: Class initialized using 'CodeIgniter\Session\Handlers\DatabaseHandler' driver.
DEBUG - 2026-07-24 10:43:44 --> Session: Class initialized using 'CodeIgniter\Session\Handlers\DatabaseHandler' driver.
DEBUG - 2026-07-24 10:43:49 --> Session: Class initialized using 'CodeIgniter\Session\Handlers\DatabaseHandler' driver.
DEBUG - 2026-07-24 10:43:55 --> Session: Class initialized using 'CodeIgniter\Session\Handlers\DatabaseHandler' driver.
DEBUG - 2026-07-24 10:43:55 --> Session: Class initialized using 'CodeIgniter\Session\Handlers\DatabaseHandler' driver.
DEBUG - 2026-07-24 10:43:55 --> Session: Class initialized using 'CodeIgniter\Session\Handlers\DatabaseHandler' driver.
DEBUG - 2026-07-24 10:43:55 --> Session: Class initialized using 'CodeIgniter\Session\Handlers\DatabaseHandler' driver.
DEBUG - 2026-07-24 10:43:56 --> Session: Class initialized using 'CodeIgniter\Session\Handlers\DatabaseHandler' driver.
DEBUG - 2026-07-24 10:43:57 --> Session: Class initialized using 'CodeIgniter\Session\Handlers\DatabaseHandler' driver.
DEBUG - 2026-07-24 10:43:57 --> Session: Class initialized using 'CodeIgniter\Session\Handlers\DatabaseHandler' driver.
DEBUG - 2026-07-24 10:43:57 --> Session: Class initialized using 'CodeIgniter\Session\Handlers\DatabaseHandler' driver.
DEBUG - 2026-07-24 10:43:58 --> Session: Class initialized using 'CodeIgniter\Session\Handlers\DatabaseHandler' driver.
DEBUG - 2026-07-24 10:43:59 --> Session: Class initialized using 'CodeIgniter\Session\Handlers\DatabaseHandler' driver.
DEBUG - 2026-07-24 10:43:59 --> Session: Class initialized using 'CodeIgniter\Session\Handlers\DatabaseHandler' driver.
DEBUG - 2026-07-24 10:43:59 --> Session: Class initialized using 'CodeIgniter\Session\Handlers\DatabaseHandler' driver.
DEBUG - 2026-07-24 10:44:00 --> Session: Class initialized using 'CodeIgniter\Session\Handlers\DatabaseHandler' driver.
DEBUG - 2026-07-24 10:44:02 --> Session: Class initialized using 'CodeIgniter\Session\Handlers\DatabaseHandler' driver.
DEBUG - 2026-07-24 10:44:02 --> Session: Class initialized using 'CodeIgniter\Session\Handlers\DatabaseHandler' driver.
DEBUG - 2026-07-24 10:44:03 --> Session: Class initialized using 'CodeIgniter\Session\Handlers\DatabaseHandler' driver.
DEBUG - 2026-07-24 10:44:03 --> Session: Class initialized using 'CodeIgniter\Session\Handlers\DatabaseHandler' driver.
DEBUG - 2026-07-24 10:44:04 --> Session: Class initialized using 'CodeIgniter\Session\Handlers\DatabaseHandler' driver.
DEBUG - 2026-07-24 10:44:13 --> Session: Class initialized using 'CodeIgniter\Session\Handlers\DatabaseHandler' driver.
DEBUG - 2026-07-24 10:44:14 --> Session: Class initialized using 'CodeIgniter\Session\Handlers\DatabaseHandler' driver.
DEBUG - 2026-07-24 10:44:18 --> Session: Class initialized using 'CodeIgniter\Session\Handlers\DatabaseHandler' driver.
DEBUG - 2026-07-24 10:44:18 --> Session: Class initialized using 'CodeIgniter\Session\Handlers\DatabaseHandler' driver.
DEBUG - 2026-07-24 10:44:18 --> Session: Class initialized using 'CodeIgniter\Session\Handlers\DatabaseHandler' driver.
DEBUG - 2026-07-24 10:44:19 --> Session: Class initialized using 'CodeIgniter\Session\Handlers\DatabaseHandler' driver.
DEBUG - 2026-07-24 10:44:19 --> Session: Class initialized using 'CodeIgniter\Session\Handlers\DatabaseHandler' driver.
DEBUG - 2026-07-24 10:44:20 --> Session: Class initialized using 'CodeIgniter\Session\Handlers\DatabaseHandler' driver.
DEBUG - 2026-07-24 10:44:25 --> Session: Class initialized using 'CodeIgniter\Session\Handlers\DatabaseHandler' driver.
DEBUG - 2026-07-24 10:44:25 --> Session: Class initialized using 'CodeIgniter\Session\Handlers\DatabaseHandler' driver.
DEBUG - 2026-07-24 10:44:25 --> Session: Class initialized using 'CodeIgniter\Session\Handlers\DatabaseHandler' driver.
DEBUG - 2026-07-24 10:44:27 --> Session: Class initialized using 'CodeIgniter\Session\Handlers\DatabaseHandler' driver.
DEBUG - 2026-07-24 10:44:32 --> Session: Class initialized using 'CodeIgniter\Session\Handlers\DatabaseHandler' driver.
DEBUG - 2026-07-24 10:44:32 --> Session: Class initialized using 'CodeIgniter\Session\Handlers\DatabaseHandler' driver.
DEBUG - 2026-07-24 10:44:34 --> Session: Class initialized using 'CodeIgniter\Session\Handlers\DatabaseHandler' driver.
DEBUG - 2026-07-24 10:44:42 --> Session: Class initialized using 'CodeIgniter\Session\Handlers\DatabaseHandler' driver.
DEBUG - 2026-07-24 10:44:43 --> Session: Class initialized using 'CodeIgniter\Session\Handlers\DatabaseHandler' driver.
DEBUG - 2026-07-24 10:44:48 --> Session: Class initialized using 'CodeIgniter\Session\Handlers\DatabaseHandler' driver.
DEBUG - 2026-07-24 10:44:53 --> Session: Class initialized using 'CodeIgniter\Session\Handlers\DatabaseHandler' driver.
DEBUG - 2026-07-24 10:44:58 --> Session: Class initialized using 'CodeIgniter\Session\Handlers\DatabaseHandler' driver.
DEBUG - 2026-07-24 10:45:02 --> Session: Class initialized using 'CodeIgniter\Session\Handlers\DatabaseHandler' driver.
DEBUG - 2026-07-24 10:45:03 --> Session: Class initialized using 'CodeIgniter\Session\Handlers\DatabaseHandler' driver.
DEBUG - 2026-07-24 10:45:09 --> Session: Class initialized using 'CodeIgniter\Session\Handlers\DatabaseHandler' driver.
DEBUG - 2026-07-24 10:45:14 --> Session: Class initialized using 'CodeIgniter\Session\Handlers\DatabaseHandler' driver.
DEBUG - 2026-07-24 10:45:19 --> Session: Class initialized using 'CodeIgniter\Session\Handlers\DatabaseHandler' driver.
DEBUG - 2026-07-24 10:45:22 --> Session: Class initialized using 'CodeIgniter\Session\Handlers\DatabaseHandler' driver.
DEBUG - 2026-07-24 10:45:23 --> Session: Class initialized using 'CodeIgniter\Session\Handlers\DatabaseHandler' driver.
DEBUG - 2026-07-24 10:45:23 --> Session: Class initialized using 'CodeIgniter\Session\Handlers\DatabaseHandler' driver.
DEBUG - 2026-07-24 10:45:24 --> Session: Class initialized using 'CodeIgniter\Session\Handlers\DatabaseHandler' driver.
DEBUG - 2026-07-24 10:45:33 --> Session: Class initialized using 'CodeIgniter\Session\Handlers\DatabaseHandler' driver.
DEBUG - 2026-07-24 10:45:33 --> Session: Class initialized using 'CodeIgniter\Session\Handlers\DatabaseHandler' driver.
DEBUG - 2026-07-24 10:45:38 --> Session: Class initialized using 'CodeIgniter\Session\Handlers\DatabaseHandler' driver.
DEBUG - 2026-07-24 10:45:41 --> Session: Class initialized using 'CodeIgniter\Session\Handlers\DatabaseHandler' driver.
DEBUG - 2026-07-24 10:45:42 --> Session: Class initialized using 'CodeIgniter\Session\Handlers\DatabaseHandler' driver.
DEBUG - 2026-07-24 10:45:42 --> Session: Class initialized using 'CodeIgniter\Session\Handlers\DatabaseHandler' driver.
DEBUG - 2026-07-24 10:45:43 --> Session: Class initialized using 'CodeIgniter\Session\Handlers\DatabaseHandler' driver.
DEBUG - 2026-07-24 10:45:45 --> Session: Class initialized using 'CodeIgniter\Session\Handlers\DatabaseHandler' driver.
DEBUG - 2026-07-24 10:45:45 --> Session: Class initialized using 'CodeIgniter\Session\Handlers\DatabaseHandler' driver.
DEBUG - 2026-07-24 10:45:46 --> Session: Class initialized using 'CodeIgniter\Session\Handlers\DatabaseHandler' driver.
DEBUG - 2026-07-24 10:45:47 --> Session: Class initialized using 'CodeIgniter\Session\Handlers\DatabaseHandler' driver.
DEBUG - 2026-07-24 10:45:47 --> Session: Class initialized using 'CodeIgniter\Session\Handlers\DatabaseHandler' driver.
DEBUG - 2026-07-24 10:45:48 --> Session: Class initialized using 'CodeIgniter\Session\Handlers\DatabaseHandler' driver.
DEBUG - 2026-07-24 10:45:48 --> Session: Class initialized using 'CodeIgniter\Session\Handlers\DatabaseHandler' driver.
DEBUG - 2026-07-24 10:45:48 --> Session: Class initialized using 'CodeIgniter\Session\Handlers\DatabaseHandler' driver.
DEBUG - 2026-07-24 10:45:50 --> Session: Class initialized using 'CodeIgniter\Session\Handlers\DatabaseHandler' driver.
DEBUG - 2026-07-24 10:45:57 --> Session: Class initialized using 'CodeIgniter\Session\Handlers\DatabaseHandler' driver.
DEBUG - 2026-07-24 10:45:59 --> Session: Class initialized using 'CodeIgniter\Session\Handlers\DatabaseHandler' driver.
DEBUG - 2026-07-24 10:46:03 --> Session: Class initialized using 'CodeIgniter\Session\Handlers\DatabaseHandler' driver.
DEBUG - 2026-07-24 10:46:08 --> Session: Class initialized using 'CodeIgniter\Session\Handlers\DatabaseHandler' driver.
DEBUG - 2026-07-24 10:46:11 --> Session: Class initialized using 'CodeIgniter\Session\Handlers\DatabaseHandler' driver.
DEBUG - 2026-07-24 10:46:11 --> Session: Class initialized using 'CodeIgniter\Session\Handlers\DatabaseHandler' driver.
DEBUG - 2026-07-24 10:46:12 --> Session: Class initialized using 'CodeIgniter\Session\Handlers\DatabaseHandler' driver.
DEBUG - 2026-07-24 10:46:12 --> Invoice list filters user=1 type=- status=- start=2026-07-01 end=2026-07-31 currency=- own_creator=0 own_client=0
DEBUG - 2026-07-24 10:46:13 --> Session: Class initialized using 'CodeIgniter\Session\Handlers\DatabaseHandler' driver.
DEBUG - 2026-07-24 10:46:15 --> Session: Class initialized using 'CodeIgniter\Session\Handlers\DatabaseHandler' driver.
DEBUG - 2026-07-24 10:46:18 --> Session: Class initialized using 'CodeIgniter\Session\Handlers\DatabaseHandler' driver.
DEBUG - 2026-07-24 10:46:21 --> Session: Class initialized using 'CodeIgniter\Session\Handlers\DatabaseHandler' driver.
DEBUG - 2026-07-24 10:46:22 --> Session: Class initialized using 'CodeIgniter\Session\Handlers\DatabaseHandler' driver.
DEBUG - 2026-07-24 10:46:27 --> Session: Class initialized using 'CodeIgniter\Session\Handlers\DatabaseHandler' driver.
DEBUG - 2026-07-24 10:46:32 --> Session: Class initialized using 'CodeIgniter\Session\Handlers\DatabaseHandler' driver.
DEBUG - 2026-07-24 10:46:37 --> Session: Class initialized using 'CodeIgniter\Session\Handlers\DatabaseHandler' driver.
DEBUG - 2026-07-24 10:46:41 --> Session: Class initialized using 'CodeIgniter\Session\Handlers\DatabaseHandler' driver.
DEBUG - 2026-07-24 10:46:42 --> Session: Class initialized using 'CodeIgniter\Session\Handlers\DatabaseHandler' driver.
DEBUG - 2026-07-24 10:46:47 --> Session: Class initialized using 'CodeIgniter\Session\Handlers\DatabaseHandler' driver.
DEBUG - 2026-07-24 10:46:50 --> Session: Class initialized using 'CodeIgniter\Session\Handlers\DatabaseHandler' driver.
DEBUG - 2026-07-24 10:46:50 --> Session: Class initialized using 'CodeIgniter\Session\Handlers\DatabaseHandler' driver.
DEBUG - 2026-07-24 10:46:51 --> Session: Class initialized using 'CodeIgniter\Session\Handlers\DatabaseHandler' driver.
DEBUG - 2026-07-24 10:46:51 --> Invoice list filters user=1 type=- status=- start=2026-07-01 end=2026-07-31 currency=- own_creator=0 own_client=0
DEBUG - 2026-07-24 10:46:52 --> Session: Class initialized using 'CodeIgniter\Session\Handlers\DatabaseHandler' driver.
DEBUG - 2026-07-24 10:47:00 --> Session: Class initialized using 'CodeIgniter\Session\Handlers\DatabaseHandler' driver.
DEBUG - 2026-07-24 10:47:01 --> Session: Class initialized using 'CodeIgniter\Session\Handlers\DatabaseHandler' driver.
DEBUG - 2026-07-24 10:47:06 --> Session: Class initialized using 'CodeIgniter\Session\Handlers\DatabaseHandler' driver.
DEBUG - 2026-07-24 10:47:07 --> Session: Class initialized using 'CodeIgniter\Session\Handlers\DatabaseHandler' driver.
DEBUG - 2026-07-24 10:47:07 --> Session: Class initialized using 'CodeIgniter\Session\Handlers\DatabaseHandler' driver.
DEBUG - 2026-07-24 10:47:07 --> Session: Class initialized using 'CodeIgniter\Session\Handlers\DatabaseHandler' driver.
DEBUG - 2026-07-24 10:47:09 --> Session: Class initialized using 'CodeIgniter\Session\Handlers\DatabaseHandler' driver.
DEBUG - 2026-07-24 10:47:11 --> Session: Class initialized using 'CodeIgniter\Session\Handlers\DatabaseHandler' driver.
DEBUG - 2026-07-24 10:47:12 --> Session: Class initialized using 'CodeIgniter\Session\Handlers\DatabaseHandler' driver.
DEBUG - 2026-07-24 10:47:13 --> Session: Class initialized using 'CodeIgniter\Session\Handlers\DatabaseHandler' driver.
DEBUG - 2026-07-24 10:47:13 --> Session: Class initialized using 'CodeIgniter\Session\Handlers\DatabaseHandler' driver.
DEBUG - 2026-07-24 10:47:13 --> Session: Class initialized using 'CodeIgniter\Session\Handlers\DatabaseHandler' driver.
DEBUG - 2026-07-24 10:47:14 --> Session: Class initialized using 'CodeIgniter\Session\Handlers\DatabaseHandler' driver.
DEBUG - 2026-07-24 10:47:16 --> Session: Class initialized using 'CodeIgniter\Session\Handlers\DatabaseHandler' driver.
DEBUG - 2026-07-24 10:47:22 --> Session: Class initialized using 'CodeIgniter\Session\Handlers\DatabaseHandler' driver.
DEBUG - 2026-07-24 10:47:23 --> Session: Class initialized using 'CodeIgniter\Session\Handlers\DatabaseHandler' driver.
DEBUG - 2026-07-24 10:47:28 --> Session: Class initialized using 'CodeIgniter\Session\Handlers\DatabaseHandler' driver.
DEBUG - 2026-07-24 10:47:33 --> Session: Class initialized using 'CodeIgniter\Session\Handlers\DatabaseHandler' driver.
DEBUG - 2026-07-24 10:47:36 --> Session: Class initialized using 'CodeIgniter\Session\Handlers\DatabaseHandler' driver.
DEBUG - 2026-07-24 10:47:37 --> Session: Class initialized using 'CodeIgniter\Session\Handlers\DatabaseHandler' driver.
DEBUG - 2026-07-24 10:47:37 --> Session: Class initialized using 'CodeIgniter\Session\Handlers\DatabaseHandler' driver.
DEBUG - 2026-07-24 10:47:37 --> Invoice list filters user=1 type=- status=- start=2026-07-01 end=2026-07-31 currency=- own_creator=0 own_client=0
DEBUG - 2026-07-24 10:47:38 --> Session: Class initialized using 'CodeIgniter\Session\Handlers\DatabaseHandler' driver.
DEBUG - 2026-07-24 10:47:47 --> Session: Class initialized using 'CodeIgniter\Session\Handlers\DatabaseHandler' driver.
DEBUG - 2026-07-24 10:47:47 --> Session: Class initialized using 'CodeIgniter\Session\Handlers\DatabaseHandler' driver.
DEBUG - 2026-07-24 10:47:52 --> Session: Class initialized using 'CodeIgniter\Session\Handlers\DatabaseHandler' driver.
DEBUG - 2026-07-24 10:47:57 --> Session: Class initialized using 'CodeIgniter\Session\Handlers\DatabaseHandler' driver.
DEBUG - 2026-07-24 10:48:02 --> Session: Class initialized using 'CodeIgniter\Session\Handlers\DatabaseHandler' driver.
DEBUG - 2026-07-24 10:48:07 --> Session: Class initialized using 'CodeIgniter\Session\Handlers\DatabaseHandler' driver.
DEBUG - 2026-07-24 10:48:08 --> Session: Class initialized using 'CodeIgniter\Session\Handlers\DatabaseHandler' driver.
DEBUG - 2026-07-24 10:48:13 --> Session: Class initialized using 'CodeIgniter\Session\Handlers\DatabaseHandler' driver.
DEBUG - 2026-07-24 10:48:18 --> Session: Class initialized using 'CodeIgniter\Session\Handlers\DatabaseHandler' driver.
DEBUG - 2026-07-24 10:48:23 --> Session: Class initialized using 'CodeIgniter\Session\Handlers\DatabaseHandler' driver.
DEBUG - 2026-07-24 10:48:28 --> Session: Class initialized using 'CodeIgniter\Session\Handlers\DatabaseHandler' driver.
DEBUG - 2026-07-24 10:48:33 --> Session: Class initialized using 'CodeIgniter\Session\Handlers\DatabaseHandler' driver.
DEBUG - 2026-07-24 10:48:38 --> Session: Class initialized using 'CodeIgniter\Session\Handlers\DatabaseHandler' driver.
DEBUG - 2026-07-24 10:48:44 --> Session: Class initialized using 'CodeIgniter\Session\Handlers\DatabaseHandler' driver.
DEBUG - 2026-07-24 10:48:47 --> Session: Class initialized using 'CodeIgniter\Session\Handlers\DatabaseHandler' driver.
DEBUG - 2026-07-24 10:48:49 --> Session: Class initialized using 'CodeIgniter\Session\Handlers\DatabaseHandler' driver.
DEBUG - 2026-07-24 10:48:54 --> Session: Class initialized using 'CodeIgniter\Session\Handlers\DatabaseHandler' driver.
DEBUG - 2026-07-24 10:48:59 --> Session: Class initialized using 'CodeIgniter\Session\Handlers\DatabaseHandler' driver.
DEBUG - 2026-07-24 10:49:04 --> Session: Class initialized using 'CodeIgniter\Session\Handlers\DatabaseHandler' driver.
DEBUG - 2026-07-24 10:49:09 --> Session: Class initialized using 'CodeIgniter\Session\Handlers\DatabaseHandler' driver.
DEBUG - 2026-07-24 10:49:15 --> Session: Class initialized using 'CodeIgniter\Session\Handlers\DatabaseHandler' driver.
DEBUG - 2026-07-24 10:49:20 --> Session: Class initialized using 'CodeIgniter\Session\Handlers\DatabaseHandler' driver.
DEBUG - 2026-07-24 10:49:25 --> Session: Class initialized using 'CodeIgniter\Session\Handlers\DatabaseHandler' driver.
DEBUG - 2026-07-24 10:49:30 --> Session: Class initialized using 'CodeIgniter\Session\Handlers\DatabaseHandler' driver.
DEBUG - 2026-07-24 10:49:35 --> Session: Class initialized using 'CodeIgniter\Session\Handlers\DatabaseHandler' driver.
DEBUG - 2026-07-24 10:49:40 --> Session: Class initialized using 'CodeIgniter\Session\Handlers\DatabaseHandler' driver.
DEBUG - 2026-07-24 10:49:46 --> Session: Class initialized using 'CodeIgniter\Session\Handlers\DatabaseHandler' driver.
DEBUG - 2026-07-24 10:49:47 --> Session: Class initialized using 'CodeIgniter\Session\Handlers\DatabaseHandler' driver.
DEBUG - 2026-07-24 10:49:51 --> Session: Class initialized using 'CodeIgniter\Session\Handlers\DatabaseHandler' driver.
DEBUG - 2026-07-24 10:49:57 --> Session: Class initialized using 'CodeIgniter\Session\Handlers\DatabaseHandler' driver.
DEBUG - 2026-07-24 10:50:03 --> Session: Class initialized using 'CodeIgniter\Session\Handlers\DatabaseHandler' driver.
DEBUG - 2026-07-24 10:50:09 --> Session: Class initialized using 'CodeIgniter\Session\Handlers\DatabaseHandler' driver.
DEBUG - 2026-07-24 10:50:15 --> Session: Class initialized using 'CodeIgniter\Session\Handlers\DatabaseHandler' driver.
DEBUG - 2026-07-24 10:50:21 --> Session: Class initialized using 'CodeIgniter\Session\Handlers\DatabaseHandler' driver.
DEBUG - 2026-07-24 10:50:27 --> Session: Class initialized using 'CodeIgniter\Session\Handlers\DatabaseHandler' driver.
DEBUG - 2026-07-24 10:50:33 --> Session: Class initialized using 'CodeIgniter\Session\Handlers\DatabaseHandler' driver.
DEBUG - 2026-07-24 10:50:39 --> Session: Class initialized using 'CodeIgniter\Session\Handlers\DatabaseHandler' driver.
DEBUG - 2026-07-24 10:50:45 --> Session: Class initialized using 'CodeIgniter\Session\Handlers\DatabaseHandler' driver.
DEBUG - 2026-07-24 10:50:48 --> Session: Class initialized using 'CodeIgniter\Session\Handlers\DatabaseHandler' driver.
DEBUG - 2026-07-24 10:50:51 --> Session: Class initialized using 'CodeIgniter\Session\Handlers\DatabaseHandler' driver.
DEBUG - 2026-07-24 10:50:57 --> Session: Class initialized using 'CodeIgniter\Session\Handlers\DatabaseHandler' driver.
DEBUG - 2026-07-24 10:51:03 --> Session: Class initialized using 'CodeIgniter\Session\Handlers\DatabaseHandler' driver.
DEBUG - 2026-07-24 10:51:09 --> Session: Class initialized using 'CodeIgniter\Session\Handlers\DatabaseHandler' driver.
DEBUG - 2026-07-24 10:51:15 --> Session: Class initialized using 'CodeIgniter\Session\Handlers\DatabaseHandler' driver.
DEBUG - 2026-07-24 10:51:21 --> Session: Class initialized using 'CodeIgniter\Session\Handlers\DatabaseHandler' driver.
DEBUG - 2026-07-24 10:51:27 --> Session: Class initialized using 'CodeIgniter\Session\Handlers\DatabaseHandler' driver.
DEBUG - 2026-07-24 10:51:33 --> Session: Class initialized using 'CodeIgniter\Session\Handlers\DatabaseHandler' driver.
DEBUG - 2026-07-24 10:51:39 --> Session: Class initialized using 'CodeIgniter\Session\Handlers\DatabaseHandler' driver.
DEBUG - 2026-07-24 10:51:45 --> Session: Class initialized using 'CodeIgniter\Session\Handlers\DatabaseHandler' driver.
DEBUG - 2026-07-24 10:51:49 --> Session: Class initialized using 'CodeIgniter\Session\Handlers\DatabaseHandler' driver.
DEBUG - 2026-07-24 10:51:51 --> Session: Class initialized using 'CodeIgniter\Session\Handlers\DatabaseHandler' driver.
DEBUG - 2026-07-24 10:51:57 --> Session: Class initialized using 'CodeIgniter\Session\Handlers\DatabaseHandler' driver.
DEBUG - 2026-07-24 10:52:03 --> Session: Class initialized using 'CodeIgniter\Session\Handlers\DatabaseHandler' driver.
DEBUG - 2026-07-24 10:52:09 --> Session: Class initialized using 'CodeIgniter\Session\Handlers\DatabaseHandler' driver.
DEBUG - 2026-07-24 10:52:15 --> Session: Class initialized using 'CodeIgniter\Session\Handlers\DatabaseHandler' driver.
DEBUG - 2026-07-24 10:52:21 --> Session: Class initialized using 'CodeIgniter\Session\Handlers\DatabaseHandler' driver.
DEBUG - 2026-07-24 10:52:27 --> Session: Class initialized using 'CodeIgniter\Session\Handlers\DatabaseHandler' driver.
DEBUG - 2026-07-24 10:52:33 --> Session: Class initialized using 'CodeIgniter\Session\Handlers\DatabaseHandler' driver.
DEBUG - 2026-07-24 10:52:39 --> Session: Class initialized using 'CodeIgniter\Session\Handlers\DatabaseHandler' driver.
DEBUG - 2026-07-24 10:52:45 --> Session: Class initialized using 'CodeIgniter\Session\Handlers\DatabaseHandler' driver.
DEBUG - 2026-07-24 10:52:50 --> Session: Class initialized using 'CodeIgniter\Session\Handlers\DatabaseHandler' driver.
DEBUG - 2026-07-24 10:52:51 --> Session: Class initialized using 'CodeIgniter\Session\Handlers\DatabaseHandler' driver.
DEBUG - 2026-07-24 10:52:57 --> Session: Class initialized using 'CodeIgniter\Session\Handlers\DatabaseHandler' driver.
DEBUG - 2026-07-24 10:53:03 --> Session: Class initialized using 'CodeIgniter\Session\Handlers\DatabaseHandler' driver.
DEBUG - 2026-07-24 10:53:09 --> Session: Class initialized using 'CodeIgniter\Session\Handlers\DatabaseHandler' driver.
DEBUG - 2026-07-24 10:53:15 --> Session: Class initialized using 'CodeIgniter\Session\Handlers\DatabaseHandler' driver.
DEBUG - 2026-07-24 10:53:21 --> Session: Class initialized using 'CodeIgniter\Session\Handlers\DatabaseHandler' driver.
DEBUG - 2026-07-24 10:53:27 --> Session: Class initialized using 'CodeIgniter\Session\Handlers\DatabaseHandler' driver.
DEBUG - 2026-07-24 10:53:33 --> Session: Class initialized using 'CodeIgniter\Session\Handlers\DatabaseHandler' driver.
DEBUG - 2026-07-24 10:53:39 --> Session: Class initialized using 'CodeIgniter\Session\Handlers\DatabaseHandler' driver.
DEBUG - 2026-07-24 10:53:45 --> Session: Class initialized using 'CodeIgniter\Session\Handlers\DatabaseHandler' driver.
DEBUG - 2026-07-24 10:53:51 --> Session: Class initialized using 'CodeIgniter\Session\Handlers\DatabaseHandler' driver.
DEBUG - 2026-07-24 10:53:52 --> Session: Class initialized using 'CodeIgniter\Session\Handlers\DatabaseHandler' driver.
DEBUG - 2026-07-24 10:53:57 --> Session: Class initialized using 'CodeIgniter\Session\Handlers\DatabaseHandler' driver.
DEBUG - 2026-07-24 10:54:03 --> Session: Class initialized using 'CodeIgniter\Session\Handlers\DatabaseHandler' driver.
DEBUG - 2026-07-24 10:54:09 --> Session: Class initialized using 'CodeIgniter\Session\Handlers\DatabaseHandler' driver.
DEBUG - 2026-07-24 10:54:15 --> Session: Class initialized using 'CodeIgniter\Session\Handlers\DatabaseHandler' driver.
DEBUG - 2026-07-24 10:54:21 --> Session: Class initialized using 'CodeIgniter\Session\Handlers\DatabaseHandler' driver.
DEBUG - 2026-07-24 10:54:27 --> Session: Class initialized using 'CodeIgniter\Session\Handlers\DatabaseHandler' driver.
DEBUG - 2026-07-24 10:54:33 --> Session: Class initialized using 'CodeIgniter\Session\Handlers\DatabaseHandler' driver.
DEBUG - 2026-07-24 10:54:39 --> Session: Class initialized using 'CodeIgniter\Session\Handlers\DatabaseHandler' driver.
DEBUG - 2026-07-24 10:54:45 --> Session: Class initialized using 'CodeIgniter\Session\Handlers\DatabaseHandler' driver.
DEBUG - 2026-07-24 10:54:51 --> Session: Class initialized using 'CodeIgniter\Session\Handlers\DatabaseHandler' driver.
DEBUG - 2026-07-24 10:54:53 --> Session: Class initialized using 'CodeIgniter\Session\Handlers\DatabaseHandler' driver.
DEBUG - 2026-07-24 10:54:57 --> Session: Class initialized using 'CodeIgniter\Session\Handlers\DatabaseHandler' driver.
DEBUG - 2026-07-24 10:55:03 --> Session: Class initialized using 'CodeIgniter\Session\Handlers\DatabaseHandler' driver.
DEBUG - 2026-07-24 10:55:09 --> Session: Class initialized using 'CodeIgniter\Session\Handlers\DatabaseHandler' driver.
DEBUG - 2026-07-24 10:55:15 --> Session: Class initialized using 'CodeIgniter\Session\Handlers\DatabaseHandler' driver.
DEBUG - 2026-07-24 10:55:21 --> Session: Class initialized using 'CodeIgniter\Session\Handlers\DatabaseHandler' driver.
DEBUG - 2026-07-24 10:55:27 --> Session: Class initialized using 'CodeIgniter\Session\Handlers\DatabaseHandler' driver.
DEBUG - 2026-07-24 10:55:32 --> Session: Class initialized using 'CodeIgniter\Session\Handlers\DatabaseHandler' driver.
DEBUG - 2026-07-24 10:55:37 --> Session: Class initialized using 'CodeIgniter\Session\Handlers\DatabaseHandler' driver.
DEBUG - 2026-07-24 10:55:38 --> Session: Class initialized using 'CodeIgniter\Session\Handlers\DatabaseHandler' driver.
DEBUG - 2026-07-24 10:55:38 --> Session: Class initialized using 'CodeIgniter\Session\Handlers\DatabaseHandler' driver.
DEBUG - 2026-07-24 10:55:39 --> Session: Class initialized using 'CodeIgniter\Session\Handlers\DatabaseHandler' driver.
DEBUG - 2026-07-24 10:55:41 --> Session: Class initialized using 'CodeIgniter\Session\Handlers\DatabaseHandler' driver.
DEBUG - 2026-07-24 10:55:48 --> Session: Class initialized using 'CodeIgniter\Session\Handlers\DatabaseHandler' driver.
DEBUG - 2026-07-24 10:55:48 --> Session: Class initialized using 'CodeIgniter\Session\Handlers\DatabaseHandler' driver.
DEBUG - 2026-07-24 10:55:53 --> Session: Class initialized using 'CodeIgniter\Session\Handlers\DatabaseHandler' driver.
DEBUG - 2026-07-24 10:55:58 --> Session: Class initialized using 'CodeIgniter\Session\Handlers\DatabaseHandler' driver.
DEBUG - 2026-07-24 10:56:02 --> Session: Class initialized using 'CodeIgniter\Session\Handlers\DatabaseHandler' driver.
DEBUG - 2026-07-24 10:56:03 --> Session: Class initialized using 'CodeIgniter\Session\Handlers\DatabaseHandler' driver.
DEBUG - 2026-07-24 10:56:08 --> Session: Class initialized using 'CodeIgniter\Session\Handlers\DatabaseHandler' driver.
DEBUG - 2026-07-24 10:56:08 --> Session: Class initialized using 'CodeIgniter\Session\Handlers\DatabaseHandler' driver.
DEBUG - 2026-07-24 10:56:08 --> Session: Class initialized using 'CodeIgniter\Session\Handlers\DatabaseHandler' driver.
DEBUG - 2026-07-24 10:56:14 --> Session: Class initialized using 'CodeIgniter\Session\Handlers\DatabaseHandler' driver.
DEBUG - 2026-07-24 10:56:19 --> Session: Class initialized using 'CodeIgniter\Session\Handlers\DatabaseHandler' driver.
DEBUG - 2026-07-24 10:56:24 --> Session: Class initialized using 'CodeIgniter\Session\Handlers\DatabaseHandler' driver.
DEBUG - 2026-07-24 10:56:29 --> Session: Class initialized using 'CodeIgniter\Session\Handlers\DatabaseHandler' driver.
DEBUG - 2026-07-24 10:56:34 --> Session: Class initialized using 'CodeIgniter\Session\Handlers\DatabaseHandler' driver.
DEBUG - 2026-07-24 10:56:40 --> Session: Class initialized using 'CodeIgniter\Session\Handlers\DatabaseHandler' driver.
DEBUG - 2026-07-24 10:56:45 --> Session: Class initialized using 'CodeIgniter\Session\Handlers\DatabaseHandler' driver.
DEBUG - 2026-07-24 10:56:48 --> Session: Class initialized using 'CodeIgniter\Session\Handlers\DatabaseHandler' driver.
DEBUG - 2026-07-24 10:56:50 --> Session: Class initialized using 'CodeIgniter\Session\Handlers\DatabaseHandler' driver.
DEBUG - 2026-07-24 10:56:55 --> Session: Class initialized using 'CodeIgniter\Session\Handlers\DatabaseHandler' driver.
DEBUG - 2026-07-24 10:57:00 --> Session: Class initialized using 'CodeIgniter\Session\Handlers\DatabaseHandler' driver.
DEBUG - 2026-07-24 10:57:06 --> Session: Class initialized using 'CodeIgniter\Session\Handlers\DatabaseHandler' driver.
DEBUG - 2026-07-24 10:57:11 --> Session: Class initialized using 'CodeIgniter\Session\Handlers\DatabaseHandler' driver.
DEBUG - 2026-07-24 10:57:16 --> Session: Class initialized using 'CodeIgniter\Session\Handlers\DatabaseHandler' driver.
DEBUG - 2026-07-24 10:57:21 --> Session: Class initialized using 'CodeIgniter\Session\Handlers\DatabaseHandler' driver.
DEBUG - 2026-07-24 10:57:27 --> Session: Class initialized using 'CodeIgniter\Session\Handlers\DatabaseHandler' driver.
DEBUG - 2026-07-24 10:57:32 --> Session: Class initialized using 'CodeIgniter\Session\Handlers\DatabaseHandler' driver.
DEBUG - 2026-07-24 10:57:38 --> Session: Class initialized using 'CodeIgniter\Session\Handlers\DatabaseHandler' driver.
DEBUG - 2026-07-24 10:57:38 --> Session: Class initialized using 'CodeIgniter\Session\Handlers\DatabaseHandler' driver.
DEBUG - 2026-07-24 10:57:39 --> Session: Class initialized using 'CodeIgniter\Session\Handlers\DatabaseHandler' driver.
DEBUG - 2026-07-24 10:57:39 --> Session: Class initialized using 'CodeIgniter\Session\Handlers\DatabaseHandler' driver.
DEBUG - 2026-07-24 10:57:41 --> Session: Class initialized using 'CodeIgniter\Session\Handlers\DatabaseHandler' driver.
DEBUG - 2026-07-24 10:57:49 --> Session: Class initialized using 'CodeIgniter\Session\Handlers\DatabaseHandler' driver.
DEBUG - 2026-07-24 10:57:50 --> Session: Class initialized using 'CodeIgniter\Session\Handlers\DatabaseHandler' driver.
DEBUG - 2026-07-24 10:57:55 --> Session: Class initialized using 'CodeIgniter\Session\Handlers\DatabaseHandler' driver.
DEBUG - 2026-07-24 10:58:00 --> Session: Class initialized using 'CodeIgniter\Session\Handlers\DatabaseHandler' driver.
DEBUG - 2026-07-24 10:58:06 --> Session: Class initialized using 'CodeIgniter\Session\Handlers\DatabaseHandler' driver.
DEBUG - 2026-07-24 10:58:09 --> Session: Class initialized using 'CodeIgniter\Session\Handlers\DatabaseHandler' driver.
DEBUG - 2026-07-24 10:58:12 --> Session: Class initialized using 'CodeIgniter\Session\Handlers\DatabaseHandler' driver.
DEBUG - 2026-07-24 10:58:18 --> Session: Class initialized using 'CodeIgniter\Session\Handlers\DatabaseHandler' driver.
DEBUG - 2026-07-24 10:58:24 --> Session: Class initialized using 'CodeIgniter\Session\Handlers\DatabaseHandler' driver.
DEBUG - 2026-07-24 10:58:30 --> Session: Class initialized using 'CodeIgniter\Session\Handlers\DatabaseHandler' driver.
DEBUG - 2026-07-24 10:58:36 --> Session: Class initialized using 'CodeIgniter\Session\Handlers\DatabaseHandler' driver.
DEBUG - 2026-07-24 10:58:42 --> Session: Class initialized using 'CodeIgniter\Session\Handlers\DatabaseHandler' driver.
DEBUG - 2026-07-24 10:58:48 --> Session: Class initialized using 'CodeIgniter\Session\Handlers\DatabaseHandler' driver.
DEBUG - 2026-07-24 10:58:51 --> Session: Class initialized using 'CodeIgniter\Session\Handlers\DatabaseHandler' driver.
DEBUG - 2026-07-24 10:58:54 --> Session: Class initialized using 'CodeIgniter\Session\Handlers\DatabaseHandler' driver.
DEBUG - 2026-07-24 10:59:00 --> Session: Class initialized using 'CodeIgniter\Session\Handlers\DatabaseHandler' driver.
DEBUG - 2026-07-24 10:59:06 --> Session: Class initialized using 'CodeIgniter\Session\Handlers\DatabaseHandler' driver.
DEBUG - 2026-07-24 10:59:12 --> Session: Class initialized using 'CodeIgniter\Session\Handlers\DatabaseHandler' driver.
DEBUG - 2026-07-24 10:59:18 --> Session: Class initialized using 'CodeIgniter\Session\Handlers\DatabaseHandler' driver.
DEBUG - 2026-07-24 10:59:24 --> Session: Class initialized using 'CodeIgniter\Session\Handlers\DatabaseHandler' driver.
DEBUG - 2026-07-24 10:59:30 --> Session: Class initialized using 'CodeIgniter\Session\Handlers\DatabaseHandler' driver.
DEBUG - 2026-07-24 10:59:36 --> Session: Class initialized using 'CodeIgniter\Session\Handlers\DatabaseHandler' driver.
DEBUG - 2026-07-24 10:59:42 --> Session: Class initialized using 'CodeIgniter\Session\Handlers\DatabaseHandler' driver.
DEBUG - 2026-07-24 10:59:47 --> Session: Class initialized using 'CodeIgniter\Session\Handlers\DatabaseHandler' driver.
DEBUG - 2026-07-24 10:59:49 --> Session: Class initialized using 'CodeIgniter\Session\Handlers\DatabaseHandler' driver.
DEBUG - 2026-07-24 10:59:49 --> Session: Class initialized using 'CodeIgniter\Session\Handlers\DatabaseHandler' driver.
DEBUG - 2026-07-24 10:59:51 --> Session: Class initialized using 'CodeIgniter\Session\Handlers\DatabaseHandler' driver.
DEBUG - 2026-07-24 10:59:51 --> Session: Class initialized using 'CodeIgniter\Session\Handlers\DatabaseHandler' driver.
DEBUG - 2026-07-24 10:59:51 --> Session: Class initialized using 'CodeIgniter\Session\Handlers\DatabaseHandler' driver.
DEBUG - 2026-07-24 10:59:51 --> Session: Class initialized using 'CodeIgniter\Session\Handlers\DatabaseHandler' driver.
DEBUG - 2026-07-24 10:59:52 --> Session: Class initialized using 'CodeIgniter\Session\Handlers\DatabaseHandler' driver.
DEBUG - 2026-07-24 10:59:53 --> Session: Class initialized using 'CodeIgniter\Session\Handlers\DatabaseHandler' driver.
DEBUG - 2026-07-24 10:59:53 --> Session: Class initialized using 'CodeIgniter\Session\Handlers\DatabaseHandler' driver.
DEBUG - 2026-07-24 10:59:53 --> Session: Class initialized using 'CodeIgniter\Session\Handlers\DatabaseHandler' driver.
DEBUG - 2026-07-24 10:59:53 --> Session: Class initialized using 'CodeIgniter\Session\Handlers\DatabaseHandler' driver.
DEBUG - 2026-07-24 10:59:53 --> Session: Class initialized using 'CodeIgniter\Session\Handlers\DatabaseHandler' driver.
DEBUG - 2026-07-24 10:59:54 --> Session: Class initialized using 'CodeIgniter\Session\Handlers\DatabaseHandler' driver.
DEBUG - 2026-07-24 10:59:55 --> Session: Class initialized using 'CodeIgniter\Session\Handlers\DatabaseHandler' driver.
DEBUG - 2026-07-24 10:59:55 --> Session: Class initialized using 'CodeIgniter\Session\Handlers\DatabaseHandler' driver.
DEBUG - 2026-07-24 10:59:55 --> Session: Class initialized using 'CodeIgniter\Session\Handlers\DatabaseHandler' driver.
DEBUG - 2026-07-24 10:59:57 --> Session: Class initialized using 'CodeIgniter\Session\Handlers\DatabaseHandler' driver.
DEBUG - 2026-07-24 11:00:05 --> Session: Class initialized using 'CodeIgniter\Session\Handlers\DatabaseHandler' driver.
DEBUG - 2026-07-24 11:00:05 --> Session: Class initialized using 'CodeIgniter\Session\Handlers\DatabaseHandler' driver.
DEBUG - 2026-07-24 11:00:10 --> Session: Class initialized using 'CodeIgniter\Session\Handlers\DatabaseHandler' driver.
DEBUG - 2026-07-24 11:00:15 --> Session: Class initialized using 'CodeIgniter\Session\Handlers\DatabaseHandler' driver.
DEBUG - 2026-07-24 11:00:20 --> Session: Class initialized using 'CodeIgniter\Session\Handlers\DatabaseHandler' driver.
DEBUG - 2026-07-24 11:00:25 --> Session: Class initialized using 'CodeIgniter\Session\Handlers\DatabaseHandler' driver.
DEBUG - 2026-07-24 11:00:25 --> Session: Class initialized using 'CodeIgniter\Session\Handlers\DatabaseHandler' driver.
DEBUG - 2026-07-24 11:00:31 --> Session: Class initialized using 'CodeIgniter\Session\Handlers\DatabaseHandler' driver.
DEBUG - 2026-07-24 11:00:36 --> Session: Class initialized using 'CodeIgniter\Session\Handlers\DatabaseHandler' driver.
DEBUG - 2026-07-24 11:00:41 --> Session: Class initialized using 'CodeIgniter\Session\Handlers\DatabaseHandler' driver.
DEBUG - 2026-07-24 11:00:46 --> Session: Class initialized using 'CodeIgniter\Session\Handlers\DatabaseHandler' driver.
DEBUG - 2026-07-24 11:00:51 --> Session: Class initialized using 'CodeIgniter\Session\Handlers\DatabaseHandler' driver.
DEBUG - 2026-07-24 11:00:56 --> Session: Class initialized using 'CodeIgniter\Session\Handlers\DatabaseHandler' driver.
DEBUG - 2026-07-24 11:01:02 --> Session: Class initialized using 'CodeIgniter\Session\Handlers\DatabaseHandler' driver.
DEBUG - 2026-07-24 11:01:05 --> Session: Class initialized using 'CodeIgniter\Session\Handlers\DatabaseHandler' driver.
DEBUG - 2026-07-24 11:01:07 --> Session: Class initialized using 'CodeIgniter\Session\Handlers\DatabaseHandler' driver.
DEBUG - 2026-07-24 11:01:12 --> Session: Class initialized using 'CodeIgniter\Session\Handlers\DatabaseHandler' driver.
DEBUG - 2026-07-24 11:01:17 --> Session: Class initialized using 'CodeIgniter\Session\Handlers\DatabaseHandler' driver.
DEBUG - 2026-07-24 11:01:22 --> Session: Class initialized using 'CodeIgniter\Session\Handlers\DatabaseHandler' driver.
DEBUG - 2026-07-24 11:01:28 --> Session: Class initialized using 'CodeIgniter\Session\Handlers\DatabaseHandler' driver.
DEBUG - 2026-07-24 11:01:33 --> Session: Class initialized using 'CodeIgniter\Session\Handlers\DatabaseHandler' driver.
DEBUG - 2026-07-24 11:01:38 --> Session: Class initialized using 'CodeIgniter\Session\Handlers\DatabaseHandler' driver.
DEBUG - 2026-07-24 11:01:43 --> Session: Class initialized using 'CodeIgniter\Session\Handlers\DatabaseHandler' driver.
DEBUG - 2026-07-24 11:01:48 --> Session: Class initialized using 'CodeIgniter\Session\Handlers\DatabaseHandler' driver.
DEBUG - 2026-07-24 11:01:53 --> Session: Class initialized using 'CodeIgniter\Session\Handlers\DatabaseHandler' driver.
DEBUG - 2026-07-24 11:01:59 --> Session: Class initialized using 'CodeIgniter\Session\Handlers\DatabaseHandler' driver.
DEBUG - 2026-07-24 11:02:04 --> Session: Class initialized using 'CodeIgniter\Session\Handlers\DatabaseHandler' driver.
DEBUG - 2026-07-24 11:02:05 --> Session: Class initialized using 'CodeIgniter\Session\Handlers\DatabaseHandler' driver.
DEBUG - 2026-07-24 11:02:09 --> Session: Class initialized using 'CodeIgniter\Session\Handlers\DatabaseHandler' driver.
DEBUG - 2026-07-24 11:02:14 --> Session: Class initialized using 'CodeIgniter\Session\Handlers\DatabaseHandler' driver.
DEBUG - 2026-07-24 11:02:19 --> Session: Class initialized using 'CodeIgniter\Session\Handlers\DatabaseHandler' driver.
DEBUG - 2026-07-24 11:02:24 --> Session: Class initialized using 'CodeIgniter\Session\Handlers\DatabaseHandler' driver.
DEBUG - 2026-07-24 11:02:30 --> Session: Class initialized using 'CodeIgniter\Session\Handlers\DatabaseHandler' driver.
DEBUG - 2026-07-24 11:02:35 --> Session: Class initialized using 'CodeIgniter\Session\Handlers\DatabaseHandler' driver.
DEBUG - 2026-07-24 11:02:40 --> Session: Class initialized using 'CodeIgniter\Session\Handlers\DatabaseHandler' driver.
DEBUG - 2026-07-24 11:02:45 --> Session: Class initialized using 'CodeIgniter\Session\Handlers\DatabaseHandler' driver.
DEBUG - 2026-07-24 11:02:50 --> Session: Class initialized using 'CodeIgniter\Session\Handlers\DatabaseHandler' driver.
DEBUG - 2026-07-24 11:02:55 --> Session: Class initialized using 'CodeIgniter\Session\Handlers\DatabaseHandler' driver.
DEBUG - 2026-07-24 11:03:01 --> Session: Class initialized using 'CodeIgniter\Session\Handlers\DatabaseHandler' driver.
DEBUG - 2026-07-24 11:03:06 --> Session: Class initialized using 'CodeIgniter\Session\Handlers\DatabaseHandler' driver.
DEBUG - 2026-07-24 11:03:06 --> Session: Class initialized using 'CodeIgniter\Session\Handlers\DatabaseHandler' driver.
DEBUG - 2026-07-24 11:03:11 --> Session: Class initialized using 'CodeIgniter\Session\Handlers\DatabaseHandler' driver.
DEBUG - 2026-07-24 11:03:16 --> Session: Class initialized using 'CodeIgniter\Session\Handlers\DatabaseHandler' driver.
DEBUG - 2026-07-24 11:03:21 --> Session: Class initialized using 'CodeIgniter\Session\Handlers\DatabaseHandler' driver.
DEBUG - 2026-07-24 11:03:24 --> Session: Class initialized using 'CodeIgniter\Session\Handlers\DatabaseHandler' driver.
DEBUG - 2026-07-24 11:03:25 --> Session: Class initialized using 'CodeIgniter\Session\Handlers\DatabaseHandler' driver.
DEBUG - 2026-07-24 11:03:25 --> Session: Class initialized using 'CodeIgniter\Session\Handlers\DatabaseHandler' driver.
DEBUG - 2026-07-24 11:03:26 --> Session: Class initialized using 'CodeIgniter\Session\Handlers\DatabaseHandler' driver.
DEBUG - 2026-07-24 11:03:35 --> Session: Class initialized using 'CodeIgniter\Session\Handlers\DatabaseHandler' driver.
DEBUG - 2026-07-24 11:03:35 --> Session: Class initialized using 'CodeIgniter\Session\Handlers\DatabaseHandler' driver.
DEBUG - 2026-07-24 11:03:40 --> Session: Class initialized using 'CodeIgniter\Session\Handlers\DatabaseHandler' driver.
DEBUG - 2026-07-24 11:03:45 --> Session: Class initialized using 'CodeIgniter\Session\Handlers\DatabaseHandler' driver.
DEBUG - 2026-07-24 11:03:50 --> Session: Class initialized using 'CodeIgniter\Session\Handlers\DatabaseHandler' driver.
DEBUG - 2026-07-24 11:03:55 --> Session: Class initialized using 'CodeIgniter\Session\Handlers\DatabaseHandler' driver.
DEBUG - 2026-07-24 11:03:55 --> Session: Class initialized using 'CodeIgniter\Session\Handlers\DatabaseHandler' driver.
DEBUG - 2026-07-24 11:04:01 --> Session: Class initialized using 'CodeIgniter\Session\Handlers\DatabaseHandler' driver.
DEBUG - 2026-07-24 11:04:06 --> Session: Class initialized using 'CodeIgniter\Session\Handlers\DatabaseHandler' driver.
DEBUG - 2026-07-24 11:04:11 --> Session: Class initialized using 'CodeIgniter\Session\Handlers\DatabaseHandler' driver.
DEBUG - 2026-07-24 11:04:16 --> Session: Class initialized using 'CodeIgniter\Session\Handlers\DatabaseHandler' driver.
DEBUG - 2026-07-24 11:04:21 --> Session: Class initialized using 'CodeIgniter\Session\Handlers\DatabaseHandler' driver.
DEBUG - 2026-07-24 11:04:27 --> Session: Class initialized using 'CodeIgniter\Session\Handlers\DatabaseHandler' driver.
DEBUG - 2026-07-24 11:04:32 --> Session: Class initialized using 'CodeIgniter\Session\Handlers\DatabaseHandler' driver.
DEBUG - 2026-07-24 11:04:35 --> Session: Class initialized using 'CodeIgniter\Session\Handlers\DatabaseHandler' driver.
DEBUG - 2026-07-24 11:04:37 --> Session: Class initialized using 'CodeIgniter\Session\Handlers\DatabaseHandler' driver.
DEBUG - 2026-07-24 11:04:42 --> Session: Class initialized using 'CodeIgniter\Session\Handlers\DatabaseHandler' driver.
DEBUG - 2026-07-24 11:04:47 --> Session: Class initialized using 'CodeIgniter\Session\Handlers\DatabaseHandler' driver.
DEBUG - 2026-07-24 11:04:52 --> Session: Class initialized using 'CodeIgniter\Session\Handlers\DatabaseHandler' driver.
DEBUG - 2026-07-24 11:04:58 --> Session: Class initialized using 'CodeIgniter\Session\Handlers\DatabaseHandler' driver.
DEBUG - 2026-07-24 11:05:03 --> Session: Class initialized using 'CodeIgniter\Session\Handlers\DatabaseHandler' driver.
DEBUG - 2026-07-24 11:05:08 --> Session: Class initialized using 'CodeIgniter\Session\Handlers\DatabaseHandler' driver.
DEBUG - 2026-07-24 11:05:13 --> Session: Class initialized using 'CodeIgniter\Session\Handlers\DatabaseHandler' driver.
DEBUG - 2026-07-24 11:05:19 --> Session: Class initialized using 'CodeIgniter\Session\Handlers\DatabaseHandler' driver.
DEBUG - 2026-07-24 11:05:25 --> Session: Class initialized using 'CodeIgniter\Session\Handlers\DatabaseHandler' driver.
DEBUG - 2026-07-24 11:05:31 --> Session: Class initialized using 'CodeIgniter\Session\Handlers\DatabaseHandler' driver.
DEBUG - 2026-07-24 11:05:36 --> Session: Class initialized using 'CodeIgniter\Session\Handlers\DatabaseHandler' driver.
DEBUG - 2026-07-24 11:05:37 --> Session: Class initialized using 'CodeIgniter\Session\Handlers\DatabaseHandler' driver.
DEBUG - 2026-07-24 11:05:43 --> Session: Class initialized using 'CodeIgniter\Session\Handlers\DatabaseHandler' driver.
DEBUG - 2026-07-24 11:05:49 --> Session: Class initialized using 'CodeIgniter\Session\Handlers\DatabaseHandler' driver.
DEBUG - 2026-07-24 11:05:55 --> Session: Class initialized using 'CodeIgniter\Session\Handlers\DatabaseHandler' driver.
DEBUG - 2026-07-24 11:06:01 --> Session: Class initialized using 'CodeIgniter\Session\Handlers\DatabaseHandler' driver.
DEBUG - 2026-07-24 11:06:07 --> Session: Class initialized using 'CodeIgniter\Session\Handlers\DatabaseHandler' driver.
DEBUG - 2026-07-24 11:06:13 --> Session: Class initialized using 'CodeIgniter\Session\Handlers\DatabaseHandler' driver.
DEBUG - 2026-07-24 11:06:19 --> Session: Class initialized using 'CodeIgniter\Session\Handlers\DatabaseHandler' driver.
DEBUG - 2026-07-24 11:06:25 --> Session: Class initialized using 'CodeIgniter\Session\Handlers\DatabaseHandler' driver.
DEBUG - 2026-07-24 11:06:31 --> Session: Class initialized using 'CodeIgniter\Session\Handlers\DatabaseHandler' driver.
DEBUG - 2026-07-24 11:06:37 --> Session: Class initialized using 'CodeIgniter\Session\Handlers\DatabaseHandler' driver.
DEBUG - 2026-07-24 11:06:38 --> Session: Class initialized using 'CodeIgniter\Session\Handlers\DatabaseHandler' driver.
DEBUG - 2026-07-24 11:06:43 --> Session: Class initialized using 'CodeIgniter\Session\Handlers\DatabaseHandler' driver.
DEBUG - 2026-07-24 11:06:49 --> Session: Class initialized using 'CodeIgniter\Session\Handlers\DatabaseHandler' driver.
DEBUG - 2026-07-24 11:06:55 --> Session: Class initialized using 'CodeIgniter\Session\Handlers\DatabaseHandler' driver.
DEBUG - 2026-07-24 11:07:01 --> Session: Class initialized using 'CodeIgniter\Session\Handlers\DatabaseHandler' driver.
DEBUG - 2026-07-24 11:07:07 --> Session: Class initialized using 'CodeIgniter\Session\Handlers\DatabaseHandler' driver.
DEBUG - 2026-07-24 11:07:13 --> Session: Class initialized using 'CodeIgniter\Session\Handlers\DatabaseHandler' driver.
DEBUG - 2026-07-24 11:07:19 --> Session: Class initialized using 'CodeIgniter\Session\Handlers\DatabaseHandler' driver.
DEBUG - 2026-07-24 11:07:25 --> Session: Class initialized using 'CodeIgniter\Session\Handlers\DatabaseHandler' driver.
DEBUG - 2026-07-24 11:07:31 --> Session: Class initialized using 'CodeIgniter\Session\Handlers\DatabaseHandler' driver.
DEBUG - 2026-07-24 11:07:37 --> Session: Class initialized using 'CodeIgniter\Session\Handlers\DatabaseHandler' driver.
DEBUG - 2026-07-24 11:07:39 --> Session: Class initialized using 'CodeIgniter\Session\Handlers\DatabaseHandler' driver.
DEBUG - 2026-07-24 11:07:43 --> Session: Class initialized using 'CodeIgniter\Session\Handlers\DatabaseHandler' driver.
DEBUG - 2026-07-24 11:07:49 --> Session: Class initialized using 'CodeIgniter\Session\Handlers\DatabaseHandler' driver.
DEBUG - 2026-07-24 11:07:55 --> Session: Class initialized using 'CodeIgniter\Session\Handlers\DatabaseHandler' driver.
DEBUG - 2026-07-24 11:08:01 --> Session: Class initialized using 'CodeIgniter\Session\Handlers\DatabaseHandler' driver.
DEBUG - 2026-07-24 11:08:07 --> Session: Class initialized using 'CodeIgniter\Session\Handlers\DatabaseHandler' driver.
DEBUG - 2026-07-24 11:08:13 --> Session: Class initialized using 'CodeIgniter\Session\Handlers\DatabaseHandler' driver.
DEBUG - 2026-07-24 11:08:19 --> Session: Class initialized using 'CodeIgniter\Session\Handlers\DatabaseHandler' driver.
DEBUG - 2026-07-24 11:08:25 --> Session: Class initialized using 'CodeIgniter\Session\Handlers\DatabaseHandler' driver.
DEBUG - 2026-07-24 11:08:31 --> Session: Class initialized using 'CodeIgniter\Session\Handlers\DatabaseHandler' driver.
DEBUG - 2026-07-24 11:08:37 --> Session: Class initialized using 'CodeIgniter\Session\Handlers\DatabaseHandler' driver.
DEBUG - 2026-07-24 11:08:40 --> Session: Class initialized using 'CodeIgniter\Session\Handlers\DatabaseHandler' driver.
DEBUG - 2026-07-24 11:08:43 --> Session: Class initialized using 'CodeIgniter\Session\Handlers\DatabaseHandler' driver.
DEBUG - 2026-07-24 11:08:49 --> Session: Class initialized using 'CodeIgniter\Session\Handlers\DatabaseHandler' driver.
DEBUG - 2026-07-24 11:08:55 --> Session: Class initialized using 'CodeIgniter\Session\Handlers\DatabaseHandler' driver.
DEBUG - 2026-07-24 11:09:01 --> Session: Class initialized using 'CodeIgniter\Session\Handlers\DatabaseHandler' driver.
DEBUG - 2026-07-24 11:09:07 --> Session: Class initialized using 'CodeIgniter\Session\Handlers\DatabaseHandler' driver.
DEBUG - 2026-07-24 11:09:13 --> Session: Class initialized using 'CodeIgniter\Session\Handlers\DatabaseHandler' driver.
DEBUG - 2026-07-24 11:09:19 --> Session: Class initialized using 'CodeIgniter\Session\Handlers\DatabaseHandler' driver.
DEBUG - 2026-07-24 11:09:25 --> Session: Class initialized using 'CodeIgniter\Session\Handlers\DatabaseHandler' driver.
DEBUG - 2026-07-24 11:09:31 --> Session: Class initialized using 'CodeIgniter\Session\Handlers\DatabaseHandler' driver.
DEBUG - 2026-07-24 11:09:37 --> Session: Class initialized using 'CodeIgniter\Session\Handlers\DatabaseHandler' driver.
DEBUG - 2026-07-24 11:09:41 --> Session: Class initialized using 'CodeIgniter\Session\Handlers\DatabaseHandler' driver.
DEBUG - 2026-07-24 11:09:43 --> Session: Class initialized using 'CodeIgniter\Session\Handlers\DatabaseHandler' driver.
DEBUG - 2026-07-24 11:09:49 --> Session: Class initialized using 'CodeIgniter\Session\Handlers\DatabaseHandler' driver.
DEBUG - 2026-07-24 11:09:55 --> Session: Class initialized using 'CodeIgniter\Session\Handlers\DatabaseHandler' driver.
DEBUG - 2026-07-24 11:10:01 --> Session: Class initialized using 'CodeIgniter\Session\Handlers\DatabaseHandler' driver.
DEBUG - 2026-07-24 11:10:07 --> Session: Class initialized using 'CodeIgniter\Session\Handlers\DatabaseHandler' driver.
DEBUG - 2026-07-24 11:10:13 --> Session: Class initialized using 'CodeIgniter\Session\Handlers\DatabaseHandler' driver.
DEBUG - 2026-07-24 11:10:19 --> Session: Class initialized using 'CodeIgniter\Session\Handlers\DatabaseHandler' driver.
DEBUG - 2026-07-24 11:10:25 --> Session: Class initialized using 'CodeIgniter\Session\Handlers\DatabaseHandler' driver.
DEBUG - 2026-07-24 11:10:31 --> Session: Class initialized using 'CodeIgniter\Session\Handlers\DatabaseHandler' driver.
DEBUG - 2026-07-24 11:10:37 --> Session: Class initialized using 'CodeIgniter\Session\Handlers\DatabaseHandler' driver.
DEBUG - 2026-07-24 11:10:42 --> Session: Class initialized using 'CodeIgniter\Session\Handlers\DatabaseHandler' driver.
DEBUG - 2026-07-24 11:10:43 --> Session: Class initialized using 'CodeIgniter\Session\Handlers\DatabaseHandler' driver.
DEBUG - 2026-07-24 11:10:49 --> Session: Class initialized using 'CodeIgniter\Session\Handlers\DatabaseHandler' driver.
DEBUG - 2026-07-24 11:10:55 --> Session: Class initialized using 'CodeIgniter\Session\Handlers\DatabaseHandler' driver.
DEBUG - 2026-07-24 11:11:01 --> Session: Class initialized using 'CodeIgniter\Session\Handlers\DatabaseHandler' driver.
DEBUG - 2026-07-24 11:11:07 --> Session: Class initialized using 'CodeIgniter\Session\Handlers\DatabaseHandler' driver.
DEBUG - 2026-07-24 11:11:13 --> Session: Class initialized using 'CodeIgniter\Session\Handlers\DatabaseHandler' driver.
DEBUG - 2026-07-24 11:11:19 --> Session: Class initialized using 'CodeIgniter\Session\Handlers\DatabaseHandler' driver.
DEBUG - 2026-07-24 11:11:25 --> Session: Class initialized using 'CodeIgniter\Session\Handlers\DatabaseHandler' driver.
DEBUG - 2026-07-24 11:11:31 --> Session: Class initialized using 'CodeIgniter\Session\Handlers\DatabaseHandler' driver.
DEBUG - 2026-07-24 11:11:37 --> Session: Class initialized using 'CodeIgniter\Session\Handlers\DatabaseHandler' driver.
DEBUG - 2026-07-24 11:11:43 --> Session: Class initialized using 'CodeIgniter\Session\Handlers\DatabaseHandler' driver.
DEBUG - 2026-07-24 11:11:44 --> Session: Class initialized using 'CodeIgniter\Session\Handlers\DatabaseHandler' driver.
DEBUG - 2026-07-24 11:11:50 --> Session: Class initialized using 'CodeIgniter\Session\Handlers\DatabaseHandler' driver.
DEBUG - 2026-07-24 11:11:56 --> Session: Class initialized using 'CodeIgniter\Session\Handlers\DatabaseHandler' driver.
DEBUG - 2026-07-24 11:12:02 --> Session: Class initialized using 'CodeIgniter\Session\Handlers\DatabaseHandler' driver.
DEBUG - 2026-07-24 11:12:08 --> Session: Class initialized using 'CodeIgniter\Session\Handlers\DatabaseHandler' driver.
DEBUG - 2026-07-24 11:12:14 --> Session: Class initialized using 'CodeIgniter\Session\Handlers\DatabaseHandler' driver.
DEBUG - 2026-07-24 11:12:20 --> Session: Class initialized using 'CodeIgniter\Session\Handlers\DatabaseHandler' driver.
DEBUG - 2026-07-24 11:12:26 --> Session: Class initialized using 'CodeIgniter\Session\Handlers\DatabaseHandler' driver.
DEBUG - 2026-07-24 11:12:32 --> Session: Class initialized using 'CodeIgniter\Session\Handlers\DatabaseHandler' driver.
DEBUG - 2026-07-24 11:12:38 --> Session: Class initialized using 'CodeIgniter\Session\Handlers\DatabaseHandler' driver.
DEBUG - 2026-07-24 11:12:44 --> Session: Class initialized using 'CodeIgniter\Session\Handlers\DatabaseHandler' driver.
DEBUG - 2026-07-24 11:12:45 --> Session: Class initialized using 'CodeIgniter\Session\Handlers\DatabaseHandler' driver.
DEBUG - 2026-07-24 11:12:50 --> Session: Class initialized using 'CodeIgniter\Session\Handlers\DatabaseHandler' driver.
DEBUG - 2026-07-24 11:12:56 --> Session: Class initialized using 'CodeIgniter\Session\Handlers\DatabaseHandler' driver.
DEBUG - 2026-07-24 11:13:02 --> Session: Class initialized using 'CodeIgniter\Session\Handlers\DatabaseHandler' driver.
DEBUG - 2026-07-24 11:13:08 --> Session: Class initialized using 'CodeIgniter\Session\Handlers\DatabaseHandler' driver.
DEBUG - 2026-07-24 11:13:14 --> Session: Class initialized using 'CodeIgniter\Session\Handlers\DatabaseHandler' driver.
DEBUG - 2026-07-24 11:13:20 --> Session: Class initialized using 'CodeIgniter\Session\Handlers\DatabaseHandler' driver.
DEBUG - 2026-07-24 11:13:26 --> Session: Class initialized using 'CodeIgniter\Session\Handlers\DatabaseHandler' driver.
DEBUG - 2026-07-24 11:13:32 --> Session: Class initialized using 'CodeIgniter\Session\Handlers\DatabaseHandler' driver.
DEBUG - 2026-07-24 11:13:38 --> Session: Class initialized using 'CodeIgniter\Session\Handlers\DatabaseHandler' driver.
DEBUG - 2026-07-24 11:13:44 --> Session: Class initialized using 'CodeIgniter\Session\Handlers\DatabaseHandler' driver.
DEBUG - 2026-07-24 11:13:46 --> Session: Class initialized using 'CodeIgniter\Session\Handlers\DatabaseHandler' driver.
DEBUG - 2026-07-24 11:13:50 --> Session: Class initialized using 'CodeIgniter\Session\Handlers\DatabaseHandler' driver.
DEBUG - 2026-07-24 11:13:56 --> Session: Class initialized using 'CodeIgniter\Session\Handlers\DatabaseHandler' driver.
DEBUG - 2026-07-24 11:14:02 --> Session: Class initialized using 'CodeIgniter\Session\Handlers\DatabaseHandler' driver.
DEBUG - 2026-07-24 11:14:08 --> Session: Class initialized using 'CodeIgniter\Session\Handlers\DatabaseHandler' driver.
DEBUG - 2026-07-24 11:14:14 --> Session: Class initialized using 'CodeIgniter\Session\Handlers\DatabaseHandler' driver.
DEBUG - 2026-07-24 11:14:20 --> Session: Class initialized using 'CodeIgniter\Session\Handlers\DatabaseHandler' driver.
DEBUG - 2026-07-24 11:14:26 --> Session: Class initialized using 'CodeIgniter\Session\Handlers\DatabaseHandler' driver.
DEBUG - 2026-07-24 11:14:32 --> Session: Class initialized using 'CodeIgniter\Session\Handlers\DatabaseHandler' driver.
DEBUG - 2026-07-24 11:14:38 --> Session: Class initialized using 'CodeIgniter\Session\Handlers\DatabaseHandler' driver.
DEBUG - 2026-07-24 11:14:44 --> Session: Class initialized using 'CodeIgniter\Session\Handlers\DatabaseHandler' driver.
DEBUG - 2026-07-24 11:14:47 --> Session: Class initialized using 'CodeIgniter\Session\Handlers\DatabaseHandler' driver.
DEBUG - 2026-07-24 11:14:51 --> Session: Class initialized using 'CodeIgniter\Session\Handlers\DatabaseHandler' driver.
DEBUG - 2026-07-24 11:14:56 --> Session: Class initialized using 'CodeIgniter\Session\Handlers\DatabaseHandler' driver.
DEBUG - 2026-07-24 11:15:02 --> Session: Class initialized using 'CodeIgniter\Session\Handlers\DatabaseHandler' driver.
DEBUG - 2026-07-24 11:15:08 --> Session: Class initialized using 'CodeIgniter\Session\Handlers\DatabaseHandler' driver.
DEBUG - 2026-07-24 11:15:14 --> Session: Class initialized using 'CodeIgniter\Session\Handlers\DatabaseHandler' driver.
DEBUG - 2026-07-24 11:15:20 --> Session: Class initialized using 'CodeIgniter\Session\Handlers\DatabaseHandler' driver.
DEBUG - 2026-07-24 11:15:21 --> Session: Class initialized using 'CodeIgniter\Session\Handlers\DatabaseHandler' driver.
DEBUG - 2026-07-24 11:15:22 --> Session: Class initialized using 'CodeIgniter\Session\Handlers\DatabaseHandler' driver.
DEBUG - 2026-07-24 11:15:23 --> Session: Class initialized using 'CodeIgniter\Session\Handlers\DatabaseHandler' driver.
DEBUG - 2026-07-24 11:15:23 --> Session: Class initialized using 'CodeIgniter\Session\Handlers\DatabaseHandler' driver.
DEBUG - 2026-07-24 11:15:23 --> Session: Class initialized using 'CodeIgniter\Session\Handlers\DatabaseHandler' driver.
DEBUG - 2026-07-24 11:15:25 --> Session: Class initialized using 'CodeIgniter\Session\Handlers\DatabaseHandler' driver.
DEBUG - 2026-07-24 11:15:32 --> Session: Class initialized using 'CodeIgniter\Session\Handlers\DatabaseHandler' driver.
DEBUG - 2026-07-24 11:15:33 --> Session: Class initialized using 'CodeIgniter\Session\Handlers\DatabaseHandler' driver.
DEBUG - 2026-07-24 11:15:38 --> Session: Class initialized using 'CodeIgniter\Session\Handlers\DatabaseHandler' driver.
DEBUG - 2026-07-24 11:15:44 --> Session: Class initialized using 'CodeIgniter\Session\Handlers\DatabaseHandler' driver.
DEBUG - 2026-07-24 11:15:50 --> Session: Class initialized using 'CodeIgniter\Session\Handlers\DatabaseHandler' driver.
DEBUG - 2026-07-24 11:15:52 --> Session: Class initialized using 'CodeIgniter\Session\Handlers\DatabaseHandler' driver.
DEBUG - 2026-07-24 11:15:56 --> Session: Class initialized using 'CodeIgniter\Session\Handlers\DatabaseHandler' driver.
DEBUG - 2026-07-24 11:16:02 --> Session: Class initialized using 'CodeIgniter\Session\Handlers\DatabaseHandler' driver.
DEBUG - 2026-07-24 11:16:08 --> Session: Class initialized using 'CodeIgniter\Session\Handlers\DatabaseHandler' driver.
DEBUG - 2026-07-24 11:16:13 --> Session: Class initialized using 'CodeIgniter\Session\Handlers\DatabaseHandler' driver.
DEBUG - 2026-07-24 11:16:14 --> Session: Class initialized using 'CodeIgniter\Session\Handlers\DatabaseHandler' driver.
DEBUG - 2026-07-24 11:16:15 --> Session: Class initialized using 'CodeIgniter\Session\Handlers\DatabaseHandler' driver.
DEBUG - 2026-07-24 11:16:15 --> Session: Class initialized using 'CodeIgniter\Session\Handlers\DatabaseHandler' driver.
DEBUG - 2026-07-24 11:16:17 --> Session: Class initialized using 'CodeIgniter\Session\Handlers\DatabaseHandler' driver.
DEBUG - 2026-07-24 11:16:25 --> Session: Class initialized using 'CodeIgniter\Session\Handlers\DatabaseHandler' driver.
DEBUG - 2026-07-24 11:16:26 --> Session: Class initialized using 'CodeIgniter\Session\Handlers\DatabaseHandler' driver.
DEBUG - 2026-07-24 11:16:31 --> Session: Class initialized using 'CodeIgniter\Session\Handlers\DatabaseHandler' driver.
DEBUG - 2026-07-24 11:16:37 --> Session: Class initialized using 'CodeIgniter\Session\Handlers\DatabaseHandler' driver.
DEBUG - 2026-07-24 11:16:43 --> Session: Class initialized using 'CodeIgniter\Session\Handlers\DatabaseHandler' driver.
DEBUG - 2026-07-24 11:16:45 --> Session: Class initialized using 'CodeIgniter\Session\Handlers\DatabaseHandler' driver.
DEBUG - 2026-07-24 11:16:49 --> Session: Class initialized using 'CodeIgniter\Session\Handlers\DatabaseHandler' driver.
DEBUG - 2026-07-24 11:16:55 --> Session: Class initialized using 'CodeIgniter\Session\Handlers\DatabaseHandler' driver.
DEBUG - 2026-07-24 11:17:01 --> Session: Class initialized using 'CodeIgniter\Session\Handlers\DatabaseHandler' driver.
DEBUG - 2026-07-24 11:17:07 --> Session: Class initialized using 'CodeIgniter\Session\Handlers\DatabaseHandler' driver.
DEBUG - 2026-07-24 11:17:13 --> Session: Class initialized using 'CodeIgniter\Session\Handlers\DatabaseHandler' driver.
DEBUG - 2026-07-24 11:17:19 --> Session: Class initialized using 'CodeIgniter\Session\Handlers\DatabaseHandler' driver.
DEBUG - 2026-07-24 11:17:25 --> Session: Class initialized using 'CodeIgniter\Session\Handlers\DatabaseHandler' driver.
DEBUG - 2026-07-24 11:17:27 --> Session: Class initialized using 'CodeIgniter\Session\Handlers\DatabaseHandler' driver.
DEBUG - 2026-07-24 11:17:31 --> Session: Class initialized using 'CodeIgniter\Session\Handlers\DatabaseHandler' driver.
DEBUG - 2026-07-24 11:17:37 --> Session: Class initialized using 'CodeIgniter\Session\Handlers\DatabaseHandler' driver.
DEBUG - 2026-07-24 11:17:43 --> Session: Class initialized using 'CodeIgniter\Session\Handlers\DatabaseHandler' driver.
DEBUG - 2026-07-24 11:17:49 --> Session: Class initialized using 'CodeIgniter\Session\Handlers\DatabaseHandler' driver.
DEBUG - 2026-07-24 11:17:55 --> Session: Class initialized using 'CodeIgniter\Session\Handlers\DatabaseHandler' driver.
DEBUG - 2026-07-24 11:18:01 --> Session: Class initialized using 'CodeIgniter\Session\Handlers\DatabaseHandler' driver.
DEBUG - 2026-07-24 11:18:07 --> Session: Class initialized using 'CodeIgniter\Session\Handlers\DatabaseHandler' driver.
DEBUG - 2026-07-24 11:18:13 --> Session: Class initialized using 'CodeIgniter\Session\Handlers\DatabaseHandler' driver.
DEBUG - 2026-07-24 11:18:19 --> Session: Class initialized using 'CodeIgniter\Session\Handlers\DatabaseHandler' driver.
DEBUG - 2026-07-24 11:18:25 --> Session: Class initialized using 'CodeIgniter\Session\Handlers\DatabaseHandler' driver.
DEBUG - 2026-07-24 11:18:28 --> Session: Class initialized using 'CodeIgniter\Session\Handlers\DatabaseHandler' driver.
DEBUG - 2026-07-24 11:18:31 --> Session: Class initialized using 'CodeIgniter\Session\Handlers\DatabaseHandler' driver.
DEBUG - 2026-07-24 11:18:37 --> Session: Class initialized using 'CodeIgniter\Session\Handlers\DatabaseHandler' driver.
DEBUG - 2026-07-24 11:18:43 --> Session: Class initialized using 'CodeIgniter\Session\Handlers\DatabaseHandler' driver.
DEBUG - 2026-07-24 11:18:49 --> Session: Class initialized using 'CodeIgniter\Session\Handlers\DatabaseHandler' driver.
DEBUG - 2026-07-24 11:18:55 --> Session: Class initialized using 'CodeIgniter\Session\Handlers\DatabaseHandler' driver.
DEBUG - 2026-07-24 11:19:01 --> Session: Class initialized using 'CodeIgniter\Session\Handlers\DatabaseHandler' driver.
DEBUG - 2026-07-24 11:19:07 --> Session: Class initialized using 'CodeIgniter\Session\Handlers\DatabaseHandler' driver.
DEBUG - 2026-07-24 11:19:13 --> Session: Class initialized using 'CodeIgniter\Session\Handlers\DatabaseHandler' driver.
DEBUG - 2026-07-24 11:19:19 --> Session: Class initialized using 'CodeIgniter\Session\Handlers\DatabaseHandler' driver.
DEBUG - 2026-07-24 11:19:25 --> Session: Class initialized using 'CodeIgniter\Session\Handlers\DatabaseHandler' driver.
DEBUG - 2026-07-24 11:19:29 --> Session: Class initialized using 'CodeIgniter\Session\Handlers\DatabaseHandler' driver.
DEBUG - 2026-07-24 11:19:31 --> Session: Class initialized using 'CodeIgniter\Session\Handlers\DatabaseHandler' driver.
DEBUG - 2026-07-24 11:19:37 --> Session: Class initialized using 'CodeIgniter\Session\Handlers\DatabaseHandler' driver.
DEBUG - 2026-07-24 11:19:43 --> Session: Class initialized using 'CodeIgniter\Session\Handlers\DatabaseHandler' driver.
DEBUG - 2026-07-24 11:19:49 --> Session: Class initialized using 'CodeIgniter\Session\Handlers\DatabaseHandler' driver.
DEBUG - 2026-07-24 11:19:55 --> Session: Class initialized using 'CodeIgniter\Session\Handlers\DatabaseHandler' driver.
DEBUG - 2026-07-24 11:20:01 --> Session: Class initialized using 'CodeIgniter\Session\Handlers\DatabaseHandler' driver.
DEBUG - 2026-07-24 11:20:07 --> Session: Class initialized using 'CodeIgniter\Session\Handlers\DatabaseHandler' driver.
DEBUG - 2026-07-24 11:20:13 --> Session: Class initialized using 'CodeIgniter\Session\Handlers\DatabaseHandler' driver.
DEBUG - 2026-07-24 11:20:19 --> Session: Class initialized using 'CodeIgniter\Session\Handlers\DatabaseHandler' driver.
DEBUG - 2026-07-24 11:20:25 --> Session: Class initialized using 'CodeIgniter\Session\Handlers\DatabaseHandler' driver.
DEBUG - 2026-07-24 11:20:30 --> Session: Class initialized using 'CodeIgniter\Session\Handlers\DatabaseHandler' driver.
DEBUG - 2026-07-24 11:20:31 --> Session: Class initialized using 'CodeIgniter\Session\Handlers\DatabaseHandler' driver.
DEBUG - 2026-07-24 11:20:37 --> Session: Class initialized using 'CodeIgniter\Session\Handlers\DatabaseHandler' driver.
DEBUG - 2026-07-24 11:20:43 --> Session: Class initialized using 'CodeIgniter\Session\Handlers\DatabaseHandler' driver.
DEBUG - 2026-07-24 11:20:49 --> Session: Class initialized using 'CodeIgniter\Session\Handlers\DatabaseHandler' driver.
DEBUG - 2026-07-24 11:20:55 --> Session: Class initialized using 'CodeIgniter\Session\Handlers\DatabaseHandler' driver.
DEBUG - 2026-07-24 11:21:01 --> Session: Class initialized using 'CodeIgniter\Session\Handlers\DatabaseHandler' driver.
DEBUG - 2026-07-24 11:21:07 --> Session: Class initialized using 'CodeIgniter\Session\Handlers\DatabaseHandler' driver.
DEBUG - 2026-07-24 11:21:13 --> Session: Class initialized using 'CodeIgniter\Session\Handlers\DatabaseHandler' driver.
DEBUG - 2026-07-24 11:21:19 --> Session: Class initialized using 'CodeIgniter\Session\Handlers\DatabaseHandler' driver.
DEBUG - 2026-07-24 11:21:25 --> Session: Class initialized using 'CodeIgniter\Session\Handlers\DatabaseHandler' driver.
DEBUG - 2026-07-24 11:21:31 --> Session: Class initialized using 'CodeIgniter\Session\Handlers\DatabaseHandler' driver.
DEBUG - 2026-07-24 11:21:32 --> Session: Class initialized using 'CodeIgniter\Session\Handlers\DatabaseHandler' driver.
DEBUG - 2026-07-24 11:21:38 --> Session: Class initialized using 'CodeIgniter\Session\Handlers\DatabaseHandler' driver.
DEBUG - 2026-07-24 11:21:44 --> Session: Class initialized using 'CodeIgniter\Session\Handlers\DatabaseHandler' driver.
DEBUG - 2026-07-24 11:21:50 --> Session: Class initialized using 'CodeIgniter\Session\Handlers\DatabaseHandler' driver.
DEBUG - 2026-07-24 11:21:56 --> Session: Class initialized using 'CodeIgniter\Session\Handlers\DatabaseHandler' driver.
DEBUG - 2026-07-24 11:22:02 --> Session: Class initialized using 'CodeIgniter\Session\Handlers\DatabaseHandler' driver.
DEBUG - 2026-07-24 11:22:08 --> Session: Class initialized using 'CodeIgniter\Session\Handlers\DatabaseHandler' driver.
DEBUG - 2026-07-24 11:22:14 --> Session: Class initialized using 'CodeIgniter\Session\Handlers\DatabaseHandler' driver.
DEBUG - 2026-07-24 11:22:20 --> Session: Class initialized using 'CodeIgniter\Session\Handlers\DatabaseHandler' driver.
DEBUG - 2026-07-24 11:22:26 --> Session: Class initialized using 'CodeIgniter\Session\Handlers\DatabaseHandler' driver.
DEBUG - 2026-07-24 11:22:32 --> Session: Class initialized using 'CodeIgniter\Session\Handlers\DatabaseHandler' driver.
DEBUG - 2026-07-24 11:22:33 --> Session: Class initialized using 'CodeIgniter\Session\Handlers\DatabaseHandler' driver.
DEBUG - 2026-07-24 11:22:38 --> Session: Class initialized using 'CodeIgniter\Session\Handlers\DatabaseHandler' driver.
DEBUG - 2026-07-24 11:22:44 --> Session: Class initialized using 'CodeIgniter\Session\Handlers\DatabaseHandler' driver.
DEBUG - 2026-07-24 11:22:50 --> Session: Class initialized using 'CodeIgniter\Session\Handlers\DatabaseHandler' driver.
DEBUG - 2026-07-24 11:22:56 --> Session: Class initialized using 'CodeIgniter\Session\Handlers\DatabaseHandler' driver.
DEBUG - 2026-07-24 11:23:02 --> Session: Class initialized using 'CodeIgniter\Session\Handlers\DatabaseHandler' driver.
DEBUG - 2026-07-24 11:23:08 --> Session: Class initialized using 'CodeIgniter\Session\Handlers\DatabaseHandler' driver.
DEBUG - 2026-07-24 11:23:14 --> Session: Class initialized using 'CodeIgniter\Session\Handlers\DatabaseHandler' driver.
DEBUG - 2026-07-24 11:23:20 --> Session: Class initialized using 'CodeIgniter\Session\Handlers\DatabaseHandler' driver.
DEBUG - 2026-07-24 11:23:26 --> Session: Class initialized using 'CodeIgniter\Session\Handlers\DatabaseHandler' driver.
DEBUG - 2026-07-24 11:23:32 --> Session: Class initialized using 'CodeIgniter\Session\Handlers\DatabaseHandler' driver.
DEBUG - 2026-07-24 11:23:34 --> Session: Class initialized using 'CodeIgniter\Session\Handlers\DatabaseHandler' driver.
DEBUG - 2026-07-24 11:23:38 --> Session: Class initialized using 'CodeIgniter\Session\Handlers\DatabaseHandler' driver.
DEBUG - 2026-07-24 11:23:44 --> Session: Class initialized using 'CodeIgniter\Session\Handlers\DatabaseHandler' driver.
DEBUG - 2026-07-24 11:23:50 --> Session: Class initialized using 'CodeIgniter\Session\Handlers\DatabaseHandler' driver.
DEBUG - 2026-07-24 11:23:56 --> Session: Class initialized using 'CodeIgniter\Session\Handlers\DatabaseHandler' driver.
DEBUG - 2026-07-24 11:24:02 --> Session: Class initialized using 'CodeIgniter\Session\Handlers\DatabaseHandler' driver.
DEBUG - 2026-07-24 11:24:08 --> Session: Class initialized using 'CodeIgniter\Session\Handlers\DatabaseHandler' driver.
DEBUG - 2026-07-24 11:24:14 --> Session: Class initialized using 'CodeIgniter\Session\Handlers\DatabaseHandler' driver.
DEBUG - 2026-07-24 11:24:20 --> Session: Class initialized using 'CodeIgniter\Session\Handlers\DatabaseHandler' driver.
DEBUG - 2026-07-24 11:24:26 --> Session: Class initialized using 'CodeIgniter\Session\Handlers\DatabaseHandler' driver.
DEBUG - 2026-07-24 11:24:32 --> Session: Class initialized using 'CodeIgniter\Session\Handlers\DatabaseHandler' driver.
DEBUG - 2026-07-24 11:24:35 --> Session: Class initialized using 'CodeIgniter\Session\Handlers\DatabaseHandler' driver.
DEBUG - 2026-07-24 11:24:38 --> Session: Class initialized using 'CodeIgniter\Session\Handlers\DatabaseHandler' driver.
DEBUG - 2026-07-24 11:24:44 --> Session: Class initialized using 'CodeIgniter\Session\Handlers\DatabaseHandler' driver.
DEBUG - 2026-07-24 11:24:50 --> Session: Class initialized using 'CodeIgniter\Session\Handlers\DatabaseHandler' driver.
DEBUG - 2026-07-24 11:24:56 --> Session: Class initialized using 'CodeIgniter\Session\Handlers\DatabaseHandler' driver.
DEBUG - 2026-07-24 11:25:02 --> Session: Class initialized using 'CodeIgniter\Session\Handlers\DatabaseHandler' driver.
DEBUG - 2026-07-24 11:25:08 --> Session: Class initialized using 'CodeIgniter\Session\Handlers\DatabaseHandler' driver.
DEBUG - 2026-07-24 11:25:14 --> Session: Class initialized using 'CodeIgniter\Session\Handlers\DatabaseHandler' driver.
DEBUG - 2026-07-24 11:25:20 --> Session: Class initialized using 'CodeIgniter\Session\Handlers\DatabaseHandler' driver.
DEBUG - 2026-07-24 11:25:26 --> Session: Class initialized using 'CodeIgniter\Session\Handlers\DatabaseHandler' driver.
DEBUG - 2026-07-24 11:25:32 --> Session: Class initialized using 'CodeIgniter\Session\Handlers\DatabaseHandler' driver.
DEBUG - 2026-07-24 11:25:36 --> Session: Class initialized using 'CodeIgniter\Session\Handlers\DatabaseHandler' driver.
DEBUG - 2026-07-24 11:25:38 --> Session: Class initialized using 'CodeIgniter\Session\Handlers\DatabaseHandler' driver.
DEBUG - 2026-07-24 11:25:44 --> Session: Class initialized using 'CodeIgniter\Session\Handlers\DatabaseHandler' driver.
DEBUG - 2026-07-24 11:25:50 --> Session: Class initialized using 'CodeIgniter\Session\Handlers\DatabaseHandler' driver.
DEBUG - 2026-07-24 11:25:56 --> Session: Class initialized using 'CodeIgniter\Session\Handlers\DatabaseHandler' driver.
DEBUG - 2026-07-24 11:26:02 --> Session: Class initialized using 'CodeIgniter\Session\Handlers\DatabaseHandler' driver.
DEBUG - 2026-07-24 11:26:08 --> Session: Class initialized using 'CodeIgniter\Session\Handlers\DatabaseHandler' driver.
DEBUG - 2026-07-24 11:26:14 --> Session: Class initialized using 'CodeIgniter\Session\Handlers\DatabaseHandler' driver.
DEBUG - 2026-07-24 11:26:20 --> Session: Class initialized using 'CodeIgniter\Session\Handlers\DatabaseHandler' driver.
DEBUG - 2026-07-24 11:26:26 --> Session: Class initialized using 'CodeIgniter\Session\Handlers\DatabaseHandler' driver.
DEBUG - 2026-07-24 11:26:32 --> Session: Class initialized using 'CodeIgniter\Session\Handlers\DatabaseHandler' driver.
DEBUG - 2026-07-24 11:26:37 --> Session: Class initialized using 'CodeIgniter\Session\Handlers\DatabaseHandler' driver.
DEBUG - 2026-07-24 11:26:38 --> Session: Class initialized using 'CodeIgniter\Session\Handlers\DatabaseHandler' driver.
DEBUG - 2026-07-24 11:26:44 --> Session: Class initialized using 'CodeIgniter\Session\Handlers\DatabaseHandler' driver.
DEBUG - 2026-07-24 11:26:50 --> Session: Class initialized using 'CodeIgniter\Session\Handlers\DatabaseHandler' driver.
DEBUG - 2026-07-24 11:26:56 --> Session: Class initialized using 'CodeIgniter\Session\Handlers\DatabaseHandler' driver.
DEBUG - 2026-07-24 11:27:02 --> Session: Class initialized using 'CodeIgniter\Session\Handlers\DatabaseHandler' driver.
DEBUG - 2026-07-24 11:27:08 --> Session: Class initialized using 'CodeIgniter\Session\Handlers\DatabaseHandler' driver.
DEBUG - 2026-07-24 11:27:14 --> Session: Class initialized using 'CodeIgniter\Session\Handlers\DatabaseHandler' driver.
DEBUG - 2026-07-24 11:27:20 --> Session: Class initialized using 'CodeIgniter\Session\Handlers\DatabaseHandler' driver.
DEBUG - 2026-07-24 11:27:26 --> Session: Class initialized using 'CodeIgniter\Session\Handlers\DatabaseHandler' driver.
DEBUG - 2026-07-24 11:27:32 --> Session: Class initialized using 'CodeIgniter\Session\Handlers\DatabaseHandler' driver.
DEBUG - 2026-07-24 11:27:38 --> Session: Class initialized using 'CodeIgniter\Session\Handlers\DatabaseHandler' driver.
DEBUG - 2026-07-24 11:27:39 --> Session: Class initialized using 'CodeIgniter\Session\Handlers\DatabaseHandler' driver.
DEBUG - 2026-07-24 11:27:44 --> Session: Class initialized using 'CodeIgniter\Session\Handlers\DatabaseHandler' driver.
DEBUG - 2026-07-24 11:27:50 --> Session: Class initialized using 'CodeIgniter\Session\Handlers\DatabaseHandler' driver.
DEBUG - 2026-07-24 11:27:56 --> Session: Class initialized using 'CodeIgniter\Session\Handlers\DatabaseHandler' driver.
DEBUG - 2026-07-24 11:28:02 --> Session: Class initialized using 'CodeIgniter\Session\Handlers\DatabaseHandler' driver.
DEBUG - 2026-07-24 11:28:08 --> Session: Class initialized using 'CodeIgniter\Session\Handlers\DatabaseHandler' driver.
DEBUG - 2026-07-24 11:28:14 --> Session: Class initialized using 'CodeIgniter\Session\Handlers\DatabaseHandler' driver.
DEBUG - 2026-07-24 11:28:15 --> Session: Class initialized using 'CodeIgniter\Session\Handlers\DatabaseHandler' driver.
DEBUG - 2026-07-24 11:28:16 --> Session: Class initialized using 'CodeIgniter\Session\Handlers\DatabaseHandler' driver.
DEBUG - 2026-07-24 11:28:17 --> Session: Class initialized using 'CodeIgniter\Session\Handlers\DatabaseHandler' driver.
DEBUG - 2026-07-24 11:28:17 --> Session: Class initialized using 'CodeIgniter\Session\Handlers\DatabaseHandler' driver.
DEBUG - 2026-07-24 11:28:18 --> Session: Class initialized using 'CodeIgniter\Session\Handlers\DatabaseHandler' driver.
DEBUG - 2026-07-24 11:28:26 --> Session: Class initialized using 'CodeIgniter\Session\Handlers\DatabaseHandler' driver.
DEBUG - 2026-07-24 11:28:27 --> Session: Class initialized using 'CodeIgniter\Session\Handlers\DatabaseHandler' driver.
DEBUG - 2026-07-24 11:28:32 --> Session: Class initialized using 'CodeIgniter\Session\Handlers\DatabaseHandler' driver.
DEBUG - 2026-07-24 11:28:38 --> Session: Class initialized using 'CodeIgniter\Session\Handlers\DatabaseHandler' driver.
DEBUG - 2026-07-24 11:28:45 --> Session: Class initialized using 'CodeIgniter\Session\Handlers\DatabaseHandler' driver.
DEBUG - 2026-07-24 11:28:47 --> Session: Class initialized using 'CodeIgniter\Session\Handlers\DatabaseHandler' driver.
DEBUG - 2026-07-24 11:28:50 --> Session: Class initialized using 'CodeIgniter\Session\Handlers\DatabaseHandler' driver.
DEBUG - 2026-07-24 11:28:56 --> Session: Class initialized using 'CodeIgniter\Session\Handlers\DatabaseHandler' driver.
DEBUG - 2026-07-24 11:29:02 --> Session: Class initialized using 'CodeIgniter\Session\Handlers\DatabaseHandler' driver.
DEBUG - 2026-07-24 11:29:08 --> Session: Class initialized using 'CodeIgniter\Session\Handlers\DatabaseHandler' driver.
DEBUG - 2026-07-24 11:29:14 --> Session: Class initialized using 'CodeIgniter\Session\Handlers\DatabaseHandler' driver.
DEBUG - 2026-07-24 11:29:20 --> Session: Class initialized using 'CodeIgniter\Session\Handlers\DatabaseHandler' driver.
DEBUG - 2026-07-24 11:29:26 --> Session: Class initialized using 'CodeIgniter\Session\Handlers\DatabaseHandler' driver.
DEBUG - 2026-07-24 11:29:27 --> Session: Class initialized using 'CodeIgniter\Session\Handlers\DatabaseHandler' driver.
DEBUG - 2026-07-24 11:29:32 --> Session: Class initialized using 'CodeIgniter\Session\Handlers\DatabaseHandler' driver.
DEBUG - 2026-07-24 11:29:38 --> Session: Class initialized using 'CodeIgniter\Session\Handlers\DatabaseHandler' driver.
DEBUG - 2026-07-24 11:29:44 --> Session: Class initialized using 'CodeIgniter\Session\Handlers\DatabaseHandler' driver.
DEBUG - 2026-07-24 11:29:50 --> Session: Class initialized using 'CodeIgniter\Session\Handlers\DatabaseHandler' driver.
DEBUG - 2026-07-24 11:29:56 --> Session: Class initialized using 'CodeIgniter\Session\Handlers\DatabaseHandler' driver.
DEBUG - 2026-07-24 11:30:02 --> Session: Class initialized using 'CodeIgniter\Session\Handlers\DatabaseHandler' driver.
DEBUG - 2026-07-24 11:30:08 --> Session: Class initialized using 'CodeIgniter\Session\Handlers\DatabaseHandler' driver.
DEBUG - 2026-07-24 11:30:14 --> Session: Class initialized using 'CodeIgniter\Session\Handlers\DatabaseHandler' driver.
DEBUG - 2026-07-24 11:30:20 --> Session: Class initialized using 'CodeIgniter\Session\Handlers\DatabaseHandler' driver.
DEBUG - 2026-07-24 11:30:26 --> Session: Class initialized using 'CodeIgniter\Session\Handlers\DatabaseHandler' driver.
DEBUG - 2026-07-24 11:30:28 --> Session: Class initialized using 'CodeIgniter\Session\Handlers\DatabaseHandler' driver.
DEBUG - 2026-07-24 11:30:32 --> Session: Class initialized using 'CodeIgniter\Session\Handlers\DatabaseHandler' driver.
DEBUG - 2026-07-24 11:30:38 --> Session: Class initialized using 'CodeIgniter\Session\Handlers\DatabaseHandler' driver.
DEBUG - 2026-07-24 11:30:44 --> Session: Class initialized using 'CodeIgniter\Session\Handlers\DatabaseHandler' driver.
DEBUG - 2026-07-24 11:30:48 --> Session: Class initialized using 'CodeIgniter\Session\Handlers\DatabaseHandler' driver.
DEBUG - 2026-07-24 11:30:49 --> Session: Class initialized using 'CodeIgniter\Session\Handlers\DatabaseHandler' driver.
DEBUG - 2026-07-24 11:30:49 --> Session: Class initialized using 'CodeIgniter\Session\Handlers\DatabaseHandler' driver.
DEBUG - 2026-07-24 11:30:50 --> Session: Class initialized using 'CodeIgniter\Session\Handlers\DatabaseHandler' driver.
DEBUG - 2026-07-24 11:30:53 --> Session: Class initialized using 'CodeIgniter\Session\Handlers\DatabaseHandler' driver.
DEBUG - 2026-07-24 11:30:59 --> Session: Class initialized using 'CodeIgniter\Session\Handlers\DatabaseHandler' driver.
DEBUG - 2026-07-24 11:31:03 --> Session: Class initialized using 'CodeIgniter\Session\Handlers\DatabaseHandler' driver.
DEBUG - 2026-07-24 11:31:05 --> Session: Class initialized using 'CodeIgniter\Session\Handlers\DatabaseHandler' driver.
DEBUG - 2026-07-24 11:31:11 --> Session: Class initialized using 'CodeIgniter\Session\Handlers\DatabaseHandler' driver.
DEBUG - 2026-07-24 11:31:17 --> Session: Class initialized using 'CodeIgniter\Session\Handlers\DatabaseHandler' driver.
DEBUG - 2026-07-24 11:31:18 --> Session: Class initialized using 'CodeIgniter\Session\Handlers\DatabaseHandler' driver.
DEBUG - 2026-07-24 11:31:20 --> Session: Class initialized using 'CodeIgniter\Session\Handlers\DatabaseHandler' driver.
DEBUG - 2026-07-24 11:31:20 --> Session: Class initialized using 'CodeIgniter\Session\Handlers\DatabaseHandler' driver.
DEBUG - 2026-07-24 11:31:20 --> Invoice list filters user=1 type=- status=- start=2026-07-01 end=2026-07-31 currency=- own_creator=0 own_client=0
DEBUG - 2026-07-24 11:31:20 --> Session: Class initialized using 'CodeIgniter\Session\Handlers\DatabaseHandler' driver.
DEBUG - 2026-07-24 11:31:22 --> Session: Class initialized using 'CodeIgniter\Session\Handlers\DatabaseHandler' driver.
DEBUG - 2026-07-24 11:31:26 --> Session: Class initialized using 'CodeIgniter\Session\Handlers\DatabaseHandler' driver.
DEBUG - 2026-07-24 11:31:30 --> Session: Class initialized using 'CodeIgniter\Session\Handlers\DatabaseHandler' driver.
DEBUG - 2026-07-24 11:31:30 --> Session: Class initialized using 'CodeIgniter\Session\Handlers\DatabaseHandler' driver.
DEBUG - 2026-07-24 11:31:30 --> Session: Class initialized using 'CodeIgniter\Session\Handlers\DatabaseHandler' driver.
DEBUG - 2026-07-24 11:31:35 --> Session: Class initialized using 'CodeIgniter\Session\Handlers\DatabaseHandler' driver.
DEBUG - 2026-07-24 11:31:36 --> Session: Class initialized using 'CodeIgniter\Session\Handlers\DatabaseHandler' driver.
ERROR - 2026-07-24 11:31:36 --> mysqli_sql_exception: Table 'ikontrol_new.ikontrol_fiscal_document_binary_artifacts' doesn't exist in C:\xampp\htdocs\ikontrol2\ikon2.0\system\Database\MySQLi\Connection.php:327
Stack trace:
#0 C:\xampp\htdocs\ikontrol2\ikon2.0\system\Database\MySQLi\Connection.php(327): mysqli->query('SELECT *\nFROM `...', 0)
#1 C:\xampp\htdocs\ikontrol2\ikon2.0\system\Database\BaseConnection.php(738): CodeIgniter\Database\MySQLi\Connection->execute('SELECT *\nFROM `...')
#2 C:\xampp\htdocs\ikontrol2\ikon2.0\system\Database\BaseConnection.php(652): CodeIgniter\Database\BaseConnection->simpleQuery('SELECT *\nFROM `...')
#3 C:\xampp\htdocs\ikontrol2\ikon2.0\system\Database\BaseBuilder.php(1649): CodeIgniter\Database\BaseConnection->query('SELECT *\nFROM `...', Array, false)
#4 C:\xampp\htdocs\ikontrol2\ikon2.0\app\Controllers\Fiscal\Stamping.php(21): CodeIgniter\Database\BaseBuilder->get(1)
#5 C:\xampp\htdocs\ikontrol2\ikon2.0\system\CodeIgniter.php(933): App\Controllers\Fiscal\Stamping->result('9')
#6 C:\xampp\htdocs\ikontrol2\ikon2.0\system\CodeIgniter.php(507): CodeIgniter\CodeIgniter->runController(Object(App\Controllers\Fiscal\Stamping))
#7 C:\xampp\htdocs\ikontrol2\ikon2.0\system\CodeIgniter.php(354): CodeIgniter\CodeIgniter->handleRequest(NULL, Object(Config\Cache), false)
#8 C:\xampp\htdocs\ikontrol2\ikon2.0\system\Boot.php(334): CodeIgniter\CodeIgniter->run()
#9 C:\xampp\htdocs\ikontrol2\ikon2.0\system\Boot.php(67): CodeIgniter\Boot::runCodeIgniter(Object(CodeIgniter\CodeIgniter))
#10 C:\xampp\htdocs\ikontrol2\ikon2.0\index.php(75): CodeIgniter\Boot::bootWeb(Object(Config\Paths))
#11 {main}
CRITICAL - 2026-07-24 11:31:36 --> CodeIgniter\Database\Exceptions\DatabaseException: Table 'ikontrol_new.ikontrol_fiscal_document_binary_artifacts' doesn't exist
[Method: POST, Route: fiscal/stamping/result/9]
in SYSTEMPATH\Database\BaseConnection.php on line 692.
 1 SYSTEMPATH\Database\BaseBuilder.php(1649): CodeIgniter\Database\BaseConnection->query('SELECT *
FROM `ikontrol_fiscal_document_binary_artifacts`
WHERE `fiscal_document_id` = :fiscal_document_id:
AND `artifact_type` = :artifact_type:
AND `validation_status` = :validation_status:
 LIMIT 1', [...], false)
 2 APPPATH\Controllers\Fiscal\Stamping.php(21): CodeIgniter\Database\BaseBuilder->get(1)
 3 SYSTEMPATH\CodeIgniter.php(933): App\Controllers\Fiscal\Stamping->result('9')
 4 SYSTEMPATH\CodeIgniter.php(507): CodeIgniter\CodeIgniter->runController(Object(App\Controllers\Fiscal\Stamping))
 5 SYSTEMPATH\CodeIgniter.php(354): CodeIgniter\CodeIgniter->handleRequest(null, Object(Config\Cache), false)
 6 SYSTEMPATH\Boot.php(334): CodeIgniter\CodeIgniter->run()
 7 SYSTEMPATH\Boot.php(67): CodeIgniter\Boot::runCodeIgniter(Object(CodeIgniter\CodeIgniter))
 8 FCPATH\index.php(75): CodeIgniter\Boot::bootWeb(Object(Config\Paths))
CRITICAL - 2026-07-24 11:31:36 --> [Caused by] CodeIgniter\Database\Exceptions\DatabaseException: Table 'ikontrol_new.ikontrol_fiscal_document_binary_artifacts' doesn't exist
in SYSTEMPATH\Database\MySQLi\Connection.php on line 332.
 1 SYSTEMPATH\Database\BaseConnection.php(738): CodeIgniter\Database\MySQLi\Connection->execute('SELECT *
FROM `ikontrol_fiscal_document_binary_artifacts`
WHERE `fiscal_document_id` = 9
AND `artifact_type` = \'pac_pdf\'
AND `validation_status` = \'valid\'
 LIMIT 1')
 2 SYSTEMPATH\Database\BaseConnection.php(652): CodeIgniter\Database\BaseConnection->simpleQuery('SELECT *
FROM `ikontrol_fiscal_document_binary_artifacts`
WHERE `fiscal_document_id` = 9
AND `artifact_type` = \'pac_pdf\'
AND `validation_status` = \'valid\'
 LIMIT 1')
 3 SYSTEMPATH\Database\BaseBuilder.php(1649): CodeIgniter\Database\BaseConnection->query('SELECT *
FROM `ikontrol_fiscal_document_binary_artifacts`
WHERE `fiscal_document_id` = :fiscal_document_id:
AND `artifact_type` = :artifact_type:
AND `validation_status` = :validation_status:
 LIMIT 1', [...], false)
 4 APPPATH\Controllers\Fiscal\Stamping.php(21): CodeIgniter\Database\BaseBuilder->get(1)
 5 SYSTEMPATH\CodeIgniter.php(933): App\Controllers\Fiscal\Stamping->result('9')
 6 SYSTEMPATH\CodeIgniter.php(507): CodeIgniter\CodeIgniter->runController(Object(App\Controllers\Fiscal\Stamping))
 7 SYSTEMPATH\CodeIgniter.php(354): CodeIgniter\CodeIgniter->handleRequest(null, Object(Config\Cache), false)
 8 SYSTEMPATH\Boot.php(334): CodeIgniter\CodeIgniter->run()
 9 SYSTEMPATH\Boot.php(67): CodeIgniter\Boot::runCodeIgniter(Object(CodeIgniter\CodeIgniter))
10 FCPATH\index.php(75): CodeIgniter\Boot::bootWeb(Object(Config\Paths))
CRITICAL - 2026-07-24 11:31:36 --> [Caused by] mysqli_sql_exception: Table 'ikontrol_new.ikontrol_fiscal_document_binary_artifacts' doesn't exist
in SYSTEMPATH\Database\MySQLi\Connection.php on line 327.
 1 SYSTEMPATH\Database\MySQLi\Connection.php(327): mysqli->query('SELECT *
FROM `ikontrol_fiscal_document_binary_artifacts`
WHERE `fiscal_document_id` = 9
AND `artifact_type` = \'pac_pdf\'
AND `validation_status` = \'valid\'
 LIMIT 1', 0)
 2 SYSTEMPATH\Database\BaseConnection.php(738): CodeIgniter\Database\MySQLi\Connection->execute('SELECT *
FROM `ikontrol_fiscal_document_binary_artifacts`
WHERE `fiscal_document_id` = 9
AND `artifact_type` = \'pac_pdf\'
AND `validation_status` = \'valid\'
 LIMIT 1')
 3 SYSTEMPATH\Database\BaseConnection.php(652): CodeIgniter\Database\BaseConnection->simpleQuery('SELECT *
FROM `ikontrol_fiscal_document_binary_artifacts`
WHERE `fiscal_document_id` = 9
AND `artifact_type` = \'pac_pdf\'
AND `validation_status` = \'valid\'
 LIMIT 1')
 4 SYSTEMPATH\Database\BaseBuilder.php(1649): CodeIgniter\Database\BaseConnection->query('SELECT *
FROM `ikontrol_fiscal_document_binary_artifacts`
WHERE `fiscal_document_id` = :fiscal_document_id:
AND `artifact_type` = :artifact_type:
AND `validation_status` = :validation_status:
 LIMIT 1', [...], false)
 5 APPPATH\Controllers\Fiscal\Stamping.php(21): CodeIgniter\Database\BaseBuilder->get(1)
 6 SYSTEMPATH\CodeIgniter.php(933): App\Controllers\Fiscal\Stamping->result('9')
 7 SYSTEMPATH\CodeIgniter.php(507): CodeIgniter\CodeIgniter->runController(Object(App\Controllers\Fiscal\Stamping))
 8 SYSTEMPATH\CodeIgniter.php(354): CodeIgniter\CodeIgniter->handleRequest(null, Object(Config\Cache), false)
 9 SYSTEMPATH\Boot.php(334): CodeIgniter\CodeIgniter->run()
10 SYSTEMPATH\Boot.php(67): CodeIgniter\Boot::runCodeIgniter(Object(CodeIgniter\CodeIgniter))
11 FCPATH\index.php(75): CodeIgniter\Boot::bootWeb(Object(Config\Paths))
DEBUG - 2026-07-24 11:31:40 --> Session: Class initialized using 'CodeIgniter\Session\Handlers\DatabaseHandler' driver.
DEBUG - 2026-07-24 11:31:41 --> Session: Class initialized using 'CodeIgniter\Session\Handlers\DatabaseHandler' driver.
DEBUG - 2026-07-24 11:31:46 --> Session: Class initialized using 'CodeIgniter\Session\Handlers\DatabaseHandler' driver.
DEBUG - 2026-07-24 11:31:46 --> Session: Class initialized using 'CodeIgniter\Session\Handlers\DatabaseHandler' driver.
DEBUG - 2026-07-24 11:31:50 --> Session: Class initialized using 'CodeIgniter\Session\Handlers\DatabaseHandler' driver.
DEBUG - 2026-07-24 11:31:51 --> Session: Class initialized using 'CodeIgniter\Session\Handlers\DatabaseHandler' driver.
DEBUG - 2026-07-24 11:31:56 --> Session: Class initialized using 'CodeIgniter\Session\Handlers\DatabaseHandler' driver.
DEBUG - 2026-07-24 11:32:01 --> Session: Class initialized using 'CodeIgniter\Session\Handlers\DatabaseHandler' driver.
DEBUG - 2026-07-24 11:32:07 --> Session: Class initialized using 'CodeIgniter\Session\Handlers\DatabaseHandler' driver.
DEBUG - 2026-07-24 11:32:12 --> Session: Class initialized using 'CodeIgniter\Session\Handlers\DatabaseHandler' driver.
DEBUG - 2026-07-24 11:32:17 --> Session: Class initialized using 'CodeIgniter\Session\Handlers\DatabaseHandler' driver.
DEBUG - 2026-07-24 11:32:22 --> Session: Class initialized using 'CodeIgniter\Session\Handlers\DatabaseHandler' driver.
DEBUG - 2026-07-24 11:32:27 --> Session: Class initialized using 'CodeIgniter\Session\Handlers\DatabaseHandler' driver.
DEBUG - 2026-07-24 11:32:31 --> Session: Class initialized using 'CodeIgniter\Session\Handlers\DatabaseHandler' driver.
DEBUG - 2026-07-24 11:32:33 --> Session: Class initialized using 'CodeIgniter\Session\Handlers\DatabaseHandler' driver.
DEBUG - 2026-07-24 11:32:38 --> Session: Class initialized using 'CodeIgniter\Session\Handlers\DatabaseHandler' driver.
DEBUG - 2026-07-24 11:32:43 --> Session: Class initialized using 'CodeIgniter\Session\Handlers\DatabaseHandler' driver.
DEBUG - 2026-07-24 11:32:48 --> Session: Class initialized using 'CodeIgniter\Session\Handlers\DatabaseHandler' driver.
DEBUG - 2026-07-24 11:32:53 --> Session: Class initialized using 'CodeIgniter\Session\Handlers\DatabaseHandler' driver.
DEBUG - 2026-07-24 11:32:59 --> Session: Class initialized using 'CodeIgniter\Session\Handlers\DatabaseHandler' driver.
DEBUG - 2026-07-24 11:33:04 --> Session: Class initialized using 'CodeIgniter\Session\Handlers\DatabaseHandler' driver.
DEBUG - 2026-07-24 11:33:09 --> Session: Class initialized using 'CodeIgniter\Session\Handlers\DatabaseHandler' driver.
DEBUG - 2026-07-24 11:33:14 --> Session: Class initialized using 'CodeIgniter\Session\Handlers\DatabaseHandler' driver.
DEBUG - 2026-07-24 11:33:19 --> Session: Class initialized using 'CodeIgniter\Session\Handlers\DatabaseHandler' driver.
DEBUG - 2026-07-24 11:33:25 --> Session: Class initialized using 'CodeIgniter\Session\Handlers\DatabaseHandler' driver.
DEBUG - 2026-07-24 11:33:30 --> Session: Class initialized using 'CodeIgniter\Session\Handlers\DatabaseHandler' driver.
DEBUG - 2026-07-24 11:33:31 --> Session: Class initialized using 'CodeIgniter\Session\Handlers\DatabaseHandler' driver.
DEBUG - 2026-07-24 11:33:35 --> Session: Class initialized using 'CodeIgniter\Session\Handlers\DatabaseHandler' driver.
DEBUG - 2026-07-24 11:33:40 --> Session: Class initialized using 'CodeIgniter\Session\Handlers\DatabaseHandler' driver.
DEBUG - 2026-07-24 11:33:43 --> Session: Class initialized using 'CodeIgniter\Session\Handlers\DatabaseHandler' driver.
ERROR - 2026-07-24 11:33:43 --> mysqli_sql_exception: Table 'ikontrol_new.ikontrol_fiscal_document_binary_artifacts' doesn't exist in C:\xampp\htdocs\ikontrol2\ikon2.0\system\Database\MySQLi\Connection.php:327
Stack trace:
#0 C:\xampp\htdocs\ikontrol2\ikon2.0\system\Database\MySQLi\Connection.php(327): mysqli->query('SELECT *\nFROM `...', 0)
#1 C:\xampp\htdocs\ikontrol2\ikon2.0\system\Database\BaseConnection.php(738): CodeIgniter\Database\MySQLi\Connection->execute('SELECT *\nFROM `...')
#2 C:\xampp\htdocs\ikontrol2\ikon2.0\system\Database\BaseConnection.php(652): CodeIgniter\Database\BaseConnection->simpleQuery('SELECT *\nFROM `...')
#3 C:\xampp\htdocs\ikontrol2\ikon2.0\system\Database\BaseBuilder.php(1649): CodeIgniter\Database\BaseConnection->query('SELECT *\nFROM `...', Array, false)
#4 C:\xampp\htdocs\ikontrol2\ikon2.0\app\Controllers\Fiscal\Stamping.php(21): CodeIgniter\Database\BaseBuilder->get(1)
#5 C:\xampp\htdocs\ikontrol2\ikon2.0\system\CodeIgniter.php(933): App\Controllers\Fiscal\Stamping->result('9')
#6 C:\xampp\htdocs\ikontrol2\ikon2.0\system\CodeIgniter.php(507): CodeIgniter\CodeIgniter->runController(Object(App\Controllers\Fiscal\Stamping))
#7 C:\xampp\htdocs\ikontrol2\ikon2.0\system\CodeIgniter.php(354): CodeIgniter\CodeIgniter->handleRequest(NULL, Object(Config\Cache), false)
#8 C:\xampp\htdocs\ikontrol2\ikon2.0\system\Boot.php(334): CodeIgniter\CodeIgniter->run()
#9 C:\xampp\htdocs\ikontrol2\ikon2.0\system\Boot.php(67): CodeIgniter\Boot::runCodeIgniter(Object(CodeIgniter\CodeIgniter))
#10 C:\xampp\htdocs\ikontrol2\ikon2.0\index.php(75): CodeIgniter\Boot::bootWeb(Object(Config\Paths))
#11 {main}
CRITICAL - 2026-07-24 11:33:43 --> CodeIgniter\Database\Exceptions\DatabaseException: Table 'ikontrol_new.ikontrol_fiscal_document_binary_artifacts' doesn't exist
[Method: POST, Route: fiscal/stamping/result/9]
in SYSTEMPATH\Database\BaseConnection.php on line 692.
 1 SYSTEMPATH\Database\BaseBuilder.php(1649): CodeIgniter\Database\BaseConnection->query('SELECT *
FROM `ikontrol_fiscal_document_binary_artifacts`
WHERE `fiscal_document_id` = :fiscal_document_id:
AND `artifact_type` = :artifact_type:
AND `validation_status` = :validation_status:
 LIMIT 1', [...], false)
 2 APPPATH\Controllers\Fiscal\Stamping.php(21): CodeIgniter\Database\BaseBuilder->get(1)
 3 SYSTEMPATH\CodeIgniter.php(933): App\Controllers\Fiscal\Stamping->result('9')
 4 SYSTEMPATH\CodeIgniter.php(507): CodeIgniter\CodeIgniter->runController(Object(App\Controllers\Fiscal\Stamping))
 5 SYSTEMPATH\CodeIgniter.php(354): CodeIgniter\CodeIgniter->handleRequest(null, Object(Config\Cache), false)
 6 SYSTEMPATH\Boot.php(334): CodeIgniter\CodeIgniter->run()
 7 SYSTEMPATH\Boot.php(67): CodeIgniter\Boot::runCodeIgniter(Object(CodeIgniter\CodeIgniter))
 8 FCPATH\index.php(75): CodeIgniter\Boot::bootWeb(Object(Config\Paths))
CRITICAL - 2026-07-24 11:33:43 --> [Caused by] CodeIgniter\Database\Exceptions\DatabaseException: Table 'ikontrol_new.ikontrol_fiscal_document_binary_artifacts' doesn't exist
in SYSTEMPATH\Database\MySQLi\Connection.php on line 332.
 1 SYSTEMPATH\Database\BaseConnection.php(738): CodeIgniter\Database\MySQLi\Connection->execute('SELECT *
FROM `ikontrol_fiscal_document_binary_artifacts`
WHERE `fiscal_document_id` = 9
AND `artifact_type` = \'pac_pdf\'
AND `validation_status` = \'valid\'
 LIMIT 1')
 2 SYSTEMPATH\Database\BaseConnection.php(652): CodeIgniter\Database\BaseConnection->simpleQuery('SELECT *
FROM `ikontrol_fiscal_document_binary_artifacts`
WHERE `fiscal_document_id` = 9
AND `artifact_type` = \'pac_pdf\'
AND `validation_status` = \'valid\'
 LIMIT 1')
 3 SYSTEMPATH\Database\BaseBuilder.php(1649): CodeIgniter\Database\BaseConnection->query('SELECT *
FROM `ikontrol_fiscal_document_binary_artifacts`
WHERE `fiscal_document_id` = :fiscal_document_id:
AND `artifact_type` = :artifact_type:
AND `validation_status` = :validation_status:
 LIMIT 1', [...], false)
 4 APPPATH\Controllers\Fiscal\Stamping.php(21): CodeIgniter\Database\BaseBuilder->get(1)
 5 SYSTEMPATH\CodeIgniter.php(933): App\Controllers\Fiscal\Stamping->result('9')
 6 SYSTEMPATH\CodeIgniter.php(507): CodeIgniter\CodeIgniter->runController(Object(App\Controllers\Fiscal\Stamping))
 7 SYSTEMPATH\CodeIgniter.php(354): CodeIgniter\CodeIgniter->handleRequest(null, Object(Config\Cache), false)
 8 SYSTEMPATH\Boot.php(334): CodeIgniter\CodeIgniter->run()
 9 SYSTEMPATH\Boot.php(67): CodeIgniter\Boot::runCodeIgniter(Object(CodeIgniter\CodeIgniter))
10 FCPATH\index.php(75): CodeIgniter\Boot::bootWeb(Object(Config\Paths))
CRITICAL - 2026-07-24 11:33:43 --> [Caused by] mysqli_sql_exception: Table 'ikontrol_new.ikontrol_fiscal_document_binary_artifacts' doesn't exist
in SYSTEMPATH\Database\MySQLi\Connection.php on line 327.
 1 SYSTEMPATH\Database\MySQLi\Connection.php(327): mysqli->query('SELECT *
FROM `ikontrol_fiscal_document_binary_artifacts`
WHERE `fiscal_document_id` = 9
AND `artifact_type` = \'pac_pdf\'
AND `validation_status` = \'valid\'
 LIMIT 1', 0)
 2 SYSTEMPATH\Database\BaseConnection.php(738): CodeIgniter\Database\MySQLi\Connection->execute('SELECT *
FROM `ikontrol_fiscal_document_binary_artifacts`
WHERE `fiscal_document_id` = 9
AND `artifact_type` = \'pac_pdf\'
AND `validation_status` = \'valid\'
 LIMIT 1')
 3 SYSTEMPATH\Database\BaseConnection.php(652): CodeIgniter\Database\BaseConnection->simpleQuery('SELECT *
FROM `ikontrol_fiscal_document_binary_artifacts`
WHERE `fiscal_document_id` = 9
AND `artifact_type` = \'pac_pdf\'
AND `validation_status` = \'valid\'
 LIMIT 1')
 4 SYSTEMPATH\Database\BaseBuilder.php(1649): CodeIgniter\Database\BaseConnection->query('SELECT *
FROM `ikontrol_fiscal_document_binary_artifacts`
WHERE `fiscal_document_id` = :fiscal_document_id:
AND `artifact_type` = :artifact_type:
AND `validation_status` = :validation_status:
 LIMIT 1', [...], false)
 5 APPPATH\Controllers\Fiscal\Stamping.php(21): CodeIgniter\Database\BaseBuilder->get(1)
 6 SYSTEMPATH\CodeIgniter.php(933): App\Controllers\Fiscal\Stamping->result('9')
 7 SYSTEMPATH\CodeIgniter.php(507): CodeIgniter\CodeIgniter->runController(Object(App\Controllers\Fiscal\Stamping))
 8 SYSTEMPATH\CodeIgniter.php(354): CodeIgniter\CodeIgniter->handleRequest(null, Object(Config\Cache), false)
 9 SYSTEMPATH\Boot.php(334): CodeIgniter\CodeIgniter->run()
10 SYSTEMPATH\Boot.php(67): CodeIgniter\Boot::runCodeIgniter(Object(CodeIgniter\CodeIgniter))
11 FCPATH\index.php(75): CodeIgniter\Boot::bootWeb(Object(Config\Paths))
DEBUG - 2026-07-24 11:33:45 --> Session: Class initialized using 'CodeIgniter\Session\Handlers\DatabaseHandler' driver.
DEBUG - 2026-07-24 11:33:47 --> Session: Class initialized using 'CodeIgniter\Session\Handlers\DatabaseHandler' driver.
DEBUG - 2026-07-24 11:33:51 --> Session: Class initialized using 'CodeIgniter\Session\Handlers\DatabaseHandler' driver.
DEBUG - 2026-07-24 11:33:56 --> Session: Class initialized using 'CodeIgniter\Session\Handlers\DatabaseHandler' driver.
DEBUG - 2026-07-24 11:34:01 --> Session: Class initialized using 'CodeIgniter\Session\Handlers\DatabaseHandler' driver.
DEBUG - 2026-07-24 11:34:07 --> Session: Class initialized using 'CodeIgniter\Session\Handlers\DatabaseHandler' driver.
DEBUG - 2026-07-24 11:34:13 --> Session: Class initialized using 'CodeIgniter\Session\Handlers\DatabaseHandler' driver.
DEBUG - 2026-07-24 11:34:19 --> Session: Class initialized using 'CodeIgniter\Session\Handlers\DatabaseHandler' driver.
DEBUG - 2026-07-24 11:34:25 --> Session: Class initialized using 'CodeIgniter\Session\Handlers\DatabaseHandler' driver.
DEBUG - 2026-07-24 11:34:31 --> Session: Class initialized using 'CodeIgniter\Session\Handlers\DatabaseHandler' driver.
DEBUG - 2026-07-24 11:34:32 --> Session: Class initialized using 'CodeIgniter\Session\Handlers\DatabaseHandler' driver.
DEBUG - 2026-07-24 11:34:37 --> Session: Class initialized using 'CodeIgniter\Session\Handlers\DatabaseHandler' driver.
DEBUG - 2026-07-24 11:34:43 --> Session: Class initialized using 'CodeIgniter\Session\Handlers\DatabaseHandler' driver.
DEBUG - 2026-07-24 11:34:49 --> Session: Class initialized using 'CodeIgniter\Session\Handlers\DatabaseHandler' driver.
DEBUG - 2026-07-24 11:34:55 --> Session: Class initialized using 'CodeIgniter\Session\Handlers\DatabaseHandler' driver.
DEBUG - 2026-07-24 11:35:01 --> Session: Class initialized using 'CodeIgniter\Session\Handlers\DatabaseHandler' driver.
DEBUG - 2026-07-24 11:35:07 --> Session: Class initialized using 'CodeIgniter\Session\Handlers\DatabaseHandler' driver.
DEBUG - 2026-07-24 11:35:13 --> Session: Class initialized using 'CodeIgniter\Session\Handlers\DatabaseHandler' driver.
DEBUG - 2026-07-24 11:35:19 --> Session: Class initialized using 'CodeIgniter\Session\Handlers\DatabaseHandler' driver.
DEBUG - 2026-07-24 11:35:25 --> Session: Class initialized using 'CodeIgniter\Session\Handlers\DatabaseHandler' driver.
DEBUG - 2026-07-24 11:35:31 --> Session: Class initialized using 'CodeIgniter\Session\Handlers\DatabaseHandler' driver.
DEBUG - 2026-07-24 11:35:33 --> Session: Class initialized using 'CodeIgniter\Session\Handlers\DatabaseHandler' driver.
DEBUG - 2026-07-24 11:35:37 --> Session: Class initialized using 'CodeIgniter\Session\Handlers\DatabaseHandler' driver.
DEBUG - 2026-07-24 11:35:43 --> Session: Class initialized using 'CodeIgniter\Session\Handlers\DatabaseHandler' driver.
DEBUG - 2026-07-24 11:35:49 --> Session: Class initialized using 'CodeIgniter\Session\Handlers\DatabaseHandler' driver.
DEBUG - 2026-07-24 11:35:55 --> Session: Class initialized using 'CodeIgniter\Session\Handlers\DatabaseHandler' driver.
DEBUG - 2026-07-24 11:36:01 --> Session: Class initialized using 'CodeIgniter\Session\Handlers\DatabaseHandler' driver.
DEBUG - 2026-07-24 11:36:07 --> Session: Class initialized using 'CodeIgniter\Session\Handlers\DatabaseHandler' driver.
DEBUG - 2026-07-24 11:36:12 --> Session: Class initialized using 'CodeIgniter\Session\Handlers\DatabaseHandler' driver.
DEBUG - 2026-07-24 11:36:18 --> Session: Class initialized using 'CodeIgniter\Session\Handlers\DatabaseHandler' driver.
DEBUG - 2026-07-24 11:36:24 --> Session: Class initialized using 'CodeIgniter\Session\Handlers\DatabaseHandler' driver.
DEBUG - 2026-07-24 11:36:30 --> Session: Class initialized using 'CodeIgniter\Session\Handlers\DatabaseHandler' driver.
DEBUG - 2026-07-24 11:36:35 --> Session: Class initialized using 'CodeIgniter\Session\Handlers\DatabaseHandler' driver.
DEBUG - 2026-07-24 11:36:36 --> Session: Class initialized using 'CodeIgniter\Session\Handlers\DatabaseHandler' driver.
DEBUG - 2026-07-24 11:36:42 --> Session: Class initialized using 'CodeIgniter\Session\Handlers\DatabaseHandler' driver.
DEBUG - 2026-07-24 11:36:48 --> Session: Class initialized using 'CodeIgniter\Session\Handlers\DatabaseHandler' driver.
DEBUG - 2026-07-24 11:36:54 --> Session: Class initialized using 'CodeIgniter\Session\Handlers\DatabaseHandler' driver.
DEBUG - 2026-07-24 11:37:00 --> Session: Class initialized using 'CodeIgniter\Session\Handlers\DatabaseHandler' driver.
DEBUG - 2026-07-24 11:37:06 --> Session: Class initialized using 'CodeIgniter\Session\Handlers\DatabaseHandler' driver.
DEBUG - 2026-07-24 11:37:12 --> Session: Class initialized using 'CodeIgniter\Session\Handlers\DatabaseHandler' driver.
DEBUG - 2026-07-24 11:37:18 --> Session: Class initialized using 'CodeIgniter\Session\Handlers\DatabaseHandler' driver.
DEBUG - 2026-07-24 11:37:24 --> Session: Class initialized using 'CodeIgniter\Session\Handlers\DatabaseHandler' driver.
DEBUG - 2026-07-24 11:37:30 --> Session: Class initialized using 'CodeIgniter\Session\Handlers\DatabaseHandler' driver.
DEBUG - 2026-07-24 11:37:36 --> Session: Class initialized using 'CodeIgniter\Session\Handlers\DatabaseHandler' driver.
DEBUG - 2026-07-24 11:37:37 --> Session: Class initialized using 'CodeIgniter\Session\Handlers\DatabaseHandler' driver.
DEBUG - 2026-07-24 11:37:43 --> Session: Class initialized using 'CodeIgniter\Session\Handlers\DatabaseHandler' driver.
DEBUG - 2026-07-24 11:37:49 --> Session: Class initialized using 'CodeIgniter\Session\Handlers\DatabaseHandler' driver.
DEBUG - 2026-07-24 11:37:55 --> Session: Class initialized using 'CodeIgniter\Session\Handlers\DatabaseHandler' driver.
DEBUG - 2026-07-24 11:38:02 --> Session: Class initialized using 'CodeIgniter\Session\Handlers\DatabaseHandler' driver.
DEBUG - 2026-07-24 11:38:07 --> Session: Class initialized using 'CodeIgniter\Session\Handlers\DatabaseHandler' driver.
DEBUG - 2026-07-24 11:38:13 --> Session: Class initialized using 'CodeIgniter\Session\Handlers\DatabaseHandler' driver.
DEBUG - 2026-07-24 11:38:19 --> Session: Class initialized using 'CodeIgniter\Session\Handlers\DatabaseHandler' driver.
DEBUG - 2026-07-24 11:38:25 --> Session: Class initialized using 'CodeIgniter\Session\Handlers\DatabaseHandler' driver.
DEBUG - 2026-07-24 11:38:31 --> Session: Class initialized using 'CodeIgniter\Session\Handlers\DatabaseHandler' driver.
DEBUG - 2026-07-24 11:38:37 --> Session: Class initialized using 'CodeIgniter\Session\Handlers\DatabaseHandler' driver.
DEBUG - 2026-07-24 11:38:38 --> Session: Class initialized using 'CodeIgniter\Session\Handlers\DatabaseHandler' driver.
DEBUG - 2026-07-24 11:38:44 --> Session: Class initialized using 'CodeIgniter\Session\Handlers\DatabaseHandler' driver.
DEBUG - 2026-07-24 11:38:50 --> Session: Class initialized using 'CodeIgniter\Session\Handlers\DatabaseHandler' driver.
DEBUG - 2026-07-24 11:38:56 --> Session: Class initialized using 'CodeIgniter\Session\Handlers\DatabaseHandler' driver.
DEBUG - 2026-07-24 11:39:02 --> Session: Class initialized using 'CodeIgniter\Session\Handlers\DatabaseHandler' driver.
DEBUG - 2026-07-24 11:39:08 --> Session: Class initialized using 'CodeIgniter\Session\Handlers\DatabaseHandler' driver.
DEBUG - 2026-07-24 11:39:14 --> Session: Class initialized using 'CodeIgniter\Session\Handlers\DatabaseHandler' driver.
DEBUG - 2026-07-24 11:39:20 --> Session: Class initialized using 'CodeIgniter\Session\Handlers\DatabaseHandler' driver.
DEBUG - 2026-07-24 11:39:26 --> Session: Class initialized using 'CodeIgniter\Session\Handlers\DatabaseHandler' driver.
DEBUG - 2026-07-24 11:39:32 --> Session: Class initialized using 'CodeIgniter\Session\Handlers\DatabaseHandler' driver.
DEBUG - 2026-07-24 11:39:38 --> Session: Class initialized using 'CodeIgniter\Session\Handlers\DatabaseHandler' driver.
DEBUG - 2026-07-24 11:39:39 --> Session: Class initialized using 'CodeIgniter\Session\Handlers\DatabaseHandler' driver.
DEBUG - 2026-07-24 11:39:45 --> Session: Class initialized using 'CodeIgniter\Session\Handlers\DatabaseHandler' driver.
DEBUG - 2026-07-24 11:39:51 --> Session: Class initialized using 'CodeIgniter\Session\Handlers\DatabaseHandler' driver.
DEBUG - 2026-07-24 11:39:57 --> Session: Class initialized using 'CodeIgniter\Session\Handlers\DatabaseHandler' driver.
DEBUG - 2026-07-24 11:40:03 --> Session: Class initialized using 'CodeIgniter\Session\Handlers\DatabaseHandler' driver.
DEBUG - 2026-07-24 11:40:09 --> Session: Class initialized using 'CodeIgniter\Session\Handlers\DatabaseHandler' driver.
DEBUG - 2026-07-24 11:40:15 --> Session: Class initialized using 'CodeIgniter\Session\Handlers\DatabaseHandler' driver.
DEBUG - 2026-07-24 11:40:21 --> Session: Class initialized using 'CodeIgniter\Session\Handlers\DatabaseHandler' driver.
DEBUG - 2026-07-24 11:40:27 --> Session: Class initialized using 'CodeIgniter\Session\Handlers\DatabaseHandler' driver.
DEBUG - 2026-07-24 11:40:33 --> Session: Class initialized using 'CodeIgniter\Session\Handlers\DatabaseHandler' driver.
DEBUG - 2026-07-24 11:40:39 --> Session: Class initialized using 'CodeIgniter\Session\Handlers\DatabaseHandler' driver.
DEBUG - 2026-07-24 11:40:40 --> Session: Class initialized using 'CodeIgniter\Session\Handlers\DatabaseHandler' driver.
DEBUG - 2026-07-24 11:40:45 --> Session: Class initialized using 'CodeIgniter\Session\Handlers\DatabaseHandler' driver.
DEBUG - 2026-07-24 11:40:51 --> Session: Class initialized using 'CodeIgniter\Session\Handlers\DatabaseHandler' driver.
DEBUG - 2026-07-24 11:40:57 --> Session: Class initialized using 'CodeIgniter\Session\Handlers\DatabaseHandler' driver.
DEBUG - 2026-07-24 11:41:03 --> Session: Class initialized using 'CodeIgniter\Session\Handlers\DatabaseHandler' driver.
DEBUG - 2026-07-24 11:41:09 --> Session: Class initialized using 'CodeIgniter\Session\Handlers\DatabaseHandler' driver.
DEBUG - 2026-07-24 11:41:15 --> Session: Class initialized using 'CodeIgniter\Session\Handlers\DatabaseHandler' driver.
DEBUG - 2026-07-24 11:41:21 --> Session: Class initialized using 'CodeIgniter\Session\Handlers\DatabaseHandler' driver.
DEBUG - 2026-07-24 11:41:27 --> Session: Class initialized using 'CodeIgniter\Session\Handlers\DatabaseHandler' driver.
DEBUG - 2026-07-24 11:41:33 --> Session: Class initialized using 'CodeIgniter\Session\Handlers\DatabaseHandler' driver.
DEBUG - 2026-07-24 11:41:39 --> Session: Class initialized using 'CodeIgniter\Session\Handlers\DatabaseHandler' driver.
DEBUG - 2026-07-24 11:41:41 --> Session: Class initialized using 'CodeIgniter\Session\Handlers\DatabaseHandler' driver.
DEBUG - 2026-07-24 11:41:45 --> Session: Class initialized using 'CodeIgniter\Session\Handlers\DatabaseHandler' driver.
DEBUG - 2026-07-24 11:41:51 --> Session: Class initialized using 'CodeIgniter\Session\Handlers\DatabaseHandler' driver.
DEBUG - 2026-07-24 11:41:57 --> Session: Class initialized using 'CodeIgniter\Session\Handlers\DatabaseHandler' driver.
DEBUG - 2026-07-24 11:42:03 --> Session: Class initialized using 'CodeIgniter\Session\Handlers\DatabaseHandler' driver.
DEBUG - 2026-07-24 11:42:09 --> Session: Class initialized using 'CodeIgniter\Session\Handlers\DatabaseHandler' driver.
DEBUG - 2026-07-24 11:42:15 --> Session: Class initialized using 'CodeIgniter\Session\Handlers\DatabaseHandler' driver.
DEBUG - 2026-07-24 11:42:21 --> Session: Class initialized using 'CodeIgniter\Session\Handlers\DatabaseHandler' driver.
DEBUG - 2026-07-24 11:42:27 --> Session: Class initialized using 'CodeIgniter\Session\Handlers\DatabaseHandler' driver.
DEBUG - 2026-07-24 11:42:33 --> Session: Class initialized using 'CodeIgniter\Session\Handlers\DatabaseHandler' driver.
DEBUG - 2026-07-24 11:42:39 --> Session: Class initialized using 'CodeIgniter\Session\Handlers\DatabaseHandler' driver.
DEBUG - 2026-07-24 11:42:42 --> Session: Class initialized using 'CodeIgniter\Session\Handlers\DatabaseHandler' driver.
DEBUG - 2026-07-24 11:42:45 --> Session: Class initialized using 'CodeIgniter\Session\Handlers\DatabaseHandler' driver.
DEBUG - 2026-07-24 11:42:51 --> Session: Class initialized using 'CodeIgniter\Session\Handlers\DatabaseHandler' driver.
DEBUG - 2026-07-24 11:42:57 --> Session: Class initialized using 'CodeIgniter\Session\Handlers\DatabaseHandler' driver.
DEBUG - 2026-07-24 11:43:03 --> Session: Class initialized using 'CodeIgniter\Session\Handlers\DatabaseHandler' driver.
DEBUG - 2026-07-24 11:43:09 --> Session: Class initialized using 'CodeIgniter\Session\Handlers\DatabaseHandler' driver.
DEBUG - 2026-07-24 11:43:15 --> Session: Class initialized using 'CodeIgniter\Session\Handlers\DatabaseHandler' driver.
DEBUG - 2026-07-24 11:43:21 --> Session: Class initialized using 'CodeIgniter\Session\Handlers\DatabaseHandler' driver.
DEBUG - 2026-07-24 11:43:27 --> Session: Class initialized using 'CodeIgniter\Session\Handlers\DatabaseHandler' driver.
DEBUG - 2026-07-24 11:43:33 --> Session: Class initialized using 'CodeIgniter\Session\Handlers\DatabaseHandler' driver.
DEBUG - 2026-07-24 11:43:39 --> Session: Class initialized using 'CodeIgniter\Session\Handlers\DatabaseHandler' driver.
DEBUG - 2026-07-24 11:43:43 --> Session: Class initialized using 'CodeIgniter\Session\Handlers\DatabaseHandler' driver.
DEBUG - 2026-07-24 11:43:45 --> Session: Class initialized using 'CodeIgniter\Session\Handlers\DatabaseHandler' driver.
DEBUG - 2026-07-24 11:43:52 --> Session: Class initialized using 'CodeIgniter\Session\Handlers\DatabaseHandler' driver.
DEBUG - 2026-07-24 11:43:57 --> Session: Class initialized using 'CodeIgniter\Session\Handlers\DatabaseHandler' driver.
DEBUG - 2026-07-24 11:44:03 --> Session: Class initialized using 'CodeIgniter\Session\Handlers\DatabaseHandler' driver.
DEBUG - 2026-07-24 11:44:09 --> Session: Class initialized using 'CodeIgniter\Session\Handlers\DatabaseHandler' driver.
DEBUG - 2026-07-24 11:44:15 --> Session: Class initialized using 'CodeIgniter\Session\Handlers\DatabaseHandler' driver.
DEBUG - 2026-07-24 11:44:21 --> Session: Class initialized using 'CodeIgniter\Session\Handlers\DatabaseHandler' driver.
DEBUG - 2026-07-24 11:44:27 --> Session: Class initialized using 'CodeIgniter\Session\Handlers\DatabaseHandler' driver.
DEBUG - 2026-07-24 11:44:33 --> Session: Class initialized using 'CodeIgniter\Session\Handlers\DatabaseHandler' driver.
DEBUG - 2026-07-24 11:44:39 --> Session: Class initialized using 'CodeIgniter\Session\Handlers\DatabaseHandler' driver.
DEBUG - 2026-07-24 11:44:44 --> Session: Class initialized using 'CodeIgniter\Session\Handlers\DatabaseHandler' driver.
DEBUG - 2026-07-24 11:44:45 --> Session: Class initialized using 'CodeIgniter\Session\Handlers\DatabaseHandler' driver.
DEBUG - 2026-07-24 11:44:51 --> Session: Class initialized using 'CodeIgniter\Session\Handlers\DatabaseHandler' driver.
DEBUG - 2026-07-24 11:44:57 --> Session: Class initialized using 'CodeIgniter\Session\Handlers\DatabaseHandler' driver.
DEBUG - 2026-07-24 11:45:03 --> Session: Class initialized using 'CodeIgniter\Session\Handlers\DatabaseHandler' driver.
DEBUG - 2026-07-24 11:45:09 --> Session: Class initialized using 'CodeIgniter\Session\Handlers\DatabaseHandler' driver.
DEBUG - 2026-07-24 11:45:15 --> Session: Class initialized using 'CodeIgniter\Session\Handlers\DatabaseHandler' driver.
DEBUG - 2026-07-24 11:45:21 --> Session: Class initialized using 'CodeIgniter\Session\Handlers\DatabaseHandler' driver.
DEBUG - 2026-07-24 11:45:27 --> Session: Class initialized using 'CodeIgniter\Session\Handlers\DatabaseHandler' driver.
DEBUG - 2026-07-24 11:45:33 --> Session: Class initialized using 'CodeIgniter\Session\Handlers\DatabaseHandler' driver.
DEBUG - 2026-07-24 11:45:39 --> Session: Class initialized using 'CodeIgniter\Session\Handlers\DatabaseHandler' driver.
DEBUG - 2026-07-24 11:45:45 --> Session: Class initialized using 'CodeIgniter\Session\Handlers\DatabaseHandler' driver.
DEBUG - 2026-07-24 11:45:46 --> Session: Class initialized using 'CodeIgniter\Session\Handlers\DatabaseHandler' driver.
DEBUG - 2026-07-24 11:45:52 --> Session: Class initialized using 'CodeIgniter\Session\Handlers\DatabaseHandler' driver.
DEBUG - 2026-07-24 11:45:58 --> Session: Class initialized using 'CodeIgniter\Session\Handlers\DatabaseHandler' driver.
DEBUG - 2026-07-24 11:46:04 --> Session: Class initialized using 'CodeIgniter\Session\Handlers\DatabaseHandler' driver.
DEBUG - 2026-07-24 11:46:10 --> Session: Class initialized using 'CodeIgniter\Session\Handlers\DatabaseHandler' driver.
DEBUG - 2026-07-24 11:46:16 --> Session: Class initialized using 'CodeIgniter\Session\Handlers\DatabaseHandler' driver.
DEBUG - 2026-07-24 11:46:22 --> Session: Class initialized using 'CodeIgniter\Session\Handlers\DatabaseHandler' driver.
DEBUG - 2026-07-24 11:46:28 --> Session: Class initialized using 'CodeIgniter\Session\Handlers\DatabaseHandler' driver.
DEBUG - 2026-07-24 11:46:34 --> Session: Class initialized using 'CodeIgniter\Session\Handlers\DatabaseHandler' driver.
DEBUG - 2026-07-24 11:46:40 --> Session: Class initialized using 'CodeIgniter\Session\Handlers\DatabaseHandler' driver.
DEBUG - 2026-07-24 11:46:46 --> Session: Class initialized using 'CodeIgniter\Session\Handlers\DatabaseHandler' driver.
DEBUG - 2026-07-24 11:46:47 --> Session: Class initialized using 'CodeIgniter\Session\Handlers\DatabaseHandler' driver.
DEBUG - 2026-07-24 11:46:52 --> Session: Class initialized using 'CodeIgniter\Session\Handlers\DatabaseHandler' driver.
DEBUG - 2026-07-24 11:46:58 --> Session: Class initialized using 'CodeIgniter\Session\Handlers\DatabaseHandler' driver.
DEBUG - 2026-07-24 11:47:04 --> Session: Class initialized using 'CodeIgniter\Session\Handlers\DatabaseHandler' driver.
DEBUG - 2026-07-24 11:47:10 --> Session: Class initialized using 'CodeIgniter\Session\Handlers\DatabaseHandler' driver.
DEBUG - 2026-07-24 11:47:16 --> Session: Class initialized using 'CodeIgniter\Session\Handlers\DatabaseHandler' driver.
DEBUG - 2026-07-24 11:47:22 --> Session: Class initialized using 'CodeIgniter\Session\Handlers\DatabaseHandler' driver.
DEBUG - 2026-07-24 11:47:28 --> Session: Class initialized using 'CodeIgniter\Session\Handlers\DatabaseHandler' driver.
DEBUG - 2026-07-24 11:47:34 --> Session: Class initialized using 'CodeIgniter\Session\Handlers\DatabaseHandler' driver.
DEBUG - 2026-07-24 11:47:40 --> Session: Class initialized using 'CodeIgniter\Session\Handlers\DatabaseHandler' driver.
DEBUG - 2026-07-24 11:47:46 --> Session: Class initialized using 'CodeIgniter\Session\Handlers\DatabaseHandler' driver.
DEBUG - 2026-07-24 11:47:49 --> Session: Class initialized using 'CodeIgniter\Session\Handlers\DatabaseHandler' driver.
DEBUG - 2026-07-24 11:47:52 --> Session: Class initialized using 'CodeIgniter\Session\Handlers\DatabaseHandler' driver.
DEBUG - 2026-07-24 11:47:58 --> Session: Class initialized using 'CodeIgniter\Session\Handlers\DatabaseHandler' driver.
DEBUG - 2026-07-24 11:48:04 --> Session: Class initialized using 'CodeIgniter\Session\Handlers\DatabaseHandler' driver.
DEBUG - 2026-07-24 11:48:10 --> Session: Class initialized using 'CodeIgniter\Session\Handlers\DatabaseHandler' driver.
DEBUG - 2026-07-24 11:48:16 --> Session: Class initialized using 'CodeIgniter\Session\Handlers\DatabaseHandler' driver.
DEBUG - 2026-07-24 11:48:22 --> Session: Class initialized using 'CodeIgniter\Session\Handlers\DatabaseHandler' driver.
DEBUG - 2026-07-24 11:48:28 --> Session: Class initialized using 'CodeIgniter\Session\Handlers\DatabaseHandler' driver.
DEBUG - 2026-07-24 11:48:34 --> Session: Class initialized using 'CodeIgniter\Session\Handlers\DatabaseHandler' driver.
DEBUG - 2026-07-24 11:48:40 --> Session: Class initialized using 'CodeIgniter\Session\Handlers\DatabaseHandler' driver.
DEBUG - 2026-07-24 11:48:46 --> Session: Class initialized using 'CodeIgniter\Session\Handlers\DatabaseHandler' driver.
DEBUG - 2026-07-24 11:48:49 --> Session: Class initialized using 'CodeIgniter\Session\Handlers\DatabaseHandler' driver.
DEBUG - 2026-07-24 11:48:52 --> Session: Class initialized using 'CodeIgniter\Session\Handlers\DatabaseHandler' driver.
DEBUG - 2026-07-24 11:48:58 --> Session: Class initialized using 'CodeIgniter\Session\Handlers\DatabaseHandler' driver.
DEBUG - 2026-07-24 11:49:04 --> Session: Class initialized using 'CodeIgniter\Session\Handlers\DatabaseHandler' driver.
DEBUG - 2026-07-24 11:49:10 --> Session: Class initialized using 'CodeIgniter\Session\Handlers\DatabaseHandler' driver.
DEBUG - 2026-07-24 11:49:16 --> Session: Class initialized using 'CodeIgniter\Session\Handlers\DatabaseHandler' driver.
DEBUG - 2026-07-24 11:49:22 --> Session: Class initialized using 'CodeIgniter\Session\Handlers\DatabaseHandler' driver.
DEBUG - 2026-07-24 11:49:28 --> Session: Class initialized using 'CodeIgniter\Session\Handlers\DatabaseHandler' driver.
DEBUG - 2026-07-24 11:49:34 --> Session: Class initialized using 'CodeIgniter\Session\Handlers\DatabaseHandler' driver.
DEBUG - 2026-07-24 11:49:40 --> Session: Class initialized using 'CodeIgniter\Session\Handlers\DatabaseHandler' driver.
DEBUG - 2026-07-24 11:49:46 --> Session: Class initialized using 'CodeIgniter\Session\Handlers\DatabaseHandler' driver.
DEBUG - 2026-07-24 11:49:50 --> Session: Class initialized using 'CodeIgniter\Session\Handlers\DatabaseHandler' driver.
DEBUG - 2026-07-24 11:49:52 --> Session: Class initialized using 'CodeIgniter\Session\Handlers\DatabaseHandler' driver.
DEBUG - 2026-07-24 11:49:58 --> Session: Class initialized using 'CodeIgniter\Session\Handlers\DatabaseHandler' driver.
DEBUG - 2026-07-24 11:50:04 --> Session: Class initialized using 'CodeIgniter\Session\Handlers\DatabaseHandler' driver.
DEBUG - 2026-07-24 11:50:10 --> Session: Class initialized using 'CodeIgniter\Session\Handlers\DatabaseHandler' driver.
DEBUG - 2026-07-24 11:50:16 --> Session: Class initialized using 'CodeIgniter\Session\Handlers\DatabaseHandler' driver.
DEBUG - 2026-07-24 11:50:22 --> Session: Class initialized using 'CodeIgniter\Session\Handlers\DatabaseHandler' driver.
DEBUG - 2026-07-24 11:50:28 --> Session: Class initialized using 'CodeIgniter\Session\Handlers\DatabaseHandler' driver.
DEBUG - 2026-07-24 11:50:34 --> Session: Class initialized using 'CodeIgniter\Session\Handlers\DatabaseHandler' driver.
DEBUG - 2026-07-24 11:50:40 --> Session: Class initialized using 'CodeIgniter\Session\Handlers\DatabaseHandler' driver.
DEBUG - 2026-07-24 11:50:46 --> Session: Class initialized using 'CodeIgniter\Session\Handlers\DatabaseHandler' driver.
DEBUG - 2026-07-24 11:50:51 --> Session: Class initialized using 'CodeIgniter\Session\Handlers\DatabaseHandler' driver.
DEBUG - 2026-07-24 11:50:52 --> Session: Class initialized using 'CodeIgniter\Session\Handlers\DatabaseHandler' driver.
DEBUG - 2026-07-24 11:50:57 --> Session: Class initialized using 'CodeIgniter\Session\Handlers\DatabaseHandler' driver.
DEBUG - 2026-07-24 11:51:03 --> Session: Class initialized using 'CodeIgniter\Session\Handlers\DatabaseHandler' driver.
DEBUG - 2026-07-24 11:51:08 --> Session: Class initialized using 'CodeIgniter\Session\Handlers\DatabaseHandler' driver.
DEBUG - 2026-07-24 11:51:13 --> Session: Class initialized using 'CodeIgniter\Session\Handlers\DatabaseHandler' driver.
DEBUG - 2026-07-24 11:51:19 --> Session: Class initialized using 'CodeIgniter\Session\Handlers\DatabaseHandler' driver.
DEBUG - 2026-07-24 11:51:25 --> Session: Class initialized using 'CodeIgniter\Session\Handlers\DatabaseHandler' driver.
DEBUG - 2026-07-24 11:51:30 --> Session: Class initialized using 'CodeIgniter\Session\Handlers\DatabaseHandler' driver.
DEBUG - 2026-07-24 11:51:35 --> Session: Class initialized using 'CodeIgniter\Session\Handlers\DatabaseHandler' driver.
DEBUG - 2026-07-24 11:51:40 --> Session: Class initialized using 'CodeIgniter\Session\Handlers\DatabaseHandler' driver.
DEBUG - 2026-07-24 11:51:46 --> Session: Class initialized using 'CodeIgniter\Session\Handlers\DatabaseHandler' driver.
DEBUG - 2026-07-24 11:51:51 --> Session: Class initialized using 'CodeIgniter\Session\Handlers\DatabaseHandler' driver.
DEBUG - 2026-07-24 11:51:51 --> Session: Class initialized using 'CodeIgniter\Session\Handlers\DatabaseHandler' driver.
DEBUG - 2026-07-24 11:51:56 --> Session: Class initialized using 'CodeIgniter\Session\Handlers\DatabaseHandler' driver.
DEBUG - 2026-07-24 11:52:01 --> Session: Class initialized using 'CodeIgniter\Session\Handlers\DatabaseHandler' driver.
DEBUG - 2026-07-24 11:52:06 --> Session: Class initialized using 'CodeIgniter\Session\Handlers\DatabaseHandler' driver.
DEBUG - 2026-07-24 11:52:12 --> Session: Class initialized using 'CodeIgniter\Session\Handlers\DatabaseHandler' driver.
DEBUG - 2026-07-24 11:52:17 --> Session: Class initialized using 'CodeIgniter\Session\Handlers\DatabaseHandler' driver.
DEBUG - 2026-07-24 11:52:21 --> Session: Class initialized using 'CodeIgniter\Session\Handlers\DatabaseHandler' driver.
DEBUG - 2026-07-24 11:52:23 --> Session: Class initialized using 'CodeIgniter\Session\Handlers\DatabaseHandler' driver.
DEBUG - 2026-07-24 11:52:27 --> Session: Class initialized using 'CodeIgniter\Session\Handlers\DatabaseHandler' driver.
DEBUG - 2026-07-24 11:52:28 --> Session: Class initialized using 'CodeIgniter\Session\Handlers\DatabaseHandler' driver.
DEBUG - 2026-07-24 11:52:28 --> Session: Class initialized using 'CodeIgniter\Session\Handlers\DatabaseHandler' driver.
DEBUG - 2026-07-24 11:52:29 --> Session: Class initialized using 'CodeIgniter\Session\Handlers\DatabaseHandler' driver.
DEBUG - 2026-07-24 11:52:29 --> Session: Class initialized using 'CodeIgniter\Session\Handlers\DatabaseHandler' driver.
DEBUG - 2026-07-24 11:52:29 --> Invoice list filters user=1 type=- status=- start=2026-07-01 end=2026-07-31 currency=- own_creator=0 own_client=0
DEBUG - 2026-07-24 11:52:30 --> Session: Class initialized using 'CodeIgniter\Session\Handlers\DatabaseHandler' driver.
DEBUG - 2026-07-24 11:52:31 --> Session: Class initialized using 'CodeIgniter\Session\Handlers\DatabaseHandler' driver.
DEBUG - 2026-07-24 11:52:34 --> Session: Class initialized using 'CodeIgniter\Session\Handlers\DatabaseHandler' driver.
DEBUG - 2026-07-24 11:52:36 --> Session: Class initialized using 'CodeIgniter\Session\Handlers\DatabaseHandler' driver.
DEBUG - 2026-07-24 11:52:36 --> Session: Class initialized using 'CodeIgniter\Session\Handlers\DatabaseHandler' driver.
DEBUG - 2026-07-24 11:52:36 --> Session: Class initialized using 'CodeIgniter\Session\Handlers\DatabaseHandler' driver.
DEBUG - 2026-07-24 11:52:37 --> Session: Class initialized using 'CodeIgniter\Session\Handlers\DatabaseHandler' driver.
DEBUG - 2026-07-24 11:52:37 --> Invoice list filters user=1 type=- status=- start=2026-07-01 end=2026-07-31 currency=- own_creator=0 own_client=0
DEBUG - 2026-07-24 11:52:38 --> Session: Class initialized using 'CodeIgniter\Session\Handlers\DatabaseHandler' driver.
DEBUG - 2026-07-24 11:52:41 --> Session: Class initialized using 'CodeIgniter\Session\Handlers\DatabaseHandler' driver.
DEBUG - 2026-07-24 11:52:46 --> Session: Class initialized using 'CodeIgniter\Session\Handlers\DatabaseHandler' driver.
DEBUG - 2026-07-24 11:52:47 --> Session: Class initialized using 'CodeIgniter\Session\Handlers\DatabaseHandler' driver.
DEBUG - 2026-07-24 11:52:48 --> Session: Class initialized using 'CodeIgniter\Session\Handlers\DatabaseHandler' driver.
DEBUG - 2026-07-24 11:52:51 --> Session: Class initialized using 'CodeIgniter\Session\Handlers\DatabaseHandler' driver.
DEBUG - 2026-07-24 11:52:52 --> Session: Class initialized using 'CodeIgniter\Session\Handlers\DatabaseHandler' driver.
DEBUG - 2026-07-24 11:52:53 --> Session: Class initialized using 'CodeIgniter\Session\Handlers\DatabaseHandler' driver.
DEBUG - 2026-07-24 11:52:55 --> Session: Class initialized using 'CodeIgniter\Session\Handlers\DatabaseHandler' driver.
DEBUG - 2026-07-24 11:52:55 --> Session: Class initialized using 'CodeIgniter\Session\Handlers\DatabaseHandler' driver.
DEBUG - 2026-07-24 11:52:56 --> Session: Class initialized using 'CodeIgniter\Session\Handlers\DatabaseHandler' driver.
DEBUG - 2026-07-24 11:52:56 --> Invoice list filters user=1 type=- status=- start=2026-07-01 end=2026-07-31 currency=- own_creator=0 own_client=0
DEBUG - 2026-07-24 11:52:57 --> Session: Class initialized using 'CodeIgniter\Session\Handlers\DatabaseHandler' driver.
DEBUG - 2026-07-24 11:52:59 --> Session: Class initialized using 'CodeIgniter\Session\Handlers\DatabaseHandler' driver.
DEBUG - 2026-07-24 11:53:04 --> Session: Class initialized using 'CodeIgniter\Session\Handlers\DatabaseHandler' driver.
DEBUG - 2026-07-24 11:53:05 --> Session: Class initialized using 'CodeIgniter\Session\Handlers\DatabaseHandler' driver.
DEBUG - 2026-07-24 11:53:06 --> Session: Class initialized using 'CodeIgniter\Session\Handlers\DatabaseHandler' driver.
DEBUG - 2026-07-24 11:53:11 --> Session: Class initialized using 'CodeIgniter\Session\Handlers\DatabaseHandler' driver.
DEBUG - 2026-07-24 11:53:16 --> Session: Class initialized using 'CodeIgniter\Session\Handlers\DatabaseHandler' driver.
DEBUG - 2026-07-24 11:53:21 --> Session: Class initialized using 'CodeIgniter\Session\Handlers\DatabaseHandler' driver.
DEBUG - 2026-07-24 11:53:25 --> Session: Class initialized using 'CodeIgniter\Session\Handlers\DatabaseHandler' driver.
DEBUG - 2026-07-24 11:53:26 --> Session: Class initialized using 'CodeIgniter\Session\Handlers\DatabaseHandler' driver.
DEBUG - 2026-07-24 11:53:31 --> Session: Class initialized using 'CodeIgniter\Session\Handlers\DatabaseHandler' driver.
DEBUG - 2026-07-24 11:53:34 --> Session: Class initialized using 'CodeIgniter\Session\Handlers\DatabaseHandler' driver.
DEBUG - 2026-07-24 11:53:34 --> Session: Class initialized using 'CodeIgniter\Session\Handlers\DatabaseHandler' driver.
DEBUG - 2026-07-24 11:53:39 --> Session: Class initialized using 'CodeIgniter\Session\Handlers\DatabaseHandler' driver.
DEBUG - 2026-07-24 11:53:44 --> Session: Class initialized using 'CodeIgniter\Session\Handlers\DatabaseHandler' driver.
DEBUG - 2026-07-24 11:53:47 --> Session: Class initialized using 'CodeIgniter\Session\Handlers\DatabaseHandler' driver.
ERROR - 2026-07-24 11:53:49 --> Stamp request failed for document 10: RuntimeException
DEBUG - 2026-07-24 11:53:49 --> Session: Class initialized using 'CodeIgniter\Session\Handlers\DatabaseHandler' driver.
DEBUG - 2026-07-24 11:53:54 --> Session: Class initialized using 'CodeIgniter\Session\Handlers\DatabaseHandler' driver.
DEBUG - 2026-07-24 11:54:00 --> Session: Class initialized using 'CodeIgniter\Session\Handlers\DatabaseHandler' driver.
DEBUG - 2026-07-24 11:54:05 --> Session: Class initialized using 'CodeIgniter\Session\Handlers\DatabaseHandler' driver.
DEBUG - 2026-07-24 11:54:06 --> Session: Class initialized using 'CodeIgniter\Session\Handlers\DatabaseHandler' driver.
DEBUG - 2026-07-24 11:54:10 --> Session: Class initialized using 'CodeIgniter\Session\Handlers\DatabaseHandler' driver.
DEBUG - 2026-07-24 11:54:16 --> Session: Class initialized using 'CodeIgniter\Session\Handlers\DatabaseHandler' driver.
DEBUG - 2026-07-24 11:54:22 --> Session: Class initialized using 'CodeIgniter\Session\Handlers\DatabaseHandler' driver.
DEBUG - 2026-07-24 11:54:28 --> Session: Class initialized using 'CodeIgniter\Session\Handlers\DatabaseHandler' driver.
DEBUG - 2026-07-24 11:54:34 --> Session: Class initialized using 'CodeIgniter\Session\Handlers\DatabaseHandler' driver.
DEBUG - 2026-07-24 11:54:40 --> Session: Class initialized using 'CodeIgniter\Session\Handlers\DatabaseHandler' driver.
DEBUG - 2026-07-24 11:54:46 --> Session: Class initialized using 'CodeIgniter\Session\Handlers\DatabaseHandler' driver.
DEBUG - 2026-07-24 11:54:52 --> Session: Class initialized using 'CodeIgniter\Session\Handlers\DatabaseHandler' driver.
DEBUG - 2026-07-24 11:54:59 --> Session: Class initialized using 'CodeIgniter\Session\Handlers\DatabaseHandler' driver.
DEBUG - 2026-07-24 11:55:06 --> Session: Class initialized using 'CodeIgniter\Session\Handlers\DatabaseHandler' driver.
DEBUG - 2026-07-24 11:55:07 --> Session: Class initialized using 'CodeIgniter\Session\Handlers\DatabaseHandler' driver.
DEBUG - 2026-07-24 11:55:13 --> Session: Class initialized using 'CodeIgniter\Session\Handlers\DatabaseHandler' driver.
DEBUG - 2026-07-24 11:55:19 --> Session: Class initialized using 'CodeIgniter\Session\Handlers\DatabaseHandler' driver.
DEBUG - 2026-07-24 11:55:25 --> Session: Class initialized using 'CodeIgniter\Session\Handlers\DatabaseHandler' driver.
DEBUG - 2026-07-24 11:55:31 --> Session: Class initialized using 'CodeIgniter\Session\Handlers\DatabaseHandler' driver.
DEBUG - 2026-07-24 11:55:37 --> Session: Class initialized using 'CodeIgniter\Session\Handlers\DatabaseHandler' driver.
DEBUG - 2026-07-24 11:55:43 --> Session: Class initialized using 'CodeIgniter\Session\Handlers\DatabaseHandler' driver.
DEBUG - 2026-07-24 11:55:49 --> Session: Class initialized using 'CodeIgniter\Session\Handlers\DatabaseHandler' driver.
DEBUG - 2026-07-24 11:55:55 --> Session: Class initialized using 'CodeIgniter\Session\Handlers\DatabaseHandler' driver.
DEBUG - 2026-07-24 11:56:01 --> Session: Class initialized using 'CodeIgniter\Session\Handlers\DatabaseHandler' driver.
DEBUG - 2026-07-24 11:56:07 --> Session: Class initialized using 'CodeIgniter\Session\Handlers\DatabaseHandler' driver.
DEBUG - 2026-07-24 11:56:08 --> Session: Class initialized using 'CodeIgniter\Session\Handlers\DatabaseHandler' driver.
DEBUG - 2026-07-24 11:56:13 --> Session: Class initialized using 'CodeIgniter\Session\Handlers\DatabaseHandler' driver.
DEBUG - 2026-07-24 11:56:19 --> Session: Class initialized using 'CodeIgniter\Session\Handlers\DatabaseHandler' driver.
DEBUG - 2026-07-24 11:56:25 --> Session: Class initialized using 'CodeIgniter\Session\Handlers\DatabaseHandler' driver.
DEBUG - 2026-07-24 11:56:31 --> Session: Class initialized using 'CodeIgniter\Session\Handlers\DatabaseHandler' driver.
DEBUG - 2026-07-24 11:56:37 --> Session: Class initialized using 'CodeIgniter\Session\Handlers\DatabaseHandler' driver.
DEBUG - 2026-07-24 11:56:43 --> Session: Class initialized using 'CodeIgniter\Session\Handlers\DatabaseHandler' driver.
DEBUG - 2026-07-24 11:56:49 --> Session: Class initialized using 'CodeIgniter\Session\Handlers\DatabaseHandler' driver.
DEBUG - 2026-07-24 11:56:55 --> Session: Class initialized using 'CodeIgniter\Session\Handlers\DatabaseHandler' driver.
DEBUG - 2026-07-24 11:57:01 --> Session: Class initialized using 'CodeIgniter\Session\Handlers\DatabaseHandler' driver.
DEBUG - 2026-07-24 11:57:07 --> Session: Class initialized using 'CodeIgniter\Session\Handlers\DatabaseHandler' driver.
DEBUG - 2026-07-24 11:57:09 --> Session: Class initialized using 'CodeIgniter\Session\Handlers\DatabaseHandler' driver.
DEBUG - 2026-07-24 11:57:13 --> Session: Class initialized using 'CodeIgniter\Session\Handlers\DatabaseHandler' driver.
DEBUG - 2026-07-24 11:57:19 --> Session: Class initialized using 'CodeIgniter\Session\Handlers\DatabaseHandler' driver.
DEBUG - 2026-07-24 11:57:25 --> Session: Class initialized using 'CodeIgniter\Session\Handlers\DatabaseHandler' driver.
DEBUG - 2026-07-24 11:57:31 --> Session: Class initialized using 'CodeIgniter\Session\Handlers\DatabaseHandler' driver.
DEBUG - 2026-07-24 11:57:37 --> Session: Class initialized using 'CodeIgniter\Session\Handlers\DatabaseHandler' driver.
DEBUG - 2026-07-24 11:57:43 --> Session: Class initialized using 'CodeIgniter\Session\Handlers\DatabaseHandler' driver.
DEBUG - 2026-07-24 11:57:49 --> Session: Class initialized using 'CodeIgniter\Session\Handlers\DatabaseHandler' driver.
DEBUG - 2026-07-24 11:57:55 --> Session: Class initialized using 'CodeIgniter\Session\Handlers\DatabaseHandler' driver.
DEBUG - 2026-07-24 11:58:01 --> Session: Class initialized using 'CodeIgniter\Session\Handlers\DatabaseHandler' driver.
DEBUG - 2026-07-24 11:58:07 --> Session: Class initialized using 'CodeIgniter\Session\Handlers\DatabaseHandler' driver.
DEBUG - 2026-07-24 11:58:10 --> Session: Class initialized using 'CodeIgniter\Session\Handlers\DatabaseHandler' driver.
DEBUG - 2026-07-24 11:58:13 --> Session: Class initialized using 'CodeIgniter\Session\Handlers\DatabaseHandler' driver.
DEBUG - 2026-07-24 11:58:19 --> Session: Class initialized using 'CodeIgniter\Session\Handlers\DatabaseHandler' driver.
DEBUG - 2026-07-24 11:58:25 --> Session: Class initialized using 'CodeIgniter\Session\Handlers\DatabaseHandler' driver.
DEBUG - 2026-07-24 11:58:31 --> Session: Class initialized using 'CodeIgniter\Session\Handlers\DatabaseHandler' driver.
DEBUG - 2026-07-24 11:58:37 --> Session: Class initialized using 'CodeIgniter\Session\Handlers\DatabaseHandler' driver.
DEBUG - 2026-07-24 11:58:43 --> Session: Class initialized using 'CodeIgniter\Session\Handlers\DatabaseHandler' driver.
DEBUG - 2026-07-24 11:58:49 --> Session: Class initialized using 'CodeIgniter\Session\Handlers\DatabaseHandler' driver.
DEBUG - 2026-07-24 11:58:55 --> Session: Class initialized using 'CodeIgniter\Session\Handlers\DatabaseHandler' driver.
DEBUG - 2026-07-24 11:59:01 --> Session: Class initialized using 'CodeIgniter\Session\Handlers\DatabaseHandler' driver.
DEBUG - 2026-07-24 11:59:07 --> Session: Class initialized using 'CodeIgniter\Session\Handlers\DatabaseHandler' driver.
DEBUG - 2026-07-24 11:59:11 --> Session: Class initialized using 'CodeIgniter\Session\Handlers\DatabaseHandler' driver.
DEBUG - 2026-07-24 11:59:13 --> Session: Class initialized using 'CodeIgniter\Session\Handlers\DatabaseHandler' driver.
DEBUG - 2026-07-24 11:59:19 --> Session: Class initialized using 'CodeIgniter\Session\Handlers\DatabaseHandler' driver.
DEBUG - 2026-07-24 11:59:25 --> Session: Class initialized using 'CodeIgniter\Session\Handlers\DatabaseHandler' driver.
DEBUG - 2026-07-24 11:59:31 --> Session: Class initialized using 'CodeIgniter\Session\Handlers\DatabaseHandler' driver.
DEBUG - 2026-07-24 11:59:37 --> Session: Class initialized using 'CodeIgniter\Session\Handlers\DatabaseHandler' driver.
DEBUG - 2026-07-24 11:59:43 --> Session: Class initialized using 'CodeIgniter\Session\Handlers\DatabaseHandler' driver.
DEBUG - 2026-07-24 11:59:49 --> Session: Class initialized using 'CodeIgniter\Session\Handlers\DatabaseHandler' driver.
DEBUG - 2026-07-24 11:59:55 --> Session: Class initialized using 'CodeIgniter\Session\Handlers\DatabaseHandler' driver.
DEBUG - 2026-07-24 12:00:01 --> Session: Class initialized using 'CodeIgniter\Session\Handlers\DatabaseHandler' driver.
DEBUG - 2026-07-24 12:00:07 --> Session: Class initialized using 'CodeIgniter\Session\Handlers\DatabaseHandler' driver.
DEBUG - 2026-07-24 12:00:12 --> Session: Class initialized using 'CodeIgniter\Session\Handlers\DatabaseHandler' driver.
DEBUG - 2026-07-24 12:00:13 --> Session: Class initialized using 'CodeIgniter\Session\Handlers\DatabaseHandler' driver.
DEBUG - 2026-07-24 12:00:19 --> Session: Class initialized using 'CodeIgniter\Session\Handlers\DatabaseHandler' driver.
DEBUG - 2026-07-24 12:00:25 --> Session: Class initialized using 'CodeIgniter\Session\Handlers\DatabaseHandler' driver.
DEBUG - 2026-07-24 12:00:31 --> Session: Class initialized using 'CodeIgniter\Session\Handlers\DatabaseHandler' driver.
DEBUG - 2026-07-24 12:00:37 --> Session: Class initialized using 'CodeIgniter\Session\Handlers\DatabaseHandler' driver.
DEBUG - 2026-07-24 12:00:43 --> Session: Class initialized using 'CodeIgniter\Session\Handlers\DatabaseHandler' driver.
DEBUG - 2026-07-24 12:00:49 --> Session: Class initialized using 'CodeIgniter\Session\Handlers\DatabaseHandler' driver.
DEBUG - 2026-07-24 12:00:55 --> Session: Class initialized using 'CodeIgniter\Session\Handlers\DatabaseHandler' driver.
DEBUG - 2026-07-24 12:01:01 --> Session: Class initialized using 'CodeIgniter\Session\Handlers\DatabaseHandler' driver.
DEBUG - 2026-07-24 12:01:07 --> Session: Class initialized using 'CodeIgniter\Session\Handlers\DatabaseHandler' driver.
DEBUG - 2026-07-24 12:01:13 --> Session: Class initialized using 'CodeIgniter\Session\Handlers\DatabaseHandler' driver.
DEBUG - 2026-07-24 12:01:14 --> Session: Class initialized using 'CodeIgniter\Session\Handlers\DatabaseHandler' driver.
DEBUG - 2026-07-24 12:01:19 --> Session: Class initialized using 'CodeIgniter\Session\Handlers\DatabaseHandler' driver.
DEBUG - 2026-07-24 12:01:25 --> Session: Class initialized using 'CodeIgniter\Session\Handlers\DatabaseHandler' driver.
DEBUG - 2026-07-24 12:01:31 --> Session: Class initialized using 'CodeIgniter\Session\Handlers\DatabaseHandler' driver.
DEBUG - 2026-07-24 12:01:37 --> Session: Class initialized using 'CodeIgniter\Session\Handlers\DatabaseHandler' driver.
DEBUG - 2026-07-24 12:01:43 --> Session: Class initialized using 'CodeIgniter\Session\Handlers\DatabaseHandler' driver.
DEBUG - 2026-07-24 12:01:49 --> Session: Class initialized using 'CodeIgniter\Session\Handlers\DatabaseHandler' driver.
DEBUG - 2026-07-24 12:01:55 --> Session: Class initialized using 'CodeIgniter\Session\Handlers\DatabaseHandler' driver.
DEBUG - 2026-07-24 12:02:01 --> Session: Class initialized using 'CodeIgniter\Session\Handlers\DatabaseHandler' driver.
DEBUG - 2026-07-24 12:02:07 --> Session: Class initialized using 'CodeIgniter\Session\Handlers\DatabaseHandler' driver.
DEBUG - 2026-07-24 12:02:13 --> Session: Class initialized using 'CodeIgniter\Session\Handlers\DatabaseHandler' driver.
DEBUG - 2026-07-24 12:02:15 --> Session: Class initialized using 'CodeIgniter\Session\Handlers\DatabaseHandler' driver.
DEBUG - 2026-07-24 12:02:19 --> Session: Class initialized using 'CodeIgniter\Session\Handlers\DatabaseHandler' driver.
DEBUG - 2026-07-24 12:02:25 --> Session: Class initialized using 'CodeIgniter\Session\Handlers\DatabaseHandler' driver.
DEBUG - 2026-07-24 12:02:31 --> Session: Class initialized using 'CodeIgniter\Session\Handlers\DatabaseHandler' driver.
DEBUG - 2026-07-24 12:02:37 --> Session: Class initialized using 'CodeIgniter\Session\Handlers\DatabaseHandler' driver.
DEBUG - 2026-07-24 12:02:45 --> Session: Class initialized using 'CodeIgniter\Session\Handlers\DatabaseHandler' driver.
DEBUG - 2026-07-24 12:02:51 --> Session: Class initialized using 'CodeIgniter\Session\Handlers\DatabaseHandler' driver.
DEBUG - 2026-07-24 12:02:57 --> Session: Class initialized using 'CodeIgniter\Session\Handlers\DatabaseHandler' driver.
DEBUG - 2026-07-24 12:03:03 --> Session: Class initialized using 'CodeIgniter\Session\Handlers\DatabaseHandler' driver.
DEBUG - 2026-07-24 12:03:09 --> Session: Class initialized using 'CodeIgniter\Session\Handlers\DatabaseHandler' driver.
DEBUG - 2026-07-24 12:03:15 --> Session: Class initialized using 'CodeIgniter\Session\Handlers\DatabaseHandler' driver.
DEBUG - 2026-07-24 12:03:16 --> Session: Class initialized using 'CodeIgniter\Session\Handlers\DatabaseHandler' driver.
DEBUG - 2026-07-24 12:03:34 --> Session: Class initialized using 'CodeIgniter\Session\Handlers\DatabaseHandler' driver.
DEBUG - 2026-07-24 12:08:47 --> Session: Class initialized using 'CodeIgniter\Session\Handlers\DatabaseHandler' driver.
DEBUG - 2026-07-24 12:08:48 --> Session: Class initialized using 'CodeIgniter\Session\Handlers\DatabaseHandler' driver.
DEBUG - 2026-07-24 12:09:11 --> Session: Class initialized using 'CodeIgniter\Session\Handlers\DatabaseHandler' driver.
DEBUG - 2026-07-24 12:09:17 --> Session: Class initialized using 'CodeIgniter\Session\Handlers\DatabaseHandler' driver.
DEBUG - 2026-07-24 12:09:23 --> Session: Class initialized using 'CodeIgniter\Session\Handlers\DatabaseHandler' driver.
DEBUG - 2026-07-24 12:09:29 --> Session: Class initialized using 'CodeIgniter\Session\Handlers\DatabaseHandler' driver.
DEBUG - 2026-07-24 12:09:35 --> Session: Class initialized using 'CodeIgniter\Session\Handlers\DatabaseHandler' driver.
DEBUG - 2026-07-24 12:09:41 --> Session: Class initialized using 'CodeIgniter\Session\Handlers\DatabaseHandler' driver.
DEBUG - 2026-07-24 12:09:47 --> Session: Class initialized using 'CodeIgniter\Session\Handlers\DatabaseHandler' driver.
DEBUG - 2026-07-24 12:09:49 --> Session: Class initialized using 'CodeIgniter\Session\Handlers\DatabaseHandler' driver.
DEBUG - 2026-07-24 12:09:53 --> Session: Class initialized using 'CodeIgniter\Session\Handlers\DatabaseHandler' driver.
DEBUG - 2026-07-24 12:09:59 --> Session: Class initialized using 'CodeIgniter\Session\Handlers\DatabaseHandler' driver.
DEBUG - 2026-07-24 12:10:05 --> Session: Class initialized using 'CodeIgniter\Session\Handlers\DatabaseHandler' driver.
DEBUG - 2026-07-24 12:10:11 --> Session: Class initialized using 'CodeIgniter\Session\Handlers\DatabaseHandler' driver.
DEBUG - 2026-07-24 12:10:17 --> Session: Class initialized using 'CodeIgniter\Session\Handlers\DatabaseHandler' driver.
DEBUG - 2026-07-24 12:10:23 --> Session: Class initialized using 'CodeIgniter\Session\Handlers\DatabaseHandler' driver.
DEBUG - 2026-07-24 12:10:29 --> Session: Class initialized using 'CodeIgniter\Session\Handlers\DatabaseHandler' driver.
DEBUG - 2026-07-24 12:10:35 --> Session: Class initialized using 'CodeIgniter\Session\Handlers\DatabaseHandler' driver.
DEBUG - 2026-07-24 12:10:41 --> Session: Class initialized using 'CodeIgniter\Session\Handlers\DatabaseHandler' driver.
DEBUG - 2026-07-24 12:10:48 --> Session: Class initialized using 'CodeIgniter\Session\Handlers\DatabaseHandler' driver.
DEBUG - 2026-07-24 12:10:51 --> Session: Class initialized using 'CodeIgniter\Session\Handlers\DatabaseHandler' driver.
DEBUG - 2026-07-24 12:10:54 --> Session: Class initialized using 'CodeIgniter\Session\Handlers\DatabaseHandler' driver.
DEBUG - 2026-07-24 12:11:03 --> Session: Class initialized using 'CodeIgniter\Session\Handlers\DatabaseHandler' driver.
DEBUG - 2026-07-24 12:11:09 --> Session: Class initialized using 'CodeIgniter\Session\Handlers\DatabaseHandler' driver.
DEBUG - 2026-07-24 12:11:16 --> Session: Class initialized using 'CodeIgniter\Session\Handlers\DatabaseHandler' driver.
DEBUG - 2026-07-24 12:11:22 --> Session: Class initialized using 'CodeIgniter\Session\Handlers\DatabaseHandler' driver.
DEBUG - 2026-07-24 12:11:27 --> Session: Class initialized using 'CodeIgniter\Session\Handlers\DatabaseHandler' driver.
DEBUG - 2026-07-24 12:11:33 --> Session: Class initialized using 'CodeIgniter\Session\Handlers\DatabaseHandler' driver.
DEBUG - 2026-07-24 12:11:39 --> Session: Class initialized using 'CodeIgniter\Session\Handlers\DatabaseHandler' driver.
DEBUG - 2026-07-24 12:11:45 --> Session: Class initialized using 'CodeIgniter\Session\Handlers\DatabaseHandler' driver.
DEBUG - 2026-07-24 20:11:49 --> Session: Class initialized using 'CodeIgniter\Session\Handlers\DatabaseHandler' driver.
ERROR - 2026-07-24 20:11:49 --> Atomic estimate acceptance failed estimate=54: Injected item failure FCPATH\tests\Increment02\database_integration.php:108
INFO - 2026-07-24 20:11:49 --> Reused existing invoice=52 estimate=54; no duplicate.
DEBUG - 2026-07-24 12:11:51 --> Session: Class initialized using 'CodeIgniter\Session\Handlers\DatabaseHandler' driver.
DEBUG - 2026-07-24 12:11:52 --> Session: Class initialized using 'CodeIgniter\Session\Handlers\DatabaseHandler' driver.
DEBUG - 2026-07-24 12:11:57 --> Session: Class initialized using 'CodeIgniter\Session\Handlers\DatabaseHandler' driver.
DEBUG - 2026-07-24 20:11:58 --> Session: Class initialized using 'CodeIgniter\Session\Handlers\DatabaseHandler' driver.
INFO - 2026-07-24 20:11:58 --> Reused existing invoice=52 estimate=54; no duplicate.
DEBUG - 2026-07-24 12:12:03 --> Session: Class initialized using 'CodeIgniter\Session\Handlers\DatabaseHandler' driver.
DEBUG - 2026-07-24 20:12:06 --> Session: Class initialized using 'CodeIgniter\Session\Handlers\DatabaseHandler' driver.
INFO - 2026-07-24 20:12:06 --> Reused existing invoice=54 estimate=55; no duplicate.
ERROR - 2026-07-24 20:12:06 --> Atomic estimate acceptance failed estimate=58: La cotización no contiene partidas; no se puede crear una venta vacía. APPPATH\Services\EstimateToInvoiceService.php:51
ERROR - 2026-07-24 20:12:06 --> Complete invoice creation failed: Object of class stdClass could not be converted to string SYSTEMPATH\Database\Query.php:339
DEBUG - 2026-07-24 12:12:09 --> Session: Class initialized using 'CodeIgniter\Session\Handlers\DatabaseHandler' driver.
DEBUG - 2026-07-24 20:12:13 --> Session: Class initialized using 'CodeIgniter\Session\Handlers\DatabaseHandler' driver.
DEBUG - 2026-07-24 20:12:13 --> Invoice list filters user=1 type=- status=- start=- end=- currency=- own_creator=0 own_client=0
DEBUG - 2026-07-24 20:12:13 --> Invoice list filters user=1 type=- status=- start=2026-07-01 end=2026-07-31 currency=- own_creator=0 own_client=0
DEBUG - 2026-07-24 12:12:15 --> Session: Class initialized using 'CodeIgniter\Session\Handlers\DatabaseHandler' driver.
DEBUG - 2026-07-24 20:12:20 --> Session: Class initialized using 'CodeIgniter\Session\Handlers\DatabaseHandler' driver.
DEBUG - 2026-07-24 12:12:21 --> Session: Class initialized using 'CodeIgniter\Session\Handlers\DatabaseHandler' driver.
DEBUG - 2026-07-24 12:12:27 --> Session: Class initialized using 'CodeIgniter\Session\Handlers\DatabaseHandler' driver.
DEBUG - 2026-07-24 20:12:27 --> Session: Class initialized using 'CodeIgniter\Session\Handlers\DatabaseHandler' driver.
WARNING - 2026-07-24 20:12:28 --> Fiscal item form rejected missing item id=99999999
ERROR - 2026-07-24 20:12:28 --> Fiscal item save failed item=1: RuntimeException No se permite seleccionar el mismo impuesto más de una vez. APPPATH\Controllers\Fiscal\ItemSettings.php:67
DEBUG - 2026-07-24 12:12:33 --> Session: Class initialized using 'CodeIgniter\Session\Handlers\DatabaseHandler' driver.
DEBUG - 2026-07-24 20:12:37 --> Session: Class initialized using 'CodeIgniter\Session\Handlers\DatabaseHandler' driver.
DEBUG - 2026-07-24 12:12:39 --> Session: Class initialized using 'CodeIgniter\Session\Handlers\DatabaseHandler' driver.
DEBUG - 2026-07-24 12:12:45 --> Session: Class initialized using 'CodeIgniter\Session\Handlers\DatabaseHandler' driver.
DEBUG - 2026-07-24 20:12:46 --> Session: Class initialized using 'CodeIgniter\Session\Handlers\DatabaseHandler' driver.
DEBUG - 2026-07-24 12:12:51 --> Session: Class initialized using 'CodeIgniter\Session\Handlers\DatabaseHandler' driver.
DEBUG - 2026-07-24 20:12:53 --> Session: Class initialized using 'CodeIgniter\Session\Handlers\DatabaseHandler' driver.
DEBUG - 2026-07-24 12:12:54 --> Session: Class initialized using 'CodeIgniter\Session\Handlers\DatabaseHandler' driver.
DEBUG - 2026-07-24 12:12:57 --> Session: Class initialized using 'CodeIgniter\Session\Handlers\DatabaseHandler' driver.
DEBUG - 2026-07-24 20:13:00 --> Session: Class initialized using 'CodeIgniter\Session\Handlers\DatabaseHandler' driver.
DEBUG - 2026-07-24 12:13:03 --> Session: Class initialized using 'CodeIgniter\Session\Handlers\DatabaseHandler' driver.
DEBUG - 2026-07-24 20:13:06 --> Session: Class initialized using 'CodeIgniter\Session\Handlers\DatabaseHandler' driver.
WARNING - 2026-07-24 20:13:06 --> Fiscal draft viewer requested a missing document id: 999999999.
WARNING - 2026-07-24 20:13:06 --> Fiscal draft not found.
WARNING - 2026-07-24 20:13:06 --> Fiscal draft viewer requested a missing document id: 52.
WARNING - 2026-07-24 20:13:06 --> Fiscal draft not found.
WARNING - 2026-07-24 20:13:06 --> Fiscal draft access denied.
DEBUG - 2026-07-24 12:13:09 --> Session: Class initialized using 'CodeIgniter\Session\Handlers\DatabaseHandler' driver.
DEBUG - 2026-07-24 20:13:13 --> Session: Class initialized using 'CodeIgniter\Session\Handlers\DatabaseHandler' driver.
DEBUG - 2026-07-24 12:13:15 --> Session: Class initialized using 'CodeIgniter\Session\Handlers\DatabaseHandler' driver.
DEBUG - 2026-07-24 20:13:20 --> Session: Class initialized using 'CodeIgniter\Session\Handlers\DatabaseHandler' driver.
DEBUG - 2026-07-24 12:13:21 --> Session: Class initialized using 'CodeIgniter\Session\Handlers\DatabaseHandler' driver.
DEBUG - 2026-07-24 12:13:27 --> Session: Class initialized using 'CodeIgniter\Session\Handlers\DatabaseHandler' driver.
DEBUG - 2026-07-24 12:13:33 --> Session: Class initialized using 'CodeIgniter\Session\Handlers\DatabaseHandler' driver.
DEBUG - 2026-07-24 12:13:39 --> Session: Class initialized using 'CodeIgniter\Session\Handlers\DatabaseHandler' driver.
DEBUG - 2026-07-24 12:13:45 --> Session: Class initialized using 'CodeIgniter\Session\Handlers\DatabaseHandler' driver.
DEBUG - 2026-07-24 12:13:51 --> Session: Class initialized using 'CodeIgniter\Session\Handlers\DatabaseHandler' driver.
DEBUG - 2026-07-24 12:13:55 --> Session: Class initialized using 'CodeIgniter\Session\Handlers\DatabaseHandler' driver.
DEBUG - 2026-07-24 12:13:57 --> Session: Class initialized using 'CodeIgniter\Session\Handlers\DatabaseHandler' driver.
DEBUG - 2026-07-24 12:14:03 --> Session: Class initialized using 'CodeIgniter\Session\Handlers\DatabaseHandler' driver.
DEBUG - 2026-07-24 12:14:10 --> Session: Class initialized using 'CodeIgniter\Session\Handlers\DatabaseHandler' driver.
DEBUG - 2026-07-24 12:14:15 --> Session: Class initialized using 'CodeIgniter\Session\Handlers\DatabaseHandler' driver.
DEBUG - 2026-07-24 12:14:21 --> Session: Class initialized using 'CodeIgniter\Session\Handlers\DatabaseHandler' driver.
DEBUG - 2026-07-24 12:14:27 --> Session: Class initialized using 'CodeIgniter\Session\Handlers\DatabaseHandler' driver.
DEBUG - 2026-07-24 12:14:33 --> Session: Class initialized using 'CodeIgniter\Session\Handlers\DatabaseHandler' driver.
DEBUG - 2026-07-24 12:14:39 --> Session: Class initialized using 'CodeIgniter\Session\Handlers\DatabaseHandler' driver.
DEBUG - 2026-07-24 12:14:45 --> Session: Class initialized using 'CodeIgniter\Session\Handlers\DatabaseHandler' driver.
DEBUG - 2026-07-24 12:14:52 --> Session: Class initialized using 'CodeIgniter\Session\Handlers\DatabaseHandler' driver.
DEBUG - 2026-07-24 12:14:56 --> Session: Class initialized using 'CodeIgniter\Session\Handlers\DatabaseHandler' driver.
DEBUG - 2026-07-24 12:14:57 --> Session: Class initialized using 'CodeIgniter\Session\Handlers\DatabaseHandler' driver.
DEBUG - 2026-07-24 12:15:03 --> Session: Class initialized using 'CodeIgniter\Session\Handlers\DatabaseHandler' driver.
DEBUG - 2026-07-24 12:15:09 --> Session: Class initialized using 'CodeIgniter\Session\Handlers\DatabaseHandler' driver.
DEBUG - 2026-07-24 12:15:15 --> Session: Class initialized using 'CodeIgniter\Session\Handlers\DatabaseHandler' driver.
DEBUG - 2026-07-24 12:15:21 --> Session: Class initialized using 'CodeIgniter\Session\Handlers\DatabaseHandler' driver.
DEBUG - 2026-07-24 12:15:27 --> Session: Class initialized using 'CodeIgniter\Session\Handlers\DatabaseHandler' driver.
DEBUG - 2026-07-24 12:15:33 --> Session: Class initialized using 'CodeIgniter\Session\Handlers\DatabaseHandler' driver.
DEBUG - 2026-07-24 12:15:39 --> Session: Class initialized using 'CodeIgniter\Session\Handlers\DatabaseHandler' driver.
DEBUG - 2026-07-24 12:15:45 --> Session: Class initialized using 'CodeIgniter\Session\Handlers\DatabaseHandler' driver.
DEBUG - 2026-07-24 12:15:51 --> Session: Class initialized using 'CodeIgniter\Session\Handlers\DatabaseHandler' driver.
DEBUG - 2026-07-24 12:15:57 --> Session: Class initialized using 'CodeIgniter\Session\Handlers\DatabaseHandler' driver.
DEBUG - 2026-07-24 12:15:58 --> Session: Class initialized using 'CodeIgniter\Session\Handlers\DatabaseHandler' driver.
DEBUG - 2026-07-24 12:16:03 --> Session: Class initialized using 'CodeIgniter\Session\Handlers\DatabaseHandler' driver.
